"CrashFactId","Name","MinorInjuries","ModerateInjuries","SevereInjuries","FatalInjuries","TcrNumber","CityDamageFlag","ShortFormFlag","Distance","CrashDateTime","PedestrianAction","RoadwaySurface","RoadwayCondition","Lighting","PrimaryCollisionFactor","TrafficControl","Weather","CollisionType","ProximityToIntersection","VehicleInvolvedWith","PedestrianDirectionFrom","PedestrianDirectionTo","DirectionFromIntersection","Comment"
"650304","CR-0000085452","0","0","0","0","21-012-0561","False","False","0","1/12/2021 3:34:00 PM","No Pedestrians Involved","Dry","No Unusual Conditions","Daylight","Violation Driver 1","Controls Functioning","Clear","Head On","Intersection","Other Vehicle","Not Applicable","Not Applicable","At",""
"650337","CR-0000085455","0","0","0","0","21-013-0100","False","False","0","1/13/2021 4:27:00 AM","No Pedestrians Involved","Dry","No Unusual Conditions","Dark - Street Light","Violation Driver 1","Controls Functioning","Clear","Broadside","Intersection","Other Vehicle","Not Applicable","Not Applicable","At",""
"650338","CR-0000085459","0","0","0","0","21-013-0455","False","False","93","1/13/2021 12:51:00 PM","No Pedestrians Involved","Dry","No Unusual Conditions","Daylight","Violation Driver 1","Controls Functioning","Clear","Hit Object","Non-Related","Fixed Object","Not Applicable","Not Applicable","East Of","Light pole"
"650353","CR-0000085461","0","0","0","0","21-013-0620","False","False","229","1/13/2021 3:30:00 PM","No Pedestrians Involved","Dry","No Unusual Conditions","Daylight","Violation Driver 1","Controls Functioning","Clear","Rear End","Non-Related","Other Vehicle","Not Applicable","Not Applicable","South Of",""
"650354","CR-0000085463","0","0","0","0","21-013-0758","False","False","300","1/13/2021 6:31:00 PM","No Pedestrians Involved","Dry","No Unusual Conditions","Dark - Street Light","Violation Driver 1","No Controls Present/Factor","Clear","Hit Object","Non-Related","Fixed Object","Not Applicable","Not Applicable","East Of","Fire hydrant"
"650355","CR-0000085465","0","0","0","0","21-013-0855","False","False","","1/13/2021 8:25:00 PM","No Pedestrians Involved","Dry","No Unusual Conditions","Dark - Street Light","Violation Driver 1","No Controls Present/Factor","Clear","Sideswipe","Related","Other Vehicle","Not Applicable","Not Applicable","North Of",""
"650356","CR-0000085469","0","0","1","0","21-014-0659","False","False","0","1/14/2021 5:04:00 PM","No Pedestrians Involved","Dry","No Unusual Conditions","Daylight","Violation Driver 1","Controls Functioning","Clear","Broadside","Intersection","Motorcycle","Not Applicable","Not Applicable","At",""
"650357","CR-0000085470","0","0","0","0","21-014-0682","False","False","0","1/14/2021 5:30:00 PM","No Pedestrians Involved","Dry","No Unusual Conditions","Daylight","Violation Driver 1","No Controls Present/Factor","Clear","Other","Intersection","Parked Vehicle","Not Applicable","Not Applicable","At",""
"650358","CR-0000085474","1","0","0","0","21-014-0549","False","False","915","1/14/2021 3:09:00 PM","No Pedestrians Involved","Dry","No Unusual Conditions","Daylight","Violation Driver 1","No Controls Present/Factor","Clear","Sideswipe","Non-Related","Other Vehicle","Not Applicable","Not Applicable","East Of",""
"650359","CR-0000085480","1","0","0","0","21-015-0398","False","False","0","1/15/2021 12:23:00 PM","No Pedestrians Involved","Dry","No Unusual Conditions","Daylight","Violation Driver 1","Controls Functioning","Clear","Broadside","Intersection","Other Vehicle","Not Applicable","Not Applicable","At",""
"650370","CR-0000085454","0","0","0","0","21-013-0036","True","False","80","1/13/2021 12:59:00 AM","No Pedestrians Involved","Dry","No Unusual Conditions","Dark - Street Light","Violation Driver 1","No Controls Present/Factor","Clear","Hit Object","Non-Related","Fixed Object","Not Applicable","Not Applicable","East Of","Tree, Center median"
"650371","CR-0000085456","0","1","0","0","21-013-0129","False","False","243","1/13/2021 6:47:00 AM","No Pedestrians Involved","Dry","No Unusual Conditions","Dark - Street Light","Violation Driver 1","Controls Functioning","Clear","Hit Object","Non-Related","Fixed Object","Not Applicable","Not Applicable","South Of","PG&E pole"
"650372","CR-0000085464","1","0","0","0","21-013-0811","False","False","0","1/13/2021 7:16:00 PM","No Pedestrians Involved","Dry","No Unusual Conditions","Dark - Street Light","Violation Driver 1","Controls Functioning","Clear","Broadside","Intersection","Other Vehicle","Not Applicable","Not Applicable","At",""
"650373","CR-0000085466","0","0","1","0","21-013-0857","False","False","335","1/13/2021 8:30:00 PM","No Pedestrians Involved","Dry","No Unusual Conditions","Dark - Street Light","Bike At Fault","No Controls Present/Factor","Clear","Vehicle/Bike","Non-Related","Bike","Not Applicable","Not Applicable","West Of",""
"650375","CR-0000085479","0","1","0","0","21-015-0261","False","False","51","1/15/2021 9:51:00 AM","No Pedestrians Involved","Wet","No Unusual Conditions","Daylight","Violation Driver 1","No Controls Present/Factor","Clear","Vehicle/Bike","Non-Related","Bike","Not Applicable","Not Applicable","North Of",""
"650376","CR-0000085481","0","2","0","0","21-015-0399","False","False","0","1/15/2021 12:24:00 PM","No Pedestrians Involved","Dry","No Unusual Conditions","Daylight","Violation Driver 1","Controls Functioning","Clear","Broadside","Intersection","Other Vehicle","Not Applicable","Not Applicable","At",""
"650377","CR-0000085483","0","0","0","0","21-015-0822","False","False","0","1/15/2021 7:45:00 PM","No Pedestrians Involved","Dry","No Unusual Conditions","Dark - Street Light","Violation Driver 1","Controls Functioning","Unknown","Hit Object","Intersection","Fixed Object","Not Applicable","Not Applicable","At","Fire hydrant"
"650378","CR-0000085485","0","0","1","0","21-015-0054","True","False","56","1/15/2021 1:38:00 AM","No Pedestrians Involved","Dry","No Unusual Conditions","Dark - Street Light","Violation Driver 1","Controls Functioning","Clear","Hit Object","Non-Related","Fixed Object","Not Applicable","Not Applicable","West Of","Tree"
"650379","CR-0000085489","1","2","0","0","21-016-0114","True","False","0","1/16/2021 3:34:00 AM","No Pedestrians Involved","Dry","No Unusual Conditions","Dark - Street Light","Violation Driver 1","Controls Functioning","Clear","Hit Object","Intersection","Fixed Object","Not Applicable","Not Applicable","At","Light pole"
"650380","CR-0000085492","0","0","0","0","21-017-0242","False","False","23","1/17/2021 9:22:00 AM","No Pedestrians Involved","Dry","No Unusual Conditions","Daylight","Violation Driver 1","Controls Functioning","Clear","Broadside","Related","Parked Vehicle","Not Applicable","Not Applicable","North Of",""
"650381","CR-0000085477","0","0","0","0","21-015-9701","False","True","","1/14/2021 8:30:00 AM","No Pedestrians Involved","Dry","No Unusual Conditions","Daylight","Unknown","Controls Functioning","Clear","Rear End","Related","Other Vehicle","Not Applicable","Not Applicable","North Of",""
"650382","CR-0000085478","0","0","0","0","21-015-0203","False","False","230","1/15/2021 8:30:00 AM","No Pedestrians Involved","Dry","No Unusual Conditions","Daylight","Violation Driver 1","No Controls Present/Factor","Clear","Head On","Non-Related","Other Vehicle","Not Applicable","Not Applicable","West Of",""
"650383","CR-0000085482","0","0","0","0","21-015-0508","False","False","0","1/15/2021 2:29:00 PM","No Pedestrians Involved","Dry","No Unusual Conditions","Daylight","Violation Driver 1","Controls Functioning","Clear","Broadside","Intersection","Other Vehicle","Not Applicable","Not Applicable","At",""
"650388","CR-0000085497","0","0","1","0","21-017-0672","False","False","600","1/17/2021 6:53:00 PM","Crossing - Not In Crosswalk","Dry","No Unusual Conditions","Dark - Street Light","Pedestrian At Fault","No Controls Present/Factor","Clear","Vehicle/Pedestrian","Non-Related","Pedestrian","West","East","North Of",""
"650389","CR-0000085500","0","0","0","0","21-029-4001","False","True","","1/18/2021 6:25:00 PM","No Pedestrians Involved","Unknown","Unknown","Dusk - Dawn","Unknown","Unknown","Unknown","Sideswipe","Related","Parked Vehicle","Not Applicable","Not Applicable","North Of",""
"650390","CR-0000085502","0","0","0","0","21-018-0031","False","False","51","1/18/2021 12:44:00 AM","No Pedestrians Involved","Dry","No Unusual Conditions","Dark - Street Light","Violation Driver 1","Controls Functioning","Clear","Sideswipe","Non-Related","Parked Vehicle","Not Applicable","Not Applicable","South Of",""
"650391","CR-0000085504","1","0","0","0","21-018-0531","False","False","0","1/18/2021 2:26:00 PM","No Pedestrians Involved","Dry","No Unusual Conditions","Daylight","Violation Driver 1","Controls Functioning","Clear","Rear End","Intersection","Other Vehicle","Not Applicable","Not Applicable","At",""
"650392","CR-0000085512","1","0","0","0","21-019-0268","False","False","51","1/19/2021 9:14:00 AM","No Pedestrians Involved","Dry","No Unusual Conditions","Daylight","Violation Driver 1","Controls Functioning","Clear","Broadside","Non-Related","Other Vehicle","Not Applicable","Not Applicable","East Of",""
"650393","CR-0000085514","1","0","0","0","21-019-0666","False","False","63","1/19/2021 4:36:00 PM","No Pedestrians Involved","Dry","No Unusual Conditions","Daylight","Violation Driver 1","Controls Functioning","Clear","Rear End","Non-Related","Other Vehicle","Not Applicable","Not Applicable","West Of",""
"650394","CR-0000085519","1","1","0","0","21-020-0462","False","False","88","1/2/2021 1:25:00 PM","No Pedestrians Involved","Dry","No Unusual Conditions","Daylight","Violation Driver 1","No Controls Present/Factor","Clear","Rear End","Non-Related","Parked Vehicle","Not Applicable","Not Applicable","South Of",""
"650399","CR-0000085487","0","0","0","0","21-016-0102","True","False","0","1/16/2021 2:55:00 AM","No Pedestrians Involved","Dry","No Unusual Conditions","Dark - Street Light","Violation Driver 1","Controls Functioning","Clear","Hit Object","Intersection","Fixed Object","Not Applicable","Not Applicable","At","Island median, concrete sign"
"650400","CR-0000085490","0","0","0","0","21-016-0270","False","False","180","1/16/2021 9:57:00 AM","No Pedestrians Involved","Dry","No Unusual Conditions","Daylight","Violation Driver 1","No Controls Present/Factor","Clear","Sideswipe","Non-Related","Other Vehicle","Not Applicable","Not Applicable","North Of",""
"650401","CR-0000085498","0","0","0","0","21-017-0795","False","False","145","1/17/2021 9:28:00 PM","No Pedestrians Involved","Dry","No Unusual Conditions","Dark - Street Light","Violation Driver 1","No Controls Present/Factor","Clear","Rear End","Non-Related","Parked Vehicle","Not Applicable","Not Applicable","North Of",""
"650402","CR-0000085525","0","0","0","0","21-021-0360","False","False","0","1/21/2021 12:37:00 PM","No Pedestrians Involved","Dry","No Unusual Conditions","Daylight","Violation Driver 1","No Controls Present/Factor","Clear","Broadside","Intersection","Other Vehicle","Not Applicable","Not Applicable","At",""
"650409","CR-0000085501","1","0","0","0","21-018-0021","False","False","0","1/18/2021 12:23:00 AM","No Pedestrians Involved","Dry","No Unusual Conditions","Dark - Street Light","Violation Driver 2","Controls Functioning","Clear","Broadside","Intersection","Other Vehicle","Not Applicable","Not Applicable","At",""
"650410","CR-0000085503","0","1","0","0","21-018-0057","True","False","0","1/18/2021 1:38:00 AM","No Pedestrians Involved","Dry","No Unusual Conditions","Dark - Street Light","Violation Driver 1","No Controls Present/Factor","Clear","Hit Object","Intersection","Fixed Object","Not Applicable","Not Applicable","At","Median island"
"650411","CR-0000085507","0","0","0","0","21-018-0780","False","False","0","1/18/2021 7:04:00 PM","No Pedestrians Involved","Dry","No Unusual Conditions","Dark - Street Light","Violation Driver 1","No Controls Present/Factor","Clear","Rear End","Intersection","Other Vehicle","Not Applicable","Not Applicable","At",""
"650412","CR-0000085508","0","0","0","0","21-018-0922","True","False","123","1/18/2021 10:30:00 PM","No Pedestrians Involved","Dry","No Unusual Conditions","Dark - Street Light","Other Than Driver","Controls Functioning","Wind","Hit Object","Non-Related","Fixed Object","Not Applicable","Not Applicable","South Of","Tree. Wind blew a tree on to the road"
"650413","CR-0000085510","0","0","0","0","21-019-4002","False","True","51","1/19/2021 10:30:00 PM","No Pedestrians Involved","Unknown","Unknown","Unknown","Unknown","Unknown","Unknown","Other","Non-Related","Parked Vehicle","Not Applicable","Not Applicable","East Of",""
"650414","CR-0000085511","0","1","0","0","21-019-0230","False","False","17","1/19/2021 8:29:00 AM","No Pedestrians Involved","Dry","No Unusual Conditions","Daylight","Violation Driver 1","Controls Functioning","Clear","Rear End","Related","Other Vehicle","Not Applicable","Not Applicable","North Of",""
"650415","CR-0000085513","0","1","0","0","21-019-0522","True","False","656","1/19/2021 1:42:00 PM","No Pedestrians Involved","Dry","No Unusual Conditions","Daylight","Violation Driver 1","No Controls Present/Factor","Clear","Hit Object","Non-Related","Fixed Object","Not Applicable","Not Applicable","South Of","Light pole"
"650416","CR-0000085517","0","0","0","0","21-020-0265","False","False","380","1/20/2021 10:46:00 AM","No Pedestrians Involved","Dry","No Unusual Conditions","Daylight","Violation Driver 1","No Controls Present/Factor","Clear","Hit Object","Non-Related","Fixed Object","Not Applicable","Not Applicable","North Of","Wooden fence"
"650417","CR-0000085518","0","0","0","0","21-020-0412","False","False","250","1/20/2021 12:33:00 PM","No Pedestrians Involved","Dry","No Unusual Conditions","Daylight","Violation Driver 2","No Controls Present/Factor","Clear","Sideswipe","Non-Related","Motor Vehicle On Other Roadway","Not Applicable","Not Applicable","East Of",""
"650418","CR-0000085520","1","0","0","0","21-020-0858","True","False","322","1/20/2021 9:24:00 PM","No Pedestrians Involved","Dry","No Unusual Conditions","Dark - Street Light","Violation Driver 1","No Controls Present/Factor","Clear","Rear End","Non-Related","Other Vehicle","Not Applicable","Not Applicable","North Of","Light pole"
"650419","CR-0000085522","0","0","0","0","21-021-4000","False","True","0","1/21/2021 12:40:00 PM","No Pedestrians Involved","Unknown","Unknown","Daylight","Unknown","Unknown","Unknown","Sideswipe","Intersection","Other Vehicle","Not Applicable","Not Applicable","At",""
"650430","CR-0000085488","0","0","0","0","21-016-0702","False","False","0","1/16/2021 6:25:00 PM","No Pedestrians Involved","Dry","Unknown","Dark - Street Light","Violation Driver 1","Controls Functioning","Unknown","Broadside","Intersection","Other Vehicle","Not Applicable","Not Applicable","At",""
"650431","CR-0000085493","0","0","0","0","21-017-0251","False","False","326","1/17/2021 9:40:00 AM","No Pedestrians Involved","Dry","No Unusual Conditions","Daylight","Violation Driver 1","Controls Functioning","Clear","Head On","Non-Related","Parked Vehicle","Not Applicable","Not Applicable","West Of",""
"650432","CR-0000085494","1","0","1","0","21-017-0317","False","False","0","1/17/2021 11:10:00 AM","No Pedestrians Involved","Dry","No Unusual Conditions","Daylight","Violation Driver 1","Controls Functioning","Clear","Sideswipe","Intersection","Other Vehicle","Not Applicable","Not Applicable","At",""
"650433","CR-0000085495","1","0","0","0","21-017-0435","False","False","38","1/17/2021 1:41:00 PM","No Pedestrians Involved","Dry","No Unusual Conditions","Dusk - Dawn","Violation Driver 1","Controls Functioning","Clear","Rear End","Related","Other Vehicle","Not Applicable","Not Applicable","East Of",""
"650434","CR-0000085496","2","1","2","0","21-017-0650","False","False","0","1/17/2021 6:29:00 PM","No Pedestrians Involved","Dry","No Unusual Conditions","Dark - No Street Light","Violation Driver 1","Controls Functioning","Clear","Sideswipe","Intersection","Other Vehicle","Not Applicable","Not Applicable","At",""
"650478","CR-0000085457","2","0","0","0","21-013-0394","False","False","400","1/13/2021 11:44:00 AM","No Pedestrians Involved","Dry","No Unusual Conditions","Daylight","Violation Driver 1","No Controls Present/Factor","Clear","Rear End","Non-Related","Other Vehicle","Not Applicable","Not Applicable","East Of",""
"650479","CR-0000085462","0","0","0","0","21-013-0695","False","False","51","1/13/2021 5:07:00 PM","No Pedestrians Involved","Dry","No Unusual Conditions","Dusk - Dawn","Violation Driver 1","Controls Functioning","Clear","Rear End","Non-Related","Other Vehicle","Not Applicable","Not Applicable","North Of",""
"650480","CR-0000085467","0","0","1","0","21-013-0886","False","False","30","1/13/2021 9:24:00 PM","No Pedestrians Involved","Dry","No Unusual Conditions","Dark - Street Light","Violation Driver 1","No Controls Present/Factor","Clear","Rear End","Related","Motorcycle","Not Applicable","Not Applicable","East Of",""
"650481","CR-0000085471","0","1","0","0","21-014-0312","False","False","0","1/14/2021 10:51:00 AM","No Pedestrians Involved","Dry","No Unusual Conditions","Daylight","Violation Driver 1","Controls Functioning","Clear","Broadside","Intersection","Other Vehicle","Not Applicable","Not Applicable","At",""
"650482","CR-0000085473","2","0","0","0","21-014-0329","False","False","51","1/14/2021 11:27:00 AM","No Pedestrians Involved","Dry","No Unusual Conditions","Daylight","Violation Driver 1","No Controls Present/Factor","Clear","Sideswipe","Non-Related","Other Vehicle","Not Applicable","Not Applicable","West Of",""
"650483","CR-0000085475","0","0","0","0","21-014-0574","False","False","","1/14/2021 3:35:00 PM","No Pedestrians Involved","Dry","No Unusual Conditions","Daylight","Violation Driver 1","Controls Functioning","Clear","Sideswipe","Related","Other Vehicle","Not Applicable","Not Applicable","South Of",""
"650484","CR-0000085476","0","0","0","0","21-014-0609","False","False","184","1/14/2021 4:10:00 PM","No Pedestrians Involved","Dry","No Unusual Conditions","Daylight","Violation Driver 1","Controls Functioning","Clear","Broadside","Non-Related","Parked Vehicle","Not Applicable","Not Applicable","North Of",""
"650501","CR-0000085484","0","0","0","0","21-016-0261","True","False","30","1/15/2021 8:00:00 PM","No Pedestrians Involved","Dry","No Unusual Conditions","Dark - Street Light","Violation Driver 1","No Controls Present/Factor","Clear","Hit Object","Related","Fixed Object","Not Applicable","Not Applicable","South Of",""
"650502","CR-0000085486","0","0","0","0","21-015-0493","False","False","75","1/15/2021 2:09:00 PM","No Pedestrians Involved","Dry","No Unusual Conditions","Daylight","Violation Driver 1","No Controls Present/Factor","Clear","Hit Object","Non-Related","Fixed Object","Not Applicable","Not Applicable","West Of","Wall"
"650503","CR-0000085491","1","0","0","0","21-016-0808","False","False","0","1/16/2021 8:24:00 PM","No Pedestrians Involved","Dry","No Unusual Conditions","Dark - Street Light","Bike At Fault","No Controls Present/Factor","Clear","Vehicle/Bike","Intersection","Bike","Not Applicable","Not Applicable","At",""
"650504","CR-0000085499","0","0","0","0","21-018-4000","False","True","","1/17/2021 8:00:00 PM","No Pedestrians Involved","Unknown","Unknown","Unknown","Unknown","Unknown","Unknown","Sideswipe","Related","Parked Vehicle","Not Applicable","Not Applicable","South Of",""
"650505","CR-0000085505","0","0","0","0","21-018-0674","False","False","0","1/18/2021 5:08:00 PM","No Pedestrians Involved","Dry","No Unusual Conditions","Daylight","Violation Driver 1","No Controls Present/Factor","Clear","Broadside","Intersection","Other Vehicle","Not Applicable","Not Applicable","At",""
"650506","CR-0000085515","0","0","0","0","21-020-0106","True","False","18","1/20/2021 5:25:00 AM","No Pedestrians Involved","Dry","No Unusual Conditions","Dark - Street Light","Violation Driver 1","Controls Functioning","Clear","Hit Object","Related","Fixed Object","Not Applicable","Not Applicable","South Of",""
"650520","CR-0000085524","0","0","0","0","21-021-0167","False","False","315","1/21/2021 8:12:00 AM","No Pedestrians Involved","Dry","No Unusual Conditions","Dark - Street Light","Violation Driver 1","No Controls Present/Factor","Clear","Sideswipe","Non-Related","Other Vehicle","Not Applicable","Not Applicable","East Of",""
"650528","CR-0000085529","0","0","1","0","21-021-0656","False","False","66","1/21/2021 6:17:00 PM","No Pedestrians Involved","Dry","No Unusual Conditions","Dark - Street Light","Violation Driver 1","Controls Functioning","Clear","Vehicle/Bike","Non-Related","Scooter Motorized","Not Applicable","Not Applicable","North Of","Bicyclist evaluated for possible brain trauma"
"650529","CR-0000085535","0","0","0","0","21-022-0403","False","False","45","1/22/2021 1:10:00 PM","No Pedestrians Involved","Wet","No Unusual Conditions","Daylight","Violation Driver 1","Controls Functioning","Cloudy","Rear End","Related","Parked Vehicle","Not Applicable","Not Applicable","North Of",""
"650530","CR-0000085539","0","1","0","0","21-013-0661","False","False","0","1/13/2021 4:23:00 PM","No Pedestrians Involved","Dry","No Unusual Conditions","Daylight","Violation Driver 1","Controls Functioning","Clear","Vehicle/Bike","Intersection","Bike","Not Applicable","Not Applicable","At",""
"650531","CR-0000085540","1","0","0","0","21-018-0406","False","False","0","1/18/2021 12:08:00 PM","No Pedestrians Involved","Dry","No Unusual Conditions","Daylight","Violation Driver 1","No Controls Present/Factor","Clear","Head On","Intersection","Motorcycle","Not Applicable","Not Applicable","At",""
"650532","CR-0000085541","0","0","0","0","21-019-0464","False","False","51","1/19/2021 12:40:00 PM","No Pedestrians Involved","Dry","No Unusual Conditions","Daylight","Unknown","No Controls Present/Factor","Clear","Rear End","Non-Related","Other Vehicle","Not Applicable","Not Applicable","East Of",""
"650533","CR-0000085542","0","1","0","0","21-020-0662","False","False","0","1/20/2021 5:00:00 PM","No Pedestrians Involved","Dry","No Unusual Conditions","Dusk - Dawn","Bike At Fault","Controls Functioning","Clear","Vehicle/Bike","Intersection","Bike","Not Applicable","Not Applicable","At",""
"650592","CR-0000085506","0","1","0","0","21-018-0681","False","False","580","1/18/2021 5:13:00 PM","No Pedestrians Involved","Dry","No Unusual Conditions","Daylight","Violation Driver 1","No Controls Present/Factor","Clear","Vehicle/Bike","Non-Related","Bike","Not Applicable","Not Applicable","West Of",""
"650593","CR-0000085516","0","0","0","0","21-020-0153","False","False","22","1/20/2021 7:17:00 AM","No Pedestrians Involved","Dry","No Unusual Conditions","Daylight","Violation Driver 1","Controls Functioning","Clear","Hit Object","Related","Fixed Object","Not Applicable","Not Applicable","South Of","Fire hydrant"
"650594","CR-0000085521","0","0","0","0","21-021-4001","False","True","","1/21/2021 3:00:00 PM","No Pedestrians Involved","Unknown","Unknown","Daylight","Unknown","Unknown","Unknown","Hit Object","Related","Fixed Object","Not Applicable","Not Applicable","South Of","Curb, fence"
"650595","CR-0000085523","0","0","0","0","21-022-4003","False","True","51","1/21/2021 6:15:00 PM","No Pedestrians Involved","Unknown","Unknown","Dusk - Dawn","Unknown","Unknown","Unknown","Broadside","Non-Related","Other Vehicle","Not Applicable","Not Applicable","West Of",""
"650596","CR-0000085527","2","0","0","0","21-021-0606","False","False","51","1/21/2021 5:25:00 PM","No Pedestrians Involved","Dry","No Unusual Conditions","Dusk - Dawn","Violation Driver 1","Unknown","Clear","Broadside","Non-Related","Motor Vehicle On Other Roadway","Not Applicable","Not Applicable","West Of",""
"650597","CR-0000085528","0","0","1","0","21-021-0738","False","False","0","1/21/2021 5:40:00 PM","No Pedestrians Involved","Unknown","Unknown","Dusk - Dawn","Bike At Fault","Controls Functioning","Unknown","Vehicle/Bike","Intersection","Bike","Not Applicable","Not Applicable","At",""
"650598","CR-0000085530","0","0","0","0","21-022-4000","False","True","","1/22/2021 10:00:00 AM","No Pedestrians Involved","Unknown","Unknown","Daylight","Unknown","Unknown","Unknown","Rear End","Related","Parked Vehicle","Not Applicable","Not Applicable","West Of",""
"650599","CR-0000085532","0","0","0","0","21-023-4002","False","True","","1/22/2021 10:00:00 PM","No Pedestrians Involved","Unknown","Unknown","Unknown","Unknown","Unknown","Unknown","Rear End","Related","Parked Vehicle","Not Applicable","Not Applicable","North Of",""
"650620","CR-0000085536","0","0","0","0","21-022-0552","True","False","93","1/22/2021 4:21:00 PM","No Pedestrians Involved","Wet","No Unusual Conditions","Daylight","Violation Driver 1","No Controls Present/Factor","Cloudy","Hit Object","Non-Related","Fixed Object","Not Applicable","Not Applicable","South Of",""
"650623","CR-0000085543","0","1","0","0","21-020-0068","False","False","0","1/20/2021 3:00:00 AM","No Pedestrians Involved","Dry","No Unusual Conditions","Dark - Street Light","Violation Driver 1","Controls Functioning","Clear","Broadside","Intersection","Other Vehicle","Not Applicable","Not Applicable","At",""
"650624","CR-0000085547","0","1","0","0","21-021-0798","False","False","0","1/21/2021 9:38:00 PM","No Pedestrians Involved","Dry","No Unusual Conditions","Dark - Street Light","Violation Driver 1","Controls Functioning","Clear","Broadside","Intersection","Other Vehicle","Not Applicable","Not Applicable","At",""
"650625","CR-0000085548","2","0","0","0","21-022-0329","False","False","0","1/22/2021 11:15:00 AM","No Pedestrians Involved","Wet","No Unusual Conditions","Daylight","Violation Driver 1","Controls Functioning","Rain","Broadside","Intersection","Other Vehicle","Not Applicable","Not Applicable","At",""
"650626","CR-0000085556","0","0","0","0","21-023-0159","False","False","100","1/23/2021 6:00:00 AM","No Pedestrians Involved","Wet","No Unusual Conditions","Dark - Street Light","Violation Driver 1","No Controls Present/Factor","Clear","Rear End","Non-Related","Parked Vehicle","Not Applicable","Not Applicable","North Of",""
"650627","CR-0000085566","0","0","0","0","21-023-4001","False","True","51","1/23/2021 10:45:00 AM","No Pedestrians Involved","Unknown","Unknown","Daylight","Unknown","Unknown","Unknown","Head On","Non-Related","Parked Vehicle","Not Applicable","Not Applicable","South Of",""
"650638","CR-0000085533","0","0","0","0","21-022-0021","False","False","92","1/22/2021 12:36:00 AM","No Pedestrians Involved","Dry","No Unusual Conditions","Dark - Street Light","Violation Driver 1","Controls Functioning","Cloudy","Head On","Non-Related","Parked Vehicle","Not Applicable","Not Applicable","West Of",""
"650639","CR-0000085534","0","0","0","0","21-022-0049","False","False","180","1/22/2021 1:53:00 AM","No Pedestrians Involved","Dry","No Unusual Conditions","Dark - No Street Light","Violation Driver 1","No Controls Present/Factor","Clear","Rear End","Non-Related","Parked Vehicle","Not Applicable","Not Applicable","North Of",""
"650640","CR-0000085537","0","1","0","0","21-009-0358","False","False","0","1/9/2021 11:38:00 AM","No Pedestrians Involved","Dry","No Unusual Conditions","Daylight","Violation Driver 1","Controls Functioning","Clear","Sideswipe","Intersection","Other Vehicle","Not Applicable","Not Applicable","At",""
"650641","CR-0000085538","0","0","0","0","21-013-0592","False","False","0","1/13/2021 3:10:00 PM","No Pedestrians Involved","Dry","Obstruction On Roadway","Daylight","Unknown","Controls Functioning","Clear","Broadside","Intersection","Other Vehicle","Not Applicable","Not Applicable","At",""
"650642","CR-0000085526","1","0","0","0","21-021-0545","False","False","0","1/21/2021 4:17:00 PM","No Pedestrians Involved","Dry","No Unusual Conditions","Dusk - Dawn","Violation Driver 1","No Controls Present/Factor","Cloudy","Sideswipe","Intersection","Other Vehicle","Not Applicable","Not Applicable","At",""
"650649","CR-0000085546","0","0","0","0","21-021-0337","False","False","69","1/21/2021 11:50:00 AM","No Pedestrians Involved","Dry","No Unusual Conditions","Daylight","Unknown","No Controls Present/Factor","Clear","Sideswipe","Non-Related","Other Vehicle","Not Applicable","Not Applicable","East Of",""
"650650","CR-0000085555","0","0","0","0","21-022-0772","False","False","60","1/22/2021 8:59:00 PM","No Pedestrians Involved","Dry","No Unusual Conditions","Dark - Street Light","Violation Driver 1","No Controls Present/Factor","Clear","Broadside","Non-Related","Other Vehicle","Not Applicable","Not Applicable","South Of",""
"650651","CR-0000085559","0","0","0","0","21-023-0359","False","False","","1/23/2021 11:40:00 AM","No Pedestrians Involved","Dry","No Unusual Conditions","Daylight","Violation Driver 1","Controls Functioning","Clear","Sideswipe","Related","Other Vehicle","Not Applicable","Not Applicable","East Of",""
"650670","CR-0000085571","0","0","0","0","21-024-0292","False","False","0","1/24/2021 10:30:00 AM","No Pedestrians Involved","Dry","No Unusual Conditions","Daylight","Violation Driver 1","Controls Functioning","Clear","Broadside","Intersection","Other Vehicle","Not Applicable","Not Applicable","At",""
"650671","CR-0000085573","0","0","0","0","21-024-0544","True","False","1040","1/24/2021 5:09:00 PM","No Pedestrians Involved","Wet","No Unusual Conditions","Daylight","Violation Driver 1","No Controls Present/Factor","Rain","Hit Object","Non-Related","Fixed Object","Not Applicable","Not Applicable","North Of","Tree"
"650680","CR-0000085577","0","0","0","0","21-024-4003","False","True","0","1/24/2021 9:20:00 AM","No Pedestrians Involved","Unknown","Unknown","Daylight","Unknown","Unknown","Unknown","Rear End","Intersection","Other Vehicle","Not Applicable","Not Applicable","At",""
"650681","CR-0000085578","0","0","0","0","21-024-4004","False","True","51","1/24/2021 3:10:00 PM","No Pedestrians Involved","Unknown","Unknown","Daylight","Unknown","Unknown","Unknown","Rear End","Non-Related","Parked Vehicle","Not Applicable","Not Applicable","West Of",""
"650682","CR-0000085580","0","0","0","0","21-024-4000","False","True","","1/24/2021 12:00:00 AM","No Pedestrians Involved","Unknown","Unknown","Unknown","Unknown","Unknown","Unknown","Rear End","Related","Other Vehicle","Not Applicable","Not Applicable","West Of",""