"CrashFactId","Name","MinorInjuries","ModerateInjuries","SevereInjuries","FatalInjuries","TcrNumber","CityDamageFlag","ShortFormFlag","Distance","CrashDateTime","PedestrianAction","RoadwaySurface","RoadwayCondition","Lighting","PrimaryCollisionFactor","TrafficControl","Weather","CollisionType","ProximityToIntersection","VehicleInvolvedWith","PedestrianDirectionFrom","PedestrianDirectionTo","DirectionFromIntersection","Comment"
"650970","CR-0000085635","1","0","0","0","21-029-0826","True","False","0","1/29/2021 8:30:00 PM","No Pedestrians Involved","Dry","No Unusual Conditions","Dark - Street Light","Violation Driver 1","Controls Functioning","Clear","Hit Object","Intersection","Fixed Object","Not Applicable","Not Applicable","At",""
"650971","CR-0000085637","0","0","0","0","21-029-1037","True","False","19","1/29/2021 11:47:00 PM","No Pedestrians Involved","Dry","No Unusual Conditions","Dark - Street Light","Violation Driver 1","Controls Functioning","Clear","Hit Object","Related","Fixed Object","Not Applicable","Not Applicable","East Of","Traffic signal"
"650972","CR-0000085640","0","0","0","0","21-030-0168","False","False","90","1/30/2021 4:34:00 AM","No Pedestrians Involved","Dry","No Unusual Conditions","Dark - Street Light","Violation Driver 1","No Controls Present/Factor","Clear","Sideswipe","Non-Related","Parked Vehicle","Not Applicable","Not Applicable","North Of",""
"650973","CR-0000085642","0","1","0","0","21-030-0362","True","False","0","1/30/2021 11:24:00 AM","No Pedestrians Involved","Dry","No Unusual Conditions","Daylight","Violation Driver 1","No Controls Present/Factor","Clear","Hit Object","Intersection","Fixed Object","Not Applicable","Not Applicable","At","Metal pole"
"650974","CR-0000085646","1","0","0","0","21-030-0695","False","False","0","1/30/2021 5:55:00 PM","No Pedestrians Involved","Dry","No Unusual Conditions","Dark - Street Light","Violation Driver 1","No Controls Present/Factor","Clear","Head On","Intersection","Other Vehicle","Not Applicable","Not Applicable","At",""
"650975","CR-0000085654","1","0","0","0","21-031-0675","True","False","0","1/31/2021 6:58:00 PM","No Pedestrians Involved","Dry","No Unusual Conditions","Dark - Street Light","Violation Driver 1","Controls Functioning","Clear","Hit Object","Intersection","Fixed Object","Not Applicable","Not Applicable","At","Tree"
"650976","CR-0000085659","1","0","0","0","21-032-1057","True","False","158","2/1/2021 11:30:00 PM","No Pedestrians Involved","Dry","No Unusual Conditions","Dark - Street Light","Violation Driver 1","Controls Functioning","Clear","Hit Object","Non-Related","Fixed Object","Not Applicable","Not Applicable","East Of","2 street sign poles"
"651126","CR-0000085669","0","0","0","0","21-034-0796","True","False","20","2/3/2021 7:11:00 PM","No Pedestrians Involved","Dry","No Unusual Conditions","Dark - Street Light","Violation Driver 1","Controls Functioning","Clear","Hit Object","Related","Fixed Object","Not Applicable","Not Applicable","West Of","Ped x-walk signal"
"651148","CR-0000085670","0","0","0","0","21-034-4001","False","True","0","2/3/2021 8:00:00 AM","No Pedestrians Involved","Unknown","Unknown","Daylight","Unknown","Unknown","Unknown","Broadside","Intersection","Other Vehicle","Not Applicable","Not Applicable","At",""
"651207","CR-0000085672","0","1","0","0","21-035-0178","False","False","0","2/4/2021 7:16:00 AM","No Pedestrians Involved","Dry","No Unusual Conditions","Daylight","Violation Driver 1","Controls Functioning","Clear","Head On","Intersection","Other Vehicle","Not Applicable","Not Applicable","At",""
"651208","CR-0000085673","0","0","0","0","21-035-0265","False","False","70","2/4/2021 9:30:00 AM","No Pedestrians Involved","Dry","No Unusual Conditions","Daylight","Violation Driver 1","No Controls Present/Factor","Clear","Rear End","Non-Related","Other Vehicle","Not Applicable","Not Applicable","South Of",""
"651209","CR-0000085678","0","0","0","0","21-039-4001","False","True","51","2/5/2021 7:00:00 PM","No Pedestrians Involved","Unknown","Unknown","Unknown","Unknown","Unknown","Unknown","Rear End","Non-Related","Other Vehicle","Not Applicable","Not Applicable","West Of",""
"651210","CR-0000085680","0","0","0","0","21-037-0024","False","False","108","2/6/2021 12:30:00 AM","No Pedestrians Involved","Dry","No Unusual Conditions","Dark - Street Light","Violation Driver 1","No Controls Present/Factor","Clear","Sideswipe","Non-Related","Parked Vehicle","Not Applicable","Not Applicable","North Of",""
"651211","CR-0000085681","1","0","1","0","21-036-0926","False","False","85","2/6/2021 12:52:00 AM","No Pedestrians Involved","Dry","No Unusual Conditions","Dark - Street Light","Violation Driver 1","No Controls Present/Factor","Clear","Head On","Non-Related","Other Vehicle","Not Applicable","Not Applicable","East Of",""
"651234","CR-0000085664","0","0","0","0","21-033-0821","True","False","50","2/2/2021 9:46:00 PM","No Pedestrians Involved","Dry","No Unusual Conditions","Dark - Street Light","Violation Driver 1","No Controls Present/Factor","Clear","Hit Object","Related","Fixed Object","Not Applicable","Not Applicable","North Of","Cable box, tree"
"651235","CR-0000085665","1","0","0","0","21-034-0312","False","False","51","2/3/2021 10:15:00 AM","No Pedestrians Involved","Dry","No Unusual Conditions","Daylight","Violation Driver 1","No Controls Present/Factor","Clear","Broadside","Non-Related","Motorcycle","Not Applicable","Not Applicable","South Of",""
"651236","CR-0000085667","0","0","0","0","21-034-0431","False","False","30","2/3/2021 12:19:00 PM","No Pedestrians Involved","Dry","Construction - Repair Zone","Daylight","Violation Driver 1","No Controls Present/Factor","Clear","Sideswipe","Related","Other Vehicle","Not Applicable","Not Applicable","East Of",""
"651237","CR-0000085679","0","0","0","0","21-037-0023","False","False","241","2/6/2021 12:25:00 AM","No Pedestrians Involved","Dry","No Unusual Conditions","Dark - Street Light","Violation Driver 1","No Controls Present/Factor","Clear","Sideswipe","Non-Related","Parked Vehicle","Not Applicable","Not Applicable","West Of",""
"651238","CR-0000085683","0","0","1","0","21-037-0103","True","False","0","2/6/2021 3:23:00 AM","No Pedestrians Involved","Dry","No Unusual Conditions","Dark - Street Light","Violation Driver 1","Controls Functioning","Clear","Hit Object","Intersection","Fixed Object","Not Applicable","Not Applicable","At",""
"651239","CR-0000085688","0","1","0","0","21-034-0198","False","False","0","2/3/2021 8:21:00 AM","Crossing In Crosswalk - At Intersection","Dry","No Unusual Conditions","Daylight","Violation Driver 1","Controls Functioning","Clear","Vehicle/Pedestrian","Intersection","Pedestrian","South","North","At",""
"651240","CR-0000085694","1","0","0","0","21-033-0214","True","False","24","2/2/2021 4:20:00 PM","No Pedestrians Involved","Wet","No Unusual Conditions","Daylight","Violation Driver 1","Controls Functioning","Rain","Hit Object","Related","Fixed Object","Not Applicable","Not Applicable","East Of","Tree, street sign"
"651247","CR-0000085682","0","0","0","0","21-037-0060","False","False","57","2/6/2021 1:45:00 AM","No Pedestrians Involved","Dry","No Unusual Conditions","Dark - Street Light","Violation Driver 1","Controls Functioning","Clear","Head On","Non-Related","Other Vehicle","Not Applicable","Not Applicable","West Of",""
"651248","CR-0000085686","0","0","0","0","21-048-0754","False","False","432","2/1/2021 2:30:00 AM","No Pedestrians Involved","Unknown","Unknown","Unknown","Violation Driver 1","No Controls Present/Factor","Unknown","Sideswipe","Non-Related","Parked Vehicle","Not Applicable","Not Applicable","South Of",""
"651303","CR-0000085662","0","0","0","0","21-033-0623","False","False","0","2/2/2021 4:25:00 PM","No Pedestrians Involved","Dry","Unknown","Daylight","Violation Driver 1","Controls Not Functioning","Clear","Broadside","Intersection","Train","Not Applicable","Not Applicable","At",""
"651304","CR-0000085663","0","0","0","0","21-033-0720","False","False","90","2/2/2021 6:30:00 PM","No Pedestrians Involved","Dry","No Unusual Conditions","Dark - Street Light","Violation Driver 1","No Controls Present/Factor","Clear","Sideswipe","Non-Related","Other Vehicle","Not Applicable","Not Applicable","West Of",""
"651305","CR-0000085668","0","1","0","0","21-034-0755","False","False","23","2/3/2021 6:25:00 PM","Crossing - Not In Crosswalk","Dry","No Unusual Conditions","Dark - Street Light","Pedestrian At Fault","No Controls Present/Factor","Cloudy","Vehicle/Pedestrian","Related","Pedestrian","West","East","South Of",""
"651306","CR-0000085671","0","0","0","0","21-035-0063","False","False","51","2/4/2021 2:02:00 AM","No Pedestrians Involved","Dry","No Unusual Conditions","Dark - Street Light","Violation Driver 1","No Controls Present/Factor","Clear","Head On","Non-Related","Other Vehicle","Not Applicable","Not Applicable","North Of",""
"651338","CR-0000085666","1","0","0","0","21-034-0350","False","False","60","2/3/2021 10:50:00 AM","No Pedestrians Involved","Dry","No Unusual Conditions","Daylight","Violation Driver 1","Controls Functioning","Clear","Rear End","Non-Related","Other Vehicle","Not Applicable","Not Applicable","South Of",""
"651339","CR-0000085674","0","0","0","0","21-035-0332","False","False","","2/4/2021 11:15:00 AM","No Pedestrians Involved","Dry","No Unusual Conditions","Daylight","Violation Driver 1","Controls Functioning","Clear","Rear End","Related","Other Vehicle","Not Applicable","Not Applicable","West Of",""
"651340","CR-0000085684","1","0","0","0","21-037-0272","False","False","0","2/6/2021 10:01:00 AM","No Pedestrians Involved","Dry","No Unusual Conditions","Daylight","Bike At Fault","Controls Functioning","Clear","Vehicle/Bike","Intersection","Bike","Not Applicable","Not Applicable","At",""
"651341","CR-0000085689","0","0","0","0","21-028-0898","True","False","118","1/28/2021 11:24:00 PM","No Pedestrians Involved","Wet","Flooded","Dark - Street Light","Violation Driver 1","Controls Functioning","Rain","Hit Object","Non-Related","Fixed Object","Not Applicable","Not Applicable","North Of","Curb, tree, traffic light"
"651342","CR-0000085691","1","0","0","0","21-033-9705","False","False","","1/28/2021 7:00:00 PM","No Pedestrians Involved","Wet","No Unusual Conditions","Dark - Street Light","Unknown","Controls Functioning","Rain","Rear End","Related","Other Vehicle","Not Applicable","Not Applicable","East Of",""
"651343","CR-0000085695","0","0","0","0","21-035-0965","False","False","1400","2/4/2021 11:57:00 PM","No Pedestrians Involved","Dry","No Unusual Conditions","Dark - Street Light","Unknown","No Controls Present/Factor","Clear","Head On","Non-Related","Animal","Not Applicable","Not Applicable","North Of","Deer ran onto the road"
"651394","CR-0000085675","0","0","0","0","21-035-0340","False","False","82","2/4/2021 11:23:00 AM","No Pedestrians Involved","Dry","No Unusual Conditions","Daylight","Violation Driver 1","No Controls Present/Factor","Clear","Sideswipe","Non-Related","Parked Vehicle","Not Applicable","Not Applicable","South Of",""
"651395","CR-0000085676","1","0","0","0","21-035-0538","False","False","0","2/4/2021 2:58:00 PM","No Pedestrians Involved","Dry","No Unusual Conditions","Daylight","Violation Driver 1","Controls Functioning","Clear","Head On","Intersection","Other Vehicle","Not Applicable","Not Applicable","At",""
"651396","CR-0000085677","1","0","0","0","21-035-0802","False","False","0","2/4/2021 6:38:00 PM","No Pedestrians Involved","Dry","No Unusual Conditions","Dark - Street Light","Violation Driver 1","Controls Functioning","Clear","Head On","Intersection","Other Vehicle","Not Applicable","Not Applicable","At",""
"651397","CR-0000085685","0","0","0","0","21-039-4000","False","True","0","2/7/2021 11:05:00 PM","No Pedestrians Involved","Unknown","Unknown","Unknown","Unknown","Unknown","Unknown","Rear End","Intersection","Other Vehicle","Not Applicable","Not Applicable","At",""
"651398","CR-0000085687","1","0","0","0","21-034-0073","True","False","0","2/3/2021 2:57:00 AM","No Pedestrians Involved","Dry","No Unusual Conditions","Dark - Street Light","Violation Driver 1","Controls Functioning","Clear","Broadside","Intersection","Other Vehicle","Not Applicable","Not Applicable","At","Ped. crossing sign"
"651399","CR-0000085690","1","0","0","0","21-009-9706","False","False","0","1/8/2021 4:45:00 PM","No Pedestrians Involved","Dry","No Unusual Conditions","Daylight","Unknown","Controls Functioning","Clear","Broadside","Intersection","Motor Vehicle On Other Roadway","Not Applicable","Not Applicable","At",""
"651400","CR-0000085692","0","1","0","0","21-033-0485","False","False","0","2/2/2021 1:59:00 PM","No Pedestrians Involved","Dry","No Unusual Conditions","Daylight","Violation Driver 1","Controls Functioning","Clear","Sideswipe","Intersection","Motorcycle","Not Applicable","Not Applicable","At",""
"651409","CR-0000085696","0","0","0","0","21-040-9707","False","True","","2/4/2021 11:10:00 AM","No Pedestrians Involved","Dry","No Unusual Conditions","Daylight","Unknown","Controls Functioning","Clear","Rear End","Related","Other Vehicle","Not Applicable","Not Applicable","West Of",""
"651410","CR-0000085701","0","0","0","0","21-036-0176","True","False","30","2/5/2021 7:23:00 AM","No Pedestrians Involved","Dry","No Unusual Conditions","Daylight","Violation Driver 1","No Controls Present/Factor","Clear","Hit Object","Related","Fixed Object","Not Applicable","Not Applicable","East Of","Street sign, sprinkler"
"651411","CR-0000085702","0","1","0","0","21-036-0202","False","False","64","2/5/2021 8:17:00 AM","No Pedestrians Involved","Dry","No Unusual Conditions","Daylight","Bike At Fault","No Controls Present/Factor","Clear","Vehicle/Bike","Non-Related","Bike","Not Applicable","Not Applicable","North Of",""
"651412","CR-0000085703","0","0","0","0","21-036-0287","False","False","17","2/5/2021 10:25:00 AM","No Pedestrians Involved","Dry","No Unusual Conditions","Daylight","Violation Driver 1","No Controls Present/Factor","Clear","Sideswipe","Related","Parked Vehicle","Not Applicable","Not Applicable","West Of",""
"651413","CR-0000085705","0","2","0","0","21-036-0538","False","False","0","2/5/2021 4:32:00 PM","No Pedestrians Involved","Dry","No Unusual Conditions","Daylight","Violation Driver 1","No Controls Present/Factor","Clear","Broadside","Intersection","Other Vehicle","Not Applicable","Not Applicable","At",""
"651414","CR-0000085706","1","0","0","0","21-036-0682","False","False","0","2/5/2021 6:08:00 PM","No Pedestrians Involved","Dry","No Unusual Conditions","Dark - Street Light","Violation Driver 1","Controls Functioning","Clear","Head On","Intersection","Other Vehicle","Not Applicable","Not Applicable","At",""
"651415","CR-0000085707","1","1","1","0","21-036-0685","False","False","0","2/5/2021 6:10:00 PM","No Pedestrians Involved","Dry","No Unusual Conditions","Dark - Street Light","Violation Driver 1","No Controls Present/Factor","Clear","Vehicle/Bike","Intersection","Bike","Not Applicable","Not Applicable","At",""
"651449","CR-0000085693","0","1","0","0","21-033-0556","False","False","52","2/2/2021 3:13:00 PM","No Pedestrians Involved","Dry","No Unusual Conditions","Daylight","Violation Driver 1","No Controls Present/Factor","Clear","Broadside","Non-Related","Motorcycle","Not Applicable","Not Applicable","South Of",""
"651450","CR-0000085698","1","0","0","0","21-035-0770","False","False","0","2/4/2021 6:05:00 PM","No Pedestrians Involved","Dry","No Unusual Conditions","Dusk - Dawn","Violation Driver 1","Controls Functioning","Clear","Sideswipe","Intersection","Other Vehicle","Not Applicable","Not Applicable","At",""
"651451","CR-0000085699","1","0","0","0","21-035-0895","False","False","0","2/4/2021 8:36:00 PM","No Pedestrians Involved","Dry","No Unusual Conditions","Dark - Street Light","Violation Driver 1","Controls Functioning","Clear","Broadside","Intersection","Other Vehicle","Not Applicable","Not Applicable","At",""
"651461","CR-0000085708","3","0","0","0","21-036-0691","False","False","0","2/5/2021 6:14:00 PM","No Pedestrians Involved","Dry","No Unusual Conditions","Dark - Street Light","Violation Driver 1","No Controls Present/Factor","Clear","Sideswipe","Intersection","Other Vehicle","Not Applicable","Not Applicable","At",""
"651462","CR-0000085711","0","1","0","0","21-036-0662","False","False","24","2/5/2021 11:11:00 PM","No Pedestrians Involved","Dry","No Unusual Conditions","Dusk - Dawn","Violation Driver 1","No Controls Present/Factor","Clear","Broadside","Related","Parked Vehicle","Not Applicable","Not Applicable","East Of",""
"651463","CR-0000085712","0","0","0","0","21-040-9705","False","True","","2/6/2021 9:30:00 AM","No Pedestrians Involved","Dry","No Unusual Conditions","Daylight","Unknown","No Controls Present/Factor","Clear","Rear End","Related","Other Vehicle","Not Applicable","Not Applicable","South Of",""
"651464","CR-0000085713","0","0","0","0","21-037-0501","False","False","16","2/6/2021 3:20:00 PM","No Pedestrians Involved","Dry","No Unusual Conditions","Daylight","Violation Driver 1","Unknown","Clear","Hit Object","Related","Fixed Object","Not Applicable","Not Applicable","South Of","Fire hydrant"
"651465","CR-0000085715","0","1","0","0","21-037-0641","False","False","0","2/6/2021 6:16:00 PM","No Pedestrians Involved","Dry","No Unusual Conditions","Dusk - Dawn","Bike At Fault","Controls Functioning","Clear","Vehicle/Bike","Intersection","Bike","Not Applicable","Not Applicable","At",""
"651466","CR-0000085700","2","0","0","0","21-035-0994","False","False","0","2/4/2021 10:50:00 PM","No Pedestrians Involved","Dry","No Unusual Conditions","Dark - Street Light","Unknown","Controls Functioning","Clear","Broadside","Intersection","Other Vehicle","Not Applicable","Not Applicable","At",""
"651467","CR-0000085709","1","0","0","0","21-036-0830","False","False","0","2/5/2021 8:45:00 PM","No Pedestrians Involved","Dry","No Unusual Conditions","Dark - Street Light","Violation Driver 1","Controls Functioning","Clear","Head On","Intersection","Other Vehicle","Not Applicable","Not Applicable","At",""
"651468","CR-0000085710","0","0","0","0","21-036-0886","False","False","96","2/5/2021 9:55:00 PM","No Pedestrians Involved","Dry","No Unusual Conditions","Dark - Street Light","Violation Driver 1","No Controls Present/Factor","Clear","Rear End","Non-Related","Parked Vehicle","Not Applicable","Not Applicable","North Of",""
"651469","CR-0000085723","1","0","1","0","21-038-0761","False","False","132","2/7/2021 8:57:00 PM","No Pedestrians Involved","Dry","No Unusual Conditions","Dark - Street Light","Violation Driver 1","Controls Functioning","Clear","Sideswipe","Non-Related","Motorcycle","Not Applicable","Not Applicable","East Of",""
"651478","CR-0000085725","0","0","0","0","21-039-9711","False","True","0","2/7/2021 8:00:00 PM","No Pedestrians Involved","Dry","No Unusual Conditions","Dark - Street Light","Unknown","Controls Functioning","Clear","Sideswipe","Intersection","Other Vehicle","Not Applicable","Not Applicable","At",""
"651479","CR-0000085726","2","0","0","0","21-039-0209","False","False","51","2/8/2021 8:37:00 AM","No Pedestrians Involved","Dry","No Unusual Conditions","Daylight","Violation Driver 1","No Controls Present/Factor","Clear","Rear End","Non-Related","Other Vehicle","Not Applicable","Not Applicable","South Of",""
"651496","CR-0000085697","0","1","0","0","21-035-0391","False","False","0","2/4/2021 12:21:00 PM","No Pedestrians Involved","Dry","No Unusual Conditions","Daylight","Bike At Fault","Controls Functioning","Clear","Vehicle/Bike","Intersection","Bike","Not Applicable","Not Applicable","At","Minor head trauma"
"651497","CR-0000085714","0","0","1","0","21-037-0519","False","False","0","2/6/2021 3:45:00 PM","No Pedestrians Involved","Dry","No Unusual Conditions","Daylight","Violation Driver 1","Controls Functioning","Clear","Broadside","Intersection","Other Vehicle","Not Applicable","Not Applicable","At",""
"651498","CR-0000085724","0","1","0","0","21-038-0839","False","False","206","2/7/2021 10:29:00 PM","No Pedestrians Involved","Dry","No Unusual Conditions","Dark - Street Light","Violation Driver 1","No Controls Present/Factor","Clear","Hit Object","Non-Related","Fixed Object","Not Applicable","Not Applicable","West Of","PG&E pole"
"651499","CR-0000085730","1","0","0","0","21-039-0774","False","False","0","2/8/2021 6:51:00 PM","Crossing In Crosswalk - At Intersection","Dry","No Unusual Conditions","Dark - Street Light","Violation Driver 1","No Controls Present/Factor","Clear","Vehicle/Pedestrian","Intersection","Pedestrian","East","West","At",""
"651500","CR-0000085739","3","0","0","0","21-040-0877","False","False","0","2/9/2021 8:36:00 PM","No Pedestrians Involved","Dry","No Unusual Conditions","Dark - Street Light","Unknown","Controls Functioning","Clear","Broadside","Intersection","Other Vehicle","Not Applicable","Not Applicable","At",""
"651515","CR-0000085704","3","1","0","0","21-036-0543","False","False","112","2/5/2021 3:38:00 PM","No Pedestrians Involved","Dry","No Unusual Conditions","Daylight","Violation Driver 1","Controls Functioning","Clear","Rear End","Non-Related","Other Vehicle","Not Applicable","Not Applicable","East Of",""
"651516","CR-0000085719","2","0","0","0","21-038-0175","False","False","0","2/7/2021 7:39:00 AM","No Pedestrians Involved","Dry","No Unusual Conditions","Daylight","Violation Driver 1","Controls Functioning","Clear","Broadside","Intersection","Other Vehicle","Not Applicable","Not Applicable","At",""
"651517","CR-0000085720","1","0","0","0","21-038-0229","False","False","0","2/7/2021 9:42:00 AM","No Pedestrians Involved","Dry","No Unusual Conditions","Daylight","Violation Driver 1","Controls Functioning","Clear","Broadside","Intersection","Other Vehicle","Not Applicable","Not Applicable","At",""
"651518","CR-0000085729","0","0","0","0","21-039-0553","False","True","51","2/8/2021 3:06:00 PM","No Pedestrians Involved","Dry","No Unusual Conditions","Daylight","Unknown","Controls Functioning","Clear","Sideswipe","Non-Related","Other Vehicle","Not Applicable","Not Applicable","South Of",""
"651519","CR-0000085735","0","0","0","0","21-040-0359","False","False","","2/9/2021 10:58:00 AM","No Pedestrians Involved","Dry","No Unusual Conditions","Daylight","Violation Driver 1","No Controls Present/Factor","Clear","Sideswipe","Related","Motor Vehicle On Other Roadway","Not Applicable","Not Applicable","North Of",""
"651520","CR-0000085737","0","0","0","0","21-040-0583","False","False","0","2/9/2021 3:04:00 PM","No Pedestrians Involved","Dry","No Unusual Conditions","Daylight","Violation Driver 1","Controls Functioning","Clear","Broadside","Intersection","Other Vehicle","Not Applicable","Not Applicable","At",""
"651521","CR-0000085738","0","0","0","0","21-040-0909","False","False","59","2/9/2021 9:41:00 PM","No Pedestrians Involved","Dry","No Unusual Conditions","Dark - Street Light","Violation Driver 1","No Controls Present/Factor","Clear","Rear End","Non-Related","Other Vehicle","Not Applicable","Not Applicable","West Of",""
"651552","CR-0000085727","1","0","0","0","21-039-0378","False","False","18","2/8/2021 12:01:00 PM","Crossing - Not In Crosswalk","Dry","No Unusual Conditions","Daylight","Violation Driver 1","No Controls Present/Factor","Clear","Vehicle/Pedestrian","Related","Pedestrian","West","East","South Of",""
"651553","CR-0000085728","1","0","0","0","21-039-0748","False","False","0","2/8/2021 6:18:00 PM","Crossing In Crosswalk - Not At Intersection","Dry","No Unusual Conditions","Dark - Street Light","Violation Driver 1","Controls Functioning","Clear","Vehicle/Pedestrian","Intersection","Wheelchair","North","South","At",""
"651554","CR-0000085731","1","0","0","0","21-039-0777","False","False","150","2/8/2021 6:54:00 PM","No Pedestrians Involved","Dry","No Unusual Conditions","Dark - Street Light","Violation Driver 1","Controls Functioning","Clear","Other","Non-Related","Non-Collision","Not Applicable","Not Applicable","East Of","V1 turned left in front of V2, leading V2 to lay down his motorcycle."
"651555","CR-0000085732","1","0","0","0","21-039-0915","False","False","0","2/8/2021 9:45:00 PM","Crossing In Crosswalk - At Intersection","Dry","No Unusual Conditions","Dark - Street Light","Violation Driver 1","Controls Functioning","Cloudy","Vehicle/Pedestrian","Intersection","Pedestrian","South","North","At",""
"651556","CR-0000085733","0","0","0","0","21-040-0248","False","False","48","2/9/2021 9:17:00 AM","No Pedestrians Involved","Dry","No Unusual Conditions","Daylight","Violation Driver 1","No Controls Present/Factor","Cloudy","Broadside","Related","Parked Vehicle","Not Applicable","Not Applicable","North Of",""
"651564","CR-0000085736","2","0","0","0","21-040-0476","False","False","157","2/9/2021 1:45:00 PM","No Pedestrians Involved","Dry","No Unusual Conditions","Daylight","Violation Driver 1","Controls Functioning","Clear","Broadside","Non-Related","Other Vehicle","Not Applicable","Not Applicable","West Of",""
"651566","CR-0000085744","1","0","0","0","21-043-0177","False","False","0","2/12/2021 7:11:00 AM","No Pedestrians Involved","Dry","No Unusual Conditions","Daylight","Violation Driver 1","Controls Functioning","Clear","Head On","Intersection","Other Vehicle","Not Applicable","Not Applicable","At",""
"651588","CR-0000085716","2","0","0","0","21-040-9708","False","False","0","2/6/2021 7:20:00 PM","No Pedestrians Involved","Dry","No Unusual Conditions","Dark - Street Light","Unknown","Controls Functioning","Clear","Sideswipe","Intersection","Other Vehicle","Not Applicable","Not Applicable","At",""
"651589","CR-0000085717","0","0","0","0","21-037-0758","False","False","0","2/6/2021 8:15:00 PM","No Pedestrians Involved","Dry","No Unusual Conditions","Dark - Street Light","Violation Driver 1","Controls Functioning","Clear","Broadside","Intersection","Other Vehicle","Not Applicable","Not Applicable","At",""
"651606","CR-0000085718","0","1","0","0","21-037-0707","False","False","86","2/7/2021 12:06:00 AM","No Pedestrians Involved","Dry","No Unusual Conditions","Dusk - Dawn","Violation Driver 1","No Controls Present/Factor","Clear","Overturned","Non-Related","Parked Vehicle","Not Applicable","Not Applicable","South Of",""
"651607","CR-0000085721","0","0","1","0","21-038-0519","True","False","16","2/7/2021 4:00:00 PM","No Pedestrians Involved","Dry","No Unusual Conditions","Daylight","Violation Driver 1","No Controls Present/Factor","Clear","Hit Object","Related","Fixed Object","Not Applicable","Not Applicable","North Of",""
"651608","CR-0000085722","2","0","0","0","21-038-0544","False","False","180","2/7/2021 4:20:00 PM","No Pedestrians Involved","Dry","No Unusual Conditions","Daylight","Violation Driver 1","No Controls Present/Factor","Clear","Rear End","Non-Related","Other Vehicle","Not Applicable","Not Applicable","East Of",""
"651609","CR-0000085734","0","0","0","0","21-040-0827","False","False","0","2/9/2021 10:00:00 AM","No Pedestrians Involved","Wet","No Unusual Conditions","Daylight","Violation Driver 1","Controls Functioning","Clear","Broadside","Intersection","Other Vehicle","Not Applicable","Not Applicable","At",""
"651610","CR-0000085741","0","0","0","0","21-041-0188","True","False","26","2/10/2021 2:00:00 AM","No Pedestrians Involved","Dry","No Unusual Conditions","Dark - Street Light","Violation Driver 1","No Controls Present/Factor","Clear","Rear End","Related","Parked Vehicle","Not Applicable","Not Applicable","North Of","Street sign"
"651611","CR-0000085616","1","0","0","0","21-031-0592","False","False","0","1/31/2021 4:35:00 PM","No Pedestrians Involved","Dry","No Unusual Conditions","Dusk - Dawn","Violation Driver 1","No Controls Present/Factor","Clear","Broadside","Intersection","Other Vehicle","Not Applicable","Not Applicable","At",""
"651612","CR-0000085742","1","0","0","0","21-034-0766","False","False","0","2/3/2021 6:36:00 PM","No Pedestrians Involved","Dry","Construction - Repair Zone","Dark - Street Light","Unknown","No Controls Present/Factor","Clear","Head On","Intersection","Other Vehicle","Not Applicable","Not Applicable","At",""
"651628","CR-0000085743","1","0","0","0","21-043-0083","False","False","398","2/12/2021 2:01:00 AM","No Pedestrians Involved","Wet","No Unusual Conditions","Dark - No Street Light","Violation Driver 1","No Controls Present/Factor","Rain","Rear End","Non-Related","Parked Vehicle","Not Applicable","Not Applicable","North Of",""
"651629","CR-0000085745","1","0","0","0","21-040-0736","False","False","0","2/9/2021 5:40:00 PM","No Pedestrians Involved","Dry","No Unusual Conditions","Daylight","Violation Driver 1","Controls Functioning","Clear","Broadside","Intersection","Motorcycle","Not Applicable","Not Applicable","At",""
"651638","CR-0000085740","0","0","0","0","21-040-0886","False","False","0","2/9/2021 8:49:00 PM","No Pedestrians Involved","Dry","No Unusual Conditions","Dark - Street Light Not Functioning","Violation Driver 1","No Controls Present/Factor","Clear","Rear End","Intersection","Parked Vehicle","Not Applicable","Not Applicable","At",""
"651747","CR-0000085197","0","0","0","0","21-001-4000","False","True","0","1/1/2021 2:37:00 PM","No Pedestrians Involved","Unknown","Unknown","Daylight","Unknown","Unknown","Unknown","Rear End","Intersection","Other Vehicle","Not Applicable","Not Applicable","At",""
"652787","CR-0000085749","2","0","0","0","21-042-0908","False","False","0","2/11/2021 9:53:00 PM","No Pedestrians Involved","Wet","No Unusual Conditions","Dark - Street Light","Violation Driver 1","Controls Functioning","Rain","Head On","Intersection","Other Vehicle","Not Applicable","Not Applicable","At",""
"652788","CR-0000085751","1","0","0","0","21-042-0130","False","False","565","2/11/2021 6:00:00 AM","No Pedestrians Involved","Dry","No Unusual Conditions","Dusk - Dawn","Violation Driver 1","No Controls Present/Factor","Clear","Rear End","Non-Related","Other Vehicle","Not Applicable","Not Applicable","North Of",""
"652826","CR-0000085754","0","1","0","0","21-040-0871","False","False","28","2/9/2021 8:15:00 PM","No Pedestrians Involved","Dry","No Unusual Conditions","Dark - Street Light","Violation Driver 1","Controls Functioning","Clear","Rear End","Related","Parked Vehicle","Not Applicable","Not Applicable","West Of",""
"652827","CR-0000085764","0","0","0","0","21-043-1033","False","False","45","2/12/2021 11:04:00 PM","No Pedestrians Involved","Dry","No Unusual Conditions","Dark - Street Light","Violation Driver 1","Controls Functioning","Clear","Broadside","Related","Parked Vehicle","Not Applicable","Not Applicable","North Of",""