"CrashFactId","Name","MinorInjuries","ModerateInjuries","SevereInjuries","FatalInjuries","TcrNumber","CityDamageFlag","ShortFormFlag","Distance","CrashDateTime","PedestrianAction","RoadwaySurface","RoadwayCondition","Lighting","PrimaryCollisionFactor","TrafficControl","Weather","CollisionType","ProximityToIntersection","VehicleInvolvedWith","PedestrianDirectionFrom","PedestrianDirectionTo","DirectionFromIntersection","Comment"
"676839","CR-0000085949","2","0","0","0","21-064-0766","False","False","0","3/5/2021 6:55:00 PM","No Pedestrians Involved","Dry","No Unusual Conditions","Dark - Street Light","Violation Driver 1","Controls Functioning","Clear","Head On","Intersection","Other Vehicle","Not Applicable","Not Applicable","At",""
"676840","CR-0000085950","0","1","0","0","21-064-0815","False","False","0","3/5/2021 7:40:00 PM","Crossing - Not In Crosswalk","Dry","No Unusual Conditions","Dark - Street Light","Unknown","Controls Functioning","Clear","Vehicle/Pedestrian","Intersection","Pedestrian","South","North","At",""
"676841","CR-0000085951","0","0","0","0","21-064-0869","False","False","0","3/5/2021 8:43:00 PM","No Pedestrians Involved","Dry","No Unusual Conditions","Dark - Street Light","Violation Driver 1","Controls Functioning","Clear","Sideswipe","Intersection","Other Vehicle","Not Applicable","Not Applicable","At",""
"676842","CR-0000085952","0","0","0","0","21-064-0874","False","False","0","3/5/2021 8:51:00 PM","No Pedestrians Involved","Dry","Other","Dark - Street Light","Violation Driver 1","Controls Functioning","Clear","Sideswipe","Intersection","Other Vehicle","Not Applicable","Not Applicable","At",""
"676843","CR-0000085953","0","0","0","0","21-064-0988","True","False","0","3/5/2021 11:21:00 PM","No Pedestrians Involved","Dry","Other","Dark - Street Light","Violation Driver 1","Controls Functioning","Clear","Hit Object","Intersection","Fixed Object","Not Applicable","Not Applicable","At","Curb"
"676844","CR-0000085954","0","0","0","1","21-065-0408","False","False","18","3/6/2021 12:54:00 PM","No Pedestrians Involved","Dry","No Unusual Conditions","Daylight","Violation Driver 1","Controls Functioning","Clear","Vehicle/Bike","Related","Bike","Not Applicable","Not Applicable","North Of",""
"676845","CR-0000085955","0","0","0","0","21-064-1027","True","False","0","3/6/2021 12:10:00 AM","No Pedestrians Involved","Wet","No Unusual Conditions","Dark - Street Light","Violation Driver 1","Controls Functioning","Rain","Hit Object","Intersection","Fixed Object","Not Applicable","Not Applicable","At","Traffic light pole"
"676846","CR-0000085956","0","0","0","0","21-065-0053","False","False","111","3/6/2021 1:34:00 AM","No Pedestrians Involved","Wet","No Unusual Conditions","Dark - Street Light","Violation Driver 1","No Controls Present/Factor","Rain","Sideswipe","Non-Related","Parked Vehicle","Not Applicable","Not Applicable","South Of",""
"676847","CR-0000085957","0","0","0","0","21-065-0112","True","False","99","3/6/2021 4:13:00 AM","No Pedestrians Involved","Wet","Loose Material On Roadway","Dark - Street Light","Violation Driver 1","Controls Functioning","Cloudy","Hit Object","Non-Related","Fixed Object","Not Applicable","Not Applicable","North Of","Curb"
"676848","CR-0000085958","0","0","0","0","21-065-0415","False","False","110","3/6/2021 1:03:00 PM","No Pedestrians Involved","Dry","No Unusual Conditions","Daylight","Violation Driver 1","No Controls Present/Factor","Clear","Sideswipe","Non-Related","Parked Vehicle","Not Applicable","Not Applicable","West Of",""
"676849","CR-0000085959","1","0","0","0","21-065-0441","False","False","354","3/6/2021 1:38:00 PM","No Pedestrians Involved","Dry","No Unusual Conditions","Daylight","Violation Driver 1","No Controls Present/Factor","Clear","Sideswipe","Non-Related","Other Vehicle","Not Applicable","Not Applicable","East Of",""
"676850","CR-0000085960","0","0","0","0","21-068-9745","False","True","","3/6/2021 3:00:00 PM","No Pedestrians Involved","Dry","No Unusual Conditions","Daylight","Unknown","Controls Functioning","Clear","Rear End","Related","Other Vehicle","Not Applicable","Not Applicable","East Of",""
"676851","CR-0000085961","1","0","0","0","21-065-0624","True","False","165","3/6/2021 5:35:00 PM","No Pedestrians Involved","Dry","No Unusual Conditions","Daylight","Violation Driver 1","Controls Functioning","Clear","Hit Object","Non-Related","Fixed Object","Not Applicable","Not Applicable","South Of","Light pole and fire hydrant"
"676852","CR-0000085962","1","0","0","0","21-065-0649","False","False","0","3/6/2021 5:59:00 PM","No Pedestrians Involved","Dry","No Unusual Conditions","Dusk - Dawn","Violation Driver 1","Controls Functioning","Clear","Broadside","Intersection","Other Vehicle","Not Applicable","Not Applicable","At",""
"676853","CR-0000085963","0","1","0","0","21-065-0686","False","False","0","3/6/2021 7:05:00 PM","Crossing - Not In Crosswalk","Dry","No Unusual Conditions","Dark - Street Light","Violation Driver 1","No Controls Present/Factor","Clear","Vehicle/Pedestrian","Intersection","Pedestrian","Unknown","Unknown","At",""
"676854","CR-0000085964","0","0","0","0","21-065-0775","False","False","121","3/6/2021 9:10:00 PM","No Pedestrians Involved","Dry","No Unusual Conditions","Dark - Street Light","Violation Driver 1","No Controls Present/Factor","Clear","Rear End","Non-Related","Other Vehicle","Not Applicable","Not Applicable","North Of",""
"676855","CR-0000085965","0","0","0","0","21-065-0859","False","False","125","3/6/2021 11:18:00 PM","No Pedestrians Involved","Dry","No Unusual Conditions","Dark - Street Light","Violation Driver 1","No Controls Present/Factor","Clear","Rear End","Non-Related","Parked Vehicle","Not Applicable","Not Applicable","North Of",""
"676856","CR-0000085966","1","1","0","0","21-066-0139","False","False","19","3/7/2021 8:14:00 AM","No Pedestrians Involved","Dry","No Unusual Conditions","Daylight","Violation Driver 1","Controls Functioning","Clear","Rear End","Related","Other Vehicle","Not Applicable","Not Applicable","West Of",""
"676857","CR-0000085967","0","0","0","0","21-066-0291","True","False","51","3/7/2021 11:21:00 AM","No Pedestrians Involved","Dry","No Unusual Conditions","Daylight","Violation Driver 1","Controls Functioning","Clear","Rear End","Non-Related","Other Vehicle","Not Applicable","Not Applicable","West Of","Guardrail"
"676858","CR-0000085968","0","0","0","0","21-068-9746","False","True","51","3/7/2021 11:30:00 PM","No Pedestrians Involved","Dry","No Unusual Conditions","Dark - Street Light","Unknown","No Controls Present/Factor","Clear","Sideswipe","Non-Related","Parked Vehicle","Not Applicable","Not Applicable","East Of",""
"676859","CR-0000085969","0","0","0","0","21-066-0767","False","False","100","3/7/2021 9:51:00 PM","No Pedestrians Involved","Dry","No Unusual Conditions","Dark - Street Light","Violation Driver 1","Unknown","Clear","Rear End","Non-Related","Parked Vehicle","Not Applicable","Not Applicable","West Of",""
"676860","CR-0000085970","2","0","0","0","21-067-0545","False","False","330","3/8/2021 2:53:00 PM","No Pedestrians Involved","Dry","No Unusual Conditions","Daylight","Violation Driver 1","Controls Functioning","Cloudy","Rear End","Non-Related","Other Vehicle","Not Applicable","Not Applicable","South Of",""
"676861","CR-0000085971","1","1","0","0","21-067-0426","False","False","0","3/8/2021 12:25:00 PM","No Pedestrians Involved","Dry","No Unusual Conditions","Daylight","Violation Driver 1","No Controls Present/Factor","Clear","Broadside","Intersection","Other Vehicle","Not Applicable","Not Applicable","At",""
"676862","CR-0000085972","0","0","0","0","21-067-0686","False","False","200","3/8/2021 5:18:00 PM","No Pedestrians Involved","Dry","No Unusual Conditions","Daylight","Violation Driver 1","No Controls Present/Factor","Clear","Rear End","Non-Related","Other Vehicle","Not Applicable","Not Applicable","North Of",""
"676863","CR-0000085973","0","0","0","0","21-067-0738","False","False","76","3/8/2021 6:01:00 PM","No Pedestrians Involved","Dry","No Unusual Conditions","Daylight","Unknown","No Controls Present/Factor","Clear","Rear End","Non-Related","Parked Vehicle","Not Applicable","Not Applicable","East Of",""
"676864","CR-0000085974","1","0","0","0","21-067-0929","False","False","0","3/8/2021 9:24:00 PM","No Pedestrians Involved","Dry","No Unusual Conditions","Dark - Street Light","Violation Driver 1","Controls Functioning","Clear","Broadside","Intersection","Other Vehicle","Not Applicable","Not Applicable","North Of",""
"676865","CR-0000085975","0","0","0","0","21-067-1011","False","False","56","3/8/2021 11:32:00 PM","No Pedestrians Involved","Dry","No Unusual Conditions","Dark - Street Light Not Functioning","Violation Driver 1","Controls Functioning","Clear","Rear End","Non-Related","Parked Vehicle","Not Applicable","Not Applicable","East Of",""
"676866","CR-0000085976","1","0","0","0","21-067-1022","False","False","610","3/8/2021 11:48:00 PM","No Pedestrians Involved","Dry","No Unusual Conditions","Dark - Street Light","Violation Driver 1","Controls Functioning","Clear","Sideswipe","Non-Related","Parked Vehicle","Not Applicable","Not Applicable","South Of","Waterline"
"676867","CR-0000085984","2","0","0","0","21-068-0251","True","False","0","3/9/2021 9:52:00 AM","No Pedestrians Involved","Dry","No Unusual Conditions","Daylight","Violation Driver 1","Controls Functioning","Clear","Broadside","Intersection","Other Vehicle","Not Applicable","Not Applicable","At","Metal trash can and plastic crosswalk signal"
"676868","CR-0000085985","1","0","0","0","21-068-0278","False","False","0","3/9/2021 10:05:00 AM","No Pedestrians Involved","Dry","No Unusual Conditions","Daylight","Unknown","Controls Functioning","Cloudy","Broadside","Intersection","Other Vehicle","Not Applicable","Not Applicable","At",""
"676869","CR-0000085986","0","0","0","0","21-068-0379","False","False","0","3/9/2021 12:05:00 PM","No Pedestrians Involved","Dry","No Unusual Conditions","Daylight","Violation Driver 1","No Controls Present/Factor","Cloudy","Sideswipe","Intersection","Other Vehicle","Not Applicable","Not Applicable","At",""
"676870","CR-0000085989","1","0","0","0","21-064-0894","False","False","0","3/5/2021 9:20:00 PM","Crossing In Crosswalk - At Intersection","Dry","No Unusual Conditions","Dark - Street Light","Violation Driver 1","No Controls Present/Factor","Clear","Vehicle/Pedestrian","Intersection","Pedestrian","West","East","At",""
"676871","CR-0000085990","2","0","0","0","21-065-0732","False","False","22","3/6/2021 7:51:00 PM","No Pedestrians Involved","Dry","No Unusual Conditions","Dark - Street Light","Violation Driver 1","Controls Functioning","Clear","Rear End","Related","Other Vehicle","Not Applicable","Not Applicable","South Of",""
"676872","CR-0000085991","1","0","0","0","21-068-0242","False","False","0","3/9/2021 9:43:00 AM","No Pedestrians Involved","Dry","No Unusual Conditions","Daylight","Violation Driver 1","No Controls Present/Factor","Cloudy","Rear End","Intersection","Other Vehicle","Not Applicable","Not Applicable","At",""
"676873","CR-0000085992","2","0","0","0","21-068-0526","False","False","135","3/9/2021 2:55:00 PM","No Pedestrians Involved","Dry","No Unusual Conditions","Daylight","Violation Driver 1","No Controls Present/Factor","Clear","Sideswipe","Non-Related","Other Vehicle","Not Applicable","Not Applicable","North Of",""
"676874","CR-0000085993","0","0","0","0","21-068-0567","False","False","215","3/9/2021 3:40:00 PM","No Pedestrians Involved","Dry","No Unusual Conditions","Daylight","Violation Driver 1","No Controls Present/Factor","Cloudy","Sideswipe","Non-Related","Other Vehicle","Not Applicable","Not Applicable","East Of",""
"676875","CR-0000085994","0","1","0","0","21-068-0798","False","False","21","3/9/2021 8:30:00 PM","Crossing In Crosswalk - At Intersection","Wet","No Unusual Conditions","Dark - Street Light","Pedestrian At Fault","Controls Functioning","Clear","Vehicle/Pedestrian","Related","Pedestrian","West","East","South Of",""
"676876","CR-0000085995","0","0","0","0","21-068-0799","False","False","0","3/9/2021 8:30:00 PM","No Pedestrians Involved","Wet","No Unusual Conditions","Dark - Street Light","Violation Driver 1","No Controls Present/Factor","Rain","Sideswipe","Intersection","Other Vehicle","Not Applicable","Not Applicable","At",""
"676877","CR-0000085996","0","0","0","0","21-068-0845","True","False","27","3/9/2021 9:43:00 PM","No Pedestrians Involved","Wet","No Unusual Conditions","Dark - Street Light","Violation Driver 1","Controls Functioning","Rain","Hit Object","Related","Fixed Object","Not Applicable","Not Applicable","North Of","Electric box"
"676878","CR-0000085997","0","0","0","0","21-069-0745","False","False","0","3/10/2021 7:07:00 PM","No Pedestrians Involved","Dry","No Unusual Conditions","Dusk - Dawn","Violation Driver 1","Controls Functioning","Clear","Sideswipe","Intersection","Other Vehicle","Not Applicable","Not Applicable","At",""
"676879","CR-0000085998","0","1","0","0","21-069-0261","False","False","0","3/10/2021 10:21:00 AM","No Pedestrians Involved","Dry","No Unusual Conditions","Daylight","Violation Driver 1","Controls Functioning","Cloudy","Broadside","Intersection","Other Vehicle","Not Applicable","Not Applicable","At",""
"676880","CR-0000085999","1","1","1","0","21-069-0312","False","False","376","3/10/2021 11:25:00 AM","No Pedestrians Involved","Dry","No Unusual Conditions","Daylight","Violation Driver 1","No Controls Present/Factor","Cloudy","Broadside","Non-Related","Other Vehicle","Not Applicable","Not Applicable","West Of",""
"676881","CR-0000086000","0","0","0","0","21-069-0324","True","False","150","3/10/2021 11:48:00 AM","No Pedestrians Involved","Wet","Unknown","Daylight","Violation Driver 1","No Controls Present/Factor","Rain","Hit Object","Non-Related","Fixed Object","Not Applicable","Not Applicable","North Of","Light pole"
"676882","CR-0000086001","2","0","0","0","21-069-0402","False","False","0","3/10/2021 12:56:00 PM","No Pedestrians Involved","Dry","No Unusual Conditions","Daylight","Violation Driver 1","Controls Functioning","Clear","Broadside","Intersection","Other Vehicle","Not Applicable","Not Applicable","At",""
"676883","CR-0000086002","0","0","0","0","21-069-0482","True","False","392","3/10/2021 2:32:00 PM","No Pedestrians Involved","Dry","No Unusual Conditions","Daylight","Violation Driver 1","Controls Functioning","Clear","Hit Object","Non-Related","Fixed Object","Not Applicable","Not Applicable","West Of","Fire hydrant, tree"
"676884","CR-0000086003","3","0","0","0","21-069-0515","False","False","24","3/10/2021 3:04:00 PM","No Pedestrians Involved","Wet","No Unusual Conditions","Daylight","Violation Driver 1","Controls Functioning","Clear","Rear End","Related","Other Vehicle","Not Applicable","Not Applicable","North Of",""
"676885","CR-0000086004","0","0","0","0","21-069-0778","False","False","19","3/10/2021 7:42:00 PM","No Pedestrians Involved","Wet","No Unusual Conditions","Dark - Street Light","Violation Driver 1","No Controls Present/Factor","Clear","Other","Related","Animal","Not Applicable","Not Applicable","West Of","Dog"
"676886","CR-0000086005","0","0","0","0","21-069-0929","False","False","27","3/10/2021 11:16:00 PM","No Pedestrians Involved","Wet","No Unusual Conditions","Dark - Street Light","Violation Driver 1","No Controls Present/Factor","Cloudy","Rear End","Related","Parked Vehicle","Not Applicable","Not Applicable","North Of",""
"676887","CR-0000086006","0","0","0","0","21-070-0486","False","False","135","3/11/2021 2:25:00 PM","No Pedestrians Involved","Dry","No Unusual Conditions","Daylight","Violation Driver 1","No Controls Present/Factor","Clear","Broadside","Non-Related","Parked Vehicle","Not Applicable","Not Applicable","West Of",""
"676888","CR-0000086007","0","0","0","0","21-070-0814","False","False","50","3/11/2021 7:47:00 PM","No Pedestrians Involved","Dry","No Unusual Conditions","Dark - Street Light","Violation Driver 1","Controls Functioning","Clear","Hit Object","Related","Fixed Object","Not Applicable","Not Applicable","West Of","PGE power/telephone pole"
"676889","CR-0000086008","0","0","0","0","21-070-0084","True","False","168","3/11/2021 2:55:00 AM","No Pedestrians Involved","Wet","No Unusual Conditions","Dark - Street Light","Violation Driver 1","No Controls Present/Factor","Rain","Hit Object","Non-Related","Fixed Object","Not Applicable","Not Applicable","East Of","Median, sign, metal fencing"
"676890","CR-0000086009","0","0","0","0","21-070-0354","False","False","0","3/11/2021 11:15:00 AM","No Pedestrians Involved","Dry","No Unusual Conditions","Daylight","Violation Driver 1","Controls Functioning","Cloudy","Sideswipe","Intersection","Other Vehicle","Not Applicable","Not Applicable","At",""
"676891","CR-0000086010","0","0","0","0","21-070-0878","False","False","508","3/11/2021 3:30:00 PM","No Pedestrians Involved","Dry","No Unusual Conditions","Daylight","Violation Driver 1","No Controls Present/Factor","Cloudy","Rear End","Non-Related","Parked Vehicle","Not Applicable","Not Applicable","South Of",""
"676892","CR-0000086011","1","0","0","0","21-070-0556","False","False","0","3/11/2021 4:00:00 PM","No Pedestrians Involved","Dry","No Unusual Conditions","Daylight","Violation Driver 1","Controls Functioning","Clear","Broadside","Intersection","Motorcycle","Not Applicable","Not Applicable","At",""
"676893","CR-0000086012","0","0","0","0","21-070-0638","True","False","0","3/11/2021 5:10:00 PM","No Pedestrians Involved","Dry","No Unusual Conditions","Daylight","Violation Driver 1","Controls Functioning","Clear","Broadside","Intersection","Other Vehicle","Not Applicable","Not Applicable","At","Light pole"
"676894","CR-0000086013","1","0","0","0","21-070-0954","True","False","51","3/11/2021 10:36:00 PM","No Pedestrians Involved","Dry","No Unusual Conditions","Dark - No Street Light","Violation Driver 1","No Controls Present/Factor","Clear","Hit Object","Non-Related","Fixed Object","Not Applicable","Not Applicable","North Of","Tree"
"676895","CR-0000086014","0","0","0","0","21-071-0495","False","False","33","3/12/2021 12:01:00 AM","No Pedestrians Involved","Dry","No Unusual Conditions","Unknown","Violation Driver 1","Controls Functioning","Clear","Sideswipe","Related","Parked Vehicle","Not Applicable","Not Applicable","East Of",""
"676896","CR-0000086015","0","0","0","0","21-071-0176","False","False","73","3/12/2021 8:00:00 AM","No Pedestrians Involved","Dry","No Unusual Conditions","Daylight","Violation Driver 1","No Controls Present/Factor","Clear","Hit Object","Non-Related","Fixed Object","Not Applicable","Not Applicable","North Of","VTA bench, curb"
"676897","CR-0000086016","0","0","0","0","21-071-0265","False","False","41","3/12/2021 10:21:00 AM","No Pedestrians Involved","Dry","No Unusual Conditions","Daylight","Violation Driver 1","Controls Functioning","Clear","Rear End","Related","Other Vehicle","Not Applicable","Not Applicable","East Of",""
"676898","CR-0000086017","0","0","0","0","21-071-0367","False","False","86","3/12/2021 12:12:00 PM","No Pedestrians Involved","Dry","No Unusual Conditions","Daylight","Violation Driver 1","No Controls Present/Factor","Clear","Rear End","Non-Related","Other Vehicle","Not Applicable","Not Applicable","North Of",""
"676899","CR-0000086018","0","1","0","0","21-071-0375","False","False","51","3/12/2021 12:18:00 PM","No Pedestrians Involved","Dry","No Unusual Conditions","Daylight","Violation Driver 1","No Controls Present/Factor","Clear","Hit Object","Non-Related","Fixed Object","Not Applicable","Not Applicable","East Of","PG&E pole"
"676900","CR-0000086019","1","0","0","0","21-071-0490","False","False","0","3/12/2021 2:44:00 PM","Crossing In Crosswalk - Not At Intersection","Dry","No Unusual Conditions","Daylight","Violation Driver 1","Controls Functioning","Clear","Vehicle/Pedestrian","Intersection","Pedestrian","West","East","At",""
"676901","CR-0000086020","0","0","0","0","21-071-0830","False","False","370","3/12/2021 8:29:00 PM","No Pedestrians Involved","Dry","No Unusual Conditions","Dark - Street Light","Violation Driver 1","No Controls Present/Factor","Clear","Head On","Non-Related","Train","Not Applicable","Not Applicable","South Of",""
"676902","CR-0000086021","0","0","0","0","21-071-0930","True","False","43","3/12/2021 10:12:00 PM","No Pedestrians Involved","Dry","No Unusual Conditions","Dark - Street Light","Violation Driver 1","No Controls Present/Factor","Clear","Hit Object","Related","Fixed Object","Not Applicable","Not Applicable","East Of","Light pole"
"676903","CR-0000086022","0","1","0","0","21-071-0990","False","False","396","3/12/2021 11:21:00 PM","No Pedestrians Involved","Dry","No Unusual Conditions","Dark - Street Light","Violation Driver 1","Controls Functioning","Clear","Broadside","Non-Related","Other Vehicle","Not Applicable","Not Applicable","North Of",""
"676904","CR-0000086023","0","0","0","0","21-071-0140","False","False","0","3/12/2021 6:30:00 AM","No Pedestrians Involved","Dry","No Unusual Conditions","Daylight","Violation Driver 1","Controls Functioning","Clear","Broadside","Intersection","Other Vehicle","Not Applicable","Not Applicable","At",""
"676905","CR-0000086024","1","2","0","0","21-071-0432","False","False","0","3/12/2021 1:28:00 PM","No Pedestrians Involved","Dry","No Unusual Conditions","Daylight","Violation Driver 1","Controls Functioning","Clear","Broadside","Intersection","Other Vehicle","Not Applicable","Not Applicable","At",""
"676906","CR-0000086025","0","1","0","0","21-071-0457","False","False","0","3/12/2021 2:10:00 PM","No Pedestrians Involved","Dry","No Unusual Conditions","Daylight","Violation Driver 1","No Controls Present/Factor","Clear","Other","Intersection","Non-Collision","Not Applicable","Not Applicable","At",""
"676907","CR-0000086026","0","1","0","0","21-071-0466","False","False","0","3/12/2021 2:26:00 PM","Crossing In Crosswalk - At Intersection","Dry","No Unusual Conditions","Daylight","Violation Driver 1","Controls Functioning","Clear","Vehicle/Pedestrian","Intersection","Pedestrian","Unknown","Unknown","At",""
"676908","CR-0000086027","0","0","0","0","21-071-0833","False","False","174","3/12/2021 8:30:00 PM","No Pedestrians Involved","Dry","No Unusual Conditions","Dark - Street Light","Violation Driver 1","No Controls Present/Factor","Clear","Sideswipe","Non-Related","Parked Vehicle","Not Applicable","Not Applicable","West Of",""
"676909","CR-0000086029","0","1","0","0","21-071-0983","False","False","23","3/12/2021 11:16:00 PM","No Pedestrians Involved","Dry","No Unusual Conditions","Dark - Street Light","Violation Driver 1","Controls Functioning","Clear","Rear End","Related","Parked Vehicle","Not Applicable","Not Applicable","South Of","See also TCR# 21-072-0061"
"676910","CR-0000086028","0","0","0","0","21-072-0061","False","False","","3/12/2021 11:10:00 PM","No Pedestrians Involved","Dry","No Unusual Conditions","Dark - Street Light","Violation Driver 1","Controls Functioning","Clear","Rear End","Related","Other Vehicle","Not Applicable","Not Applicable","Unknown","See also TCR# 21-071-0983"
"676911","CR-0000086030","0","0","0","0","21-072-0087","False","False","320","3/13/2021 2:00:00 AM","No Pedestrians Involved","Dry","No Unusual Conditions","Dark - Street Light","Violation Driver 1","No Controls Present/Factor","Clear","Sideswipe","Non-Related","Parked Vehicle","Not Applicable","Not Applicable","West Of",""
"676912","CR-0000086031","0","0","0","0","21-072-0104","False","False","26","3/13/2021 2:02:00 AM","No Pedestrians Involved","Dry","Unknown","Dark - Street Light","Violation Driver 1","Unknown","Clear","Rear End","Related","Parked Vehicle","Not Applicable","Not Applicable","West Of",""
"676913","CR-0000086032","0","0","0","0","21-072-0236","False","False","156","3/13/2021 8:45:00 AM","No Pedestrians Involved","Dry","No Unusual Conditions","Daylight","Violation Driver 1","No Controls Present/Factor","Clear","Rear End","Non-Related","Parked Vehicle","Not Applicable","Not Applicable","South Of",""
"676914","CR-0000086033","4","0","0","0","21-072-0327","False","False","0","3/13/2021 10:49:00 AM","No Pedestrians Involved","Dry","Unknown","Daylight","Unknown","Controls Functioning","Clear","Broadside","Intersection","Other Vehicle","Not Applicable","Not Applicable","At",""
"676915","CR-0000086034","1","0","0","0","21-072-0457","False","False","0","3/13/2021 1:10:00 PM","No Pedestrians Involved","Dry","No Unusual Conditions","Daylight","Violation Driver 1","Controls Functioning","Clear","Rear End","Intersection","Other Vehicle","Not Applicable","Not Applicable","At",""
"676916","CR-0000086035","0","0","0","0","21-072-0602","False","False","18","3/13/2021 4:00:00 PM","No Pedestrians Involved","Dry","No Unusual Conditions","Daylight","Violation Driver 1","Unknown","Clear","Sideswipe","Related","Parked Vehicle","Not Applicable","Not Applicable","East Of",""
"676917","CR-0000086036","0","1","0","0","21-072-0662","False","False","0","3/13/2021 5:00:00 PM","No Pedestrians Involved","Dry","No Unusual Conditions","Daylight","Violation Driver 1","Controls Functioning","Clear","Rear End","Intersection","Other Vehicle","Not Applicable","Not Applicable","At",""
"676918","CR-0000086037","0","0","0","0","21-072-0779","False","False","95","3/13/2021 6:56:00 PM","No Pedestrians Involved","Dry","No Unusual Conditions","Dark - Street Light","Violation Driver 1","Controls Functioning","Clear","Broadside","Non-Related","Parked Vehicle","Not Applicable","Not Applicable","West Of",""
"676919","CR-0000086038","1","0","0","0","21-072-0844","False","False","0","3/13/2021 8:12:00 PM","No Pedestrians Involved","Wet","No Unusual Conditions","Dark - Street Light","Violation Driver 1","Controls Functioning","Clear","Broadside","Intersection","Other Vehicle","Not Applicable","Not Applicable","At",""
"676920","CR-0000086039","0","0","0","0","21-072-1053","False","False","102","3/13/2021 11:22:00 PM","No Pedestrians Involved","Dry","No Unusual Conditions","Dark - Street Light","Violation Driver 1","No Controls Present/Factor","Clear","Rear End","Non-Related","Other Vehicle","Not Applicable","Not Applicable","North Of",""
"676921","CR-0000086040","0","0","0","0","21-072-0007","False","False","120","3/13/2021 12:05:00 AM","No Pedestrians Involved","Dry","No Unusual Conditions","Dark - Street Light","Violation Driver 1","Unknown","Clear","Rear End","Non-Related","Parked Vehicle","Not Applicable","Not Applicable","South Of",""
"676922","CR-0000086041","0","0","0","0","21-073-0172","True","False","1256","3/14/2021 12:00:00 AM","No Pedestrians Involved","Unknown","Unknown","Dark - Street Light","Violation Driver 1","No Controls Present/Factor","Unknown","Hit Object","Non-Related","Fixed Object","Not Applicable","Not Applicable","South Of","Tree, curb, fence"
"676923","CR-0000086042","0","1","0","0","21-073-0039","True","False","450","3/14/2021 12:35:00 AM","No Pedestrians Involved","Dry","No Unusual Conditions","Dark - No Street Light","Violation Driver 1","No Controls Present/Factor","Clear","Hit Object","Non-Related","Fixed Object","Not Applicable","Not Applicable","North Of","Guard rail, PG&E pole"
"676924","CR-0000086043","1","0","0","0","21-073-0276","False","False","0","3/14/2021 9:50:00 AM","No Pedestrians Involved","Dry","No Unusual Conditions","Daylight","Violation Driver 1","Controls Functioning","Clear","Rear End","Intersection","Other Vehicle","Not Applicable","Not Applicable","At",""
"676925","CR-0000086044","1","0","0","0","21-073-0366","False","False","350","3/14/2021 12:34:00 PM","No Pedestrians Involved","Dry","No Unusual Conditions","Daylight","Violation Driver 1","No Controls Present/Factor","Clear","Rear End","Non-Related","Parked Vehicle","Not Applicable","Not Applicable","South Of",""
"676926","CR-0000086045","0","0","0","0","21-073-0449","False","False","0","3/14/2021 2:08:00 PM","No Pedestrians Involved","Dry","No Unusual Conditions","Daylight","Unknown","No Controls Present/Factor","Cloudy","Broadside","Intersection","Other Vehicle","Not Applicable","Not Applicable","At",""
"676927","CR-0000086046","0","0","0","0","21-073-0765","False","False","51","3/14/2021 3:15:00 PM","No Pedestrians Involved","Dry","No Unusual Conditions","Daylight","Violation Driver 1","No Controls Present/Factor","Cloudy","Rear End","Non-Related","Parked Vehicle","Not Applicable","Not Applicable","South Of",""
"676928","CR-0000086047","1","1","0","0","21-073-0603","False","False","0","3/14/2021 5:10:00 PM","No Pedestrians Involved","Dry","No Unusual Conditions","Daylight","Violation Driver 1","Controls Functioning","Cloudy","Broadside","Intersection","Other Vehicle","Not Applicable","Not Applicable","At",""
"676929","CR-0000086048","0","0","0","0","21-073-0856","False","False","0","3/14/2021 9:40:00 PM","No Pedestrians Involved","Wet","No Unusual Conditions","Dusk - Dawn","Violation Driver 1","Controls Functioning","Rain","Sideswipe","Intersection","Other Vehicle","Not Applicable","Not Applicable","At",""
"676930","CR-0000086049","1","0","0","0","21-073-0873","False","False","28","3/14/2021 9:58:00 PM","No Pedestrians Involved","Wet","No Unusual Conditions","Dark - Street Light","Violation Driver 1","No Controls Present/Factor","Rain","Sideswipe","Related","Parked Vehicle","Not Applicable","Not Applicable","South Of",""
"676931","CR-0000086050","0","0","0","0","21-073-0876","True","False","30","3/14/2021 10:02:00 PM","No Pedestrians Involved","Wet","No Unusual Conditions","Dark - Street Light","Violation Driver 1","No Controls Present/Factor","Rain","Hit Object","Related","Fixed Object","Not Applicable","Not Applicable","South Of","Light pole"
"676932","CR-0000086051","0","0","0","0","21-075-0526","False","False","200","3/15/2021 8:00:00 PM","No Pedestrians Involved","Dry","No Unusual Conditions","Dusk - Dawn","Violation Driver 1","No Controls Present/Factor","Cloudy","Sideswipe","Non-Related","Other Vehicle","Not Applicable","Not Applicable","North Of",""
"676933","CR-0000086052","1","0","0","0","21-074-1012","False","False","0","3/15/2021 10:34:00 PM","No Pedestrians Involved","Dry","No Unusual Conditions","Dark - Street Light Not Functioning","Unknown","No Controls Present/Factor","Clear","Sideswipe","Intersection","Other Vehicle","Not Applicable","Not Applicable","At",""
"676934","CR-0000086053","1","0","0","0","21-075-0451","False","False","0","3/16/2021 12:45:00 PM","No Pedestrians Involved","Dry","No Unusual Conditions","Daylight","Violation Driver 1","Controls Functioning","Clear","Rear End","Intersection","Other Vehicle","Not Applicable","Not Applicable","At",""