"CrashFactId","Name","MinorInjuries","ModerateInjuries","SevereInjuries","FatalInjuries","TcrNumber","CityDamageFlag","ShortFormFlag","Distance","CrashDateTime","PedestrianAction","RoadwaySurface","RoadwayCondition","Lighting","PrimaryCollisionFactor","TrafficControl","Weather","CollisionType","ProximityToIntersection","VehicleInvolvedWith","PedestrianDirectionFrom","PedestrianDirectionTo","DirectionFromIntersection","Comment"
"677128","CR-0000086268","0","0","0","0","21-093-0662","False","False","350","4/3/2021 5:37:00 PM","No Pedestrians Involved","Dry","No Unusual Conditions","Daylight","Violation Driver 1","No Controls Present/Factor","Clear","Sideswipe","Non-Related","Other Vehicle","Not Applicable","Not Applicable","South Of",""
"677129","CR-0000086269","1","0","0","0","21-093-0683","False","False","275","4/3/2021 6:02:00 PM","No Pedestrians Involved","Dry","No Unusual Conditions","Daylight","Violation Driver 1","No Controls Present/Factor","Clear","Rear End","Non-Related","Other Vehicle","Not Applicable","Not Applicable","South Of",""
"677130","CR-0000086270","0","0","0","0","21-093-0684","False","False","46","4/3/2021 6:03:00 PM","No Pedestrians Involved","Dry","No Unusual Conditions","Dark - Street Light","Violation Driver 1","Controls Functioning","Clear","Sideswipe","Related","Other Vehicle","Not Applicable","Not Applicable","South Of",""
"677131","CR-0000086271","0","0","0","0","21-093-0789","True","False","575","4/3/2021 7:45:00 PM","No Pedestrians Involved","Dry","No Unusual Conditions","Dark - Street Light","Violation Driver 1","Controls Functioning","Clear","Hit Object","Non-Related","Fixed Object","Not Applicable","Not Applicable","West Of","Light pole"
"677132","CR-0000086272","0","0","0","0","21-093-1040","False","False","62","4/3/2021 11:31:00 PM","No Pedestrians Involved","Dry","No Unusual Conditions","Dark - Street Light","Violation Driver 1","Controls Functioning","Clear","Rear End","Non-Related","Parked Vehicle","Not Applicable","Not Applicable","West Of",""
"677133","CR-0000086273","0","0","0","0","21-094-0048","False","False","92","4/4/2021 12:58:00 AM","No Pedestrians Involved","Dry","No Unusual Conditions","Dark - Street Light","Violation Driver 1","No Controls Present/Factor","Clear","Rear End","Non-Related","Parked Vehicle","Not Applicable","Not Applicable","South Of",""
"677134","CR-0000086274","0","0","0","0","21-094-0162","False","False","520","4/4/2021 5:59:00 AM","No Pedestrians Involved","Dry","No Unusual Conditions","Dusk - Dawn","Violation Driver 1","No Controls Present/Factor","Clear","Rear End","Non-Related","Parked Vehicle","Not Applicable","Not Applicable","North Of",""
"677135","CR-0000086275","0","0","0","0","21-094-0207","False","False","200","4/4/2021 8:26:00 AM","No Pedestrians Involved","Dry","No Unusual Conditions","Daylight","Violation Driver 1","No Controls Present/Factor","Clear","Sideswipe","Non-Related","Parked Vehicle","Not Applicable","Not Applicable","North Of",""
"677136","CR-0000086276","1","1","1","0","21-094-0308","False","False","0","4/4/2021 11:06:00 AM","No Pedestrians Involved","Dry","No Unusual Conditions","Daylight","Violation Driver 1","Controls Functioning","Clear","Broadside","Intersection","Other Vehicle","Not Applicable","Not Applicable","At",""
"677137","CR-0000086277","0","0","0","0","21-094-0358","False","False","0","4/4/2021 12:28:00 PM","No Pedestrians Involved","Dry","No Unusual Conditions","Daylight","Violation Driver 1","Controls Functioning","Clear","Rear End","Intersection","Other Vehicle","Not Applicable","Not Applicable","At",""
"677138","CR-0000086278","0","0","1","0","21-094-0635","False","False","0","4/4/2021 5:41:00 PM","No Pedestrians Involved","Dry","No Unusual Conditions","Daylight","Unknown","Controls Not Functioning","Clear","Vehicle/Bike","Intersection","Bike","Not Applicable","Not Applicable","At",""
"677139","CR-0000086279","0","1","0","0","21-094-0690","False","False","51","4/4/2021 6:47:00 PM","No Pedestrians Involved","Dry","No Unusual Conditions","Dusk - Dawn","Unknown","No Controls Present/Factor","Clear","Rear End","Non-Related","Parked Vehicle","Not Applicable","Not Applicable","North Of",""
"677140","CR-0000086280","0","0","0","0","21-094-0738","False","False","100","4/4/2021 7:40:00 PM","No Pedestrians Involved","Dry","No Unusual Conditions","Dusk - Dawn","Violation Driver 1","No Controls Present/Factor","Clear","Sideswipe","Non-Related","Parked Vehicle","Not Applicable","Not Applicable","North Of",""
"677141","CR-0000086281","0","1","0","0","21-094-0756","False","False","323","4/4/2021 8:21:00 PM","No Pedestrians Involved","Dry","No Unusual Conditions","Dark - Street Light","Violation Driver 1","No Controls Present/Factor","Clear","Sideswipe","Non-Related","Parked Vehicle","Not Applicable","Not Applicable","South Of",""
"677142","CR-0000086282","2","0","0","0","21-095-0744","False","False","0","4/4/2021 8:48:00 PM","No Pedestrians Involved","Dry","No Unusual Conditions","Dark - Street Light","Violation Driver 1","Controls Functioning","Clear","Broadside","Intersection","Other Vehicle","Not Applicable","Not Applicable","At",""
"677143","CR-0000086285","0","0","0","0","21-095-0061","True","False","51","4/5/2021 2:15:00 AM","No Pedestrians Involved","Dry","No Unusual Conditions","Dark - Street Light","Violation Driver 1","No Controls Present/Factor","Clear","Hit Object","Non-Related","Fixed Object","Not Applicable","Not Applicable","North Of","Light pole"
"677144","CR-0000086286","1","0","0","0","21-095-0131","False","False","0","4/5/2021 6:48:00 AM","No Pedestrians Involved","Dry","No Unusual Conditions","Daylight","Violation Driver 1","Controls Functioning","Cloudy","Head On","Intersection","Other Vehicle","Not Applicable","Not Applicable","At",""
"677145","CR-0000086287","1","0","0","0","21-095-0136","False","False","0","4/5/2021 6:56:00 AM","No Pedestrians Involved","Unknown","No Unusual Conditions","Dusk - Dawn","Violation Driver 1","Controls Functioning","Clear","Broadside","Intersection","Other Vehicle","Not Applicable","Not Applicable","At",""
"677146","CR-0000086288","2","0","0","0","21-095-0208","False","False","0","4/5/2021 9:21:00 AM","No Pedestrians Involved","Dry","No Unusual Conditions","Daylight","Violation Driver 1","Controls Functioning","Clear","Sideswipe","Intersection","Other Vehicle","Not Applicable","Not Applicable","At",""
"677147","CR-0000086289","0","1","0","0","21-095-0482","False","False","250","4/5/2021 3:35:00 PM","No Pedestrians Involved","Dry","No Unusual Conditions","Daylight","Bike At Fault","Controls Functioning","Clear","Vehicle/Bike","Non-Related","Scooter Motorized","Not Applicable","Not Applicable","South Of",""
"677148","CR-0000086290","1","0","0","0","21-095-0696","False","False","","4/5/2021 7:30:00 PM","No Pedestrians Involved","Dry","No Unusual Conditions","Dark - Street Light","Violation Driver 1","Controls Functioning","Clear","Sideswipe","Related","Other Vehicle","Not Applicable","Not Applicable","South Of",""
"677149","CR-0000086291","0","0","0","0","21-095-0741","False","False","0","4/5/2021 8:37:00 PM","No Pedestrians Involved","Dry","No Unusual Conditions","Dark - Street Light","Violation Driver 1","Controls Functioning","Clear","Broadside","Intersection","Other Vehicle","Not Applicable","Not Applicable","At",""
"677150","CR-0000086292","0","0","1","0","21-095-0753","False","False","0","4/5/2021 9:01:00 PM","No Pedestrians Involved","Dry","No Unusual Conditions","Dark - Street Light","Bike At Fault","Controls Functioning","Clear","Vehicle/Bike","Intersection","Bike","Not Applicable","Not Applicable","At",""
"677151","CR-0000086293","0","0","0","0","21-096-0008","False","False","138","4/6/2021 12:10:00 AM","No Pedestrians Involved","Dry","No Unusual Conditions","Dark - Street Light","Violation Driver 1","No Controls Present/Factor","Clear","Rear End","Non-Related","Parked Vehicle","Not Applicable","Not Applicable","West Of",""
"677152","CR-0000086294","0","0","0","0","21-096-0099","True","False","28","4/6/2021 3:14:00 AM","No Pedestrians Involved","Dry","No Unusual Conditions","Dark - Street Light","Violation Driver 1","Controls Functioning","Clear","Hit Object","Related","Fixed Object","Not Applicable","Not Applicable","North Of","Fence, sign post"
"677153","CR-0000086295","0","1","0","0","21-096-0370","True","False","160","4/6/2021 11:10:00 AM","No Pedestrians Involved","Dry","Construction - Repair Zone","Daylight","Violation Driver 1","No Controls Present/Factor","Clear","Hit Object","Non-Related","Fixed Object","Not Applicable","Not Applicable","East Of","Light pole"
"677154","CR-0000086296","0","0","0","0","21-096-0472","False","False","0","4/6/2021 12:51:00 PM","No Pedestrians Involved","Dry","No Unusual Conditions","Daylight","Violation Driver 1","Controls Functioning","Clear","Broadside","Intersection","Other Vehicle","Not Applicable","Not Applicable","At",""
"677155","CR-0000086297","1","1","0","0","21-096-0679","False","False","0","4/6/2021 4:16:00 PM","No Pedestrians Involved","Dry","No Unusual Conditions","Daylight","Violation Driver 1","Controls Functioning","Clear","Broadside","Intersection","Other Vehicle","Not Applicable","Not Applicable","At",""
"677156","CR-0000086298","1","1","0","0","21-097-0411","False","False","0","4/7/2021 11:23:00 AM","No Pedestrians Involved","Dry","No Unusual Conditions","Daylight","Violation Driver 1","Controls Functioning","Clear","Broadside","Intersection","Other Vehicle","Not Applicable","Not Applicable","At",""
"677157","CR-0000086299","1","0","0","0","21-097-0507","False","False","425","4/7/2021 1:01:00 PM","No Pedestrians Involved","Dry","No Unusual Conditions","Daylight","Violation Driver 1","Controls Functioning","Clear","Broadside","Non-Related","Other Vehicle","Not Applicable","Not Applicable","South Of",""
"677158","CR-0000086300","1","0","0","0","21-097-0685","False","False","0","4/7/2021 7:18:00 PM","No Pedestrians Involved","Dry","No Unusual Conditions","Daylight","Violation Driver 1","No Controls Present/Factor","Clear","Broadside","Intersection","Other Vehicle","Not Applicable","Not Applicable","At",""
"677159","CR-0000086301","0","0","0","0","21-097-1012","False","False","0","4/7/2021 9:39:00 PM","No Pedestrians Involved","Dry","No Unusual Conditions","Dark - Street Light","Violation Driver 1","Controls Functioning","Clear","Broadside","Intersection","Other Vehicle","Not Applicable","Not Applicable","At",""
"677160","CR-0000086302","1","0","0","0","21-097-1027","False","False","51","4/7/2021 10:20:00 PM","No Pedestrians Involved","Dry","No Unusual Conditions","Dark - Street Light","Violation Driver 1","No Controls Present/Factor","Clear","Hit Object","Non-Related","Fixed Object","Not Applicable","Not Applicable","West Of","PG&E pole"
"677161","CR-0000086303","0","0","0","0","21-097-0835","False","False","0","4/7/2021 10:30:00 PM","No Pedestrians Involved","Dry","No Unusual Conditions","Daylight","Violation Driver 1","Controls Functioning","Clear","Head On","Intersection","Other Vehicle","Not Applicable","Not Applicable","At",""
"677162","CR-0000086304","0","1","0","0","21-098-0056","False","False","87","4/8/2021 2:14:00 AM","No Pedestrians Involved","Dry","No Unusual Conditions","Dark - Street Light","Violation Driver 1","Controls Functioning","Cloudy","Head On","Non-Related","Parked Vehicle","Not Applicable","Not Applicable","East Of",""
"677163","CR-0000086305","0","1","0","0","21-098-0534","False","False","0","4/8/2021 3:14:00 PM","No Pedestrians Involved","Dry","Unknown","Daylight","Bike At Fault","Controls Functioning","Clear","Vehicle/Bike","Intersection","Bike","Not Applicable","Not Applicable","At",""
"677164","CR-0000086306","0","0","0","0","21-095-0825","False","False","51","4/5/2021 10:51:00 PM","No Pedestrians Involved","Dry","No Unusual Conditions","Dark - Street Light","Violation Driver 1","No Controls Present/Factor","Clear","Rear End","Non-Related","Parked Vehicle","Not Applicable","Not Applicable","North Of",""
"677165","CR-0000086307","0","0","0","0","21-096-0649","False","False","51","4/6/2021 3:43:00 PM","No Pedestrians Involved","Dry","No Unusual Conditions","Daylight","Violation Driver 1","No Controls Present/Factor","Clear","Sideswipe","Non-Related","Other Vehicle","Not Applicable","Not Applicable","East Of",""
"677166","CR-0000086308","0","0","0","0","21-097-0528","True","False","192","4/7/2021 1:23:00 PM","No Pedestrians Involved","Unknown","No Unusual Conditions","Daylight","Violation Driver 1","Controls Functioning","Clear","Hit Object","Non-Related","Fixed Object","Not Applicable","Not Applicable","North Of","Tree, light pole"
"677167","CR-0000086309","1","0","0","0","21-097-0624","False","False","0","4/7/2021 2:49:00 PM","No Pedestrians Involved","Dry","No Unusual Conditions","Daylight","Violation Driver 1","Controls Functioning","Clear","Rear End","Intersection","Other Vehicle","Not Applicable","Not Applicable","At",""
"677168","CR-0000086310","0","0","0","0","21-098-0111","True","False","2500","4/8/2021 5:41:00 AM","No Pedestrians Involved","Dry","No Unusual Conditions","Dark - Street Light","Violation Driver 1","No Controls Present/Factor","Clear","Hit Object","Non-Related","Fixed Object","Not Applicable","Not Applicable","North Of",""
"677169","CR-0000086311","1","0","0","0","21-098-0243","False","False","171","4/8/2021 9:40:00 AM","No Pedestrians Involved","Dry","No Unusual Conditions","Daylight","Violation Driver 1","No Controls Present/Factor","Clear","Broadside","Non-Related","Motorcycle","Not Applicable","Not Applicable","West Of",""
"677170","CR-0000086312","1","0","0","0","21-098-0821","False","False","0","4/8/2021 7:58:00 PM","No Pedestrians Involved","Dry","No Unusual Conditions","Dark - Street Light","Violation Driver 1","Controls Functioning","Clear","Broadside","Intersection","Other Vehicle","Not Applicable","Not Applicable","At",""
"677171","CR-0000086313","0","0","0","0","21-098-0884","False","False","262","4/8/2021 9:36:00 PM","No Pedestrians Involved","Dry","No Unusual Conditions","Dark - No Street Light","Violation Driver 1","No Controls Present/Factor","Clear","Head On","Non-Related","Parked Vehicle","Not Applicable","Not Applicable","West Of",""
"677172","CR-0000086314","1","0","0","0","21-099-0173","False","False","150","4/9/2021 8:30:00 AM","No Pedestrians Involved","Dry","No Unusual Conditions","Daylight","Violation Driver 1","Controls Functioning","Clear","Broadside","Non-Related","Other Vehicle","Not Applicable","Not Applicable","West Of",""
"677173","CR-0000086315","0","0","0","0","21-099-0199","False","False","30","4/9/2021 9:09:00 AM","No Pedestrians Involved","Dry","No Unusual Conditions","Daylight","Violation Driver 1","Controls Functioning","Clear","Rear End","Related","Other Vehicle","Not Applicable","Not Applicable","West Of",""
"677174","CR-0000086316","0","1","0","0","21-099-0515","False","False","552","4/9/2021 3:30:00 PM","In Road - Includes Shoulder","Dry","No Unusual Conditions","Daylight","Pedestrian At Fault","No Controls Present/Factor","Clear","Vehicle/Pedestrian","Non-Related","Pedestrian","East","West","South Of","3 year old ran onto the road"
"677175","CR-0000086317","0","2","0","0","21-099-0887","False","False","153","4/9/2021 9:47:00 PM","No Pedestrians Involved","Dry","No Unusual Conditions","Dark - Street Light","Violation Driver 1","Controls Functioning","Clear","Broadside","Non-Related","Other Vehicle","Not Applicable","Not Applicable","North Of",""
"677176","CR-0000086318","0","0","0","0","21-099-1005","False","False","300","4/10/2021 12:01:00 AM","No Pedestrians Involved","Dry","No Unusual Conditions","Dark - Street Light","Violation Driver 1","No Controls Present/Factor","Clear","Sideswipe","Non-Related","Parked Vehicle","Not Applicable","Not Applicable","South Of",""
"677177","CR-0000086319","0","0","0","0","21-100-0041","True","False","28","4/10/2021 12:55:00 AM","No Pedestrians Involved","Dry","No Unusual Conditions","Dark - Street Light","Violation Driver 1","Controls Functioning","Clear","Hit Object","Related","Fixed Object","Not Applicable","Not Applicable","East Of","Traffic light pole"
"677178","CR-0000086320","0","0","0","0","21-100-0051","False","False","51","4/10/2021 1:10:00 AM","No Pedestrians Involved","Dry","No Unusual Conditions","Dark - Street Light","Violation Driver 1","Controls Functioning","Clear","Sideswipe","Non-Related","Other Vehicle","Not Applicable","Not Applicable","North Of",""
"677179","CR-0000086321","1","0","0","0","21-100-0151","True","False","0","4/10/2021 5:26:00 AM","No Pedestrians Involved","Dry","No Unusual Conditions","Dark - Street Light","Violation Driver 1","Unknown","Clear","Hit Object","Intersection","Fixed Object","Not Applicable","Not Applicable","At","Small tree"
"677180","CR-0000086322","0","0","0","0","21-100-0175","False","False","16","4/10/2021 6:40:00 AM","No Pedestrians Involved","Dry","No Unusual Conditions","Daylight","Violation Driver 1","No Controls Present/Factor","Clear","Broadside","Related","Parked Vehicle","Not Applicable","Not Applicable","South Of",""
"677181","CR-0000086323","1","0","0","0","21-100-0657","False","False","0","4/10/2021 5:59:00 PM","No Pedestrians Involved","Dry","No Unusual Conditions","Daylight","Bike At Fault","Controls Functioning","Clear","Vehicle/Bike","Intersection","Bike","Not Applicable","Not Applicable","At",""
"677182","CR-0000086324","0","2","0","0","21-100-0667","False","False","215","4/10/2021 6:03:00 PM","No Pedestrians Involved","Dry","No Unusual Conditions","Daylight","Violation Driver 1","No Controls Present/Factor","Clear","Sideswipe","Non-Related","Parked Vehicle","Not Applicable","Not Applicable","South Of",""
"677183","CR-0000086325","1","2","0","0","21-100-0754","False","False","0","4/10/2021 7:42:00 PM","No Pedestrians Involved","Dry","No Unusual Conditions","Dusk - Dawn","Violation Driver 1","No Controls Present/Factor","Clear","Broadside","Intersection","Other Vehicle","Not Applicable","Not Applicable","At",""
"677184","CR-0000086326","0","0","0","0","21-100-0785","False","False","30","4/10/2021 8:17:00 PM","No Pedestrians Involved","Dry","No Unusual Conditions","Dark - Street Light","Violation Driver 1","Controls Functioning","Clear","Broadside","Related","Parked Vehicle","Not Applicable","Not Applicable","East Of",""
"677185","CR-0000086327","0","0","0","0","21-100-0820","False","False","138","4/10/2021 8:59:00 PM","No Pedestrians Involved","Unknown","No Unusual Conditions","Dark - Street Light","Violation Driver 1","Controls Functioning","Clear","Hit Object","Non-Related","Fixed Object","Not Applicable","Not Applicable","North Of","Fence"
"677186","CR-0000086328","0","0","0","0","21-100-0875","False","False","0","4/10/2021 9:30:00 PM","No Pedestrians Involved","Dry","No Unusual Conditions","Dark - Street Light","Violation Driver 1","Controls Functioning","Clear","Broadside","Intersection","Other Vehicle","Not Applicable","Not Applicable","At",""
"677187","CR-0000086329","0","0","0","0","21-100-0893","False","False","42","4/10/2021 10:11:00 PM","No Pedestrians Involved","Dry","No Unusual Conditions","Dark - Street Light","Violation Driver 1","No Controls Present/Factor","Clear","Sideswipe","Related","Parked Vehicle","Not Applicable","No Direction (Not Walking)","West Of",""
"677188","CR-0000086330","0","0","0","0","21-101-4001","False","True","","4/10/2021 5:26:00 PM","No Pedestrians Involved","Unknown","Unknown","Dusk - Dawn","Unknown","Unknown","Unknown","Other","Related","Motorcycle","Not Applicable","Not Applicable","West Of",""
"677189","CR-0000086331","0","0","0","0","21-101-0198","False","False","35","4/11/2021 3:49:00 AM","No Pedestrians Involved","Dry","No Unusual Conditions","Dark - Street Light","Violation Driver 1","Controls Functioning","Clear","Hit Object","Related","Fixed Object","Not Applicable","Not Applicable","South Of","Reflective sign, VTA light pole, VTA pole"
"677190","CR-0000086332","0","0","0","0","21-101-0224","False","False","154","4/11/2021 5:18:00 AM","No Pedestrians Involved","Dry","No Unusual Conditions","Dusk - Dawn","Unknown","No Controls Present/Factor","Clear","Broadside","Non-Related","Parked Vehicle","Not Applicable","Not Applicable","South Of",""
"677191","CR-0000086333","2","0","0","0","21-101-0399","False","False","0","4/11/2021 11:18:00 AM","No Pedestrians Involved","Dry","No Unusual Conditions","Daylight","Violation Driver 1","Controls Functioning","Clear","Broadside","Intersection","Other Vehicle","Not Applicable","Not Applicable","At",""
"677192","CR-0000086334","0","0","0","0","21-101-0571","False","False","180","4/11/2021 3:03:00 PM","No Pedestrians Involved","Dry","No Unusual Conditions","Daylight","Violation Driver 1","No Controls Present/Factor","Clear","Rear End","Non-Related","Other Vehicle","Not Applicable","Not Applicable","South Of",""
"677193","CR-0000086335","0","1","0","0","21-101-0796","True","False","55","4/11/2021 7:56:00 PM","No Pedestrians Involved","Dry","No Unusual Conditions","Dark - Street Light","Violation Driver 1","No Controls Present/Factor","Clear","Hit Object","Non-Related","Fixed Object","Not Applicable","Not Applicable","South Of","Tree"
"677194","CR-0000086336","0","0","0","0","21-101-0967","True","False","39","4/11/2021 11:46:00 PM","No Pedestrians Involved","Dry","No Unusual Conditions","Dark - Street Light","Unknown","Controls Functioning","Clear","Head On","Related","Parked Vehicle","Not Applicable","Not Applicable","West Of","Tree"
"677195","CR-0000086337","1","1","0","0","21-102-0551","False","False","0","4/12/2021 1:42:00 PM","No Pedestrians Involved","Dry","No Unusual Conditions","Daylight","Violation Driver 1","Controls Functioning","Clear","Broadside","Intersection","Other Vehicle","Not Applicable","Not Applicable","At",""
"677196","CR-0000086338","0","0","0","0","21-102-0867","False","False","51","4/12/2021 6:40:00 PM","No Pedestrians Involved","Dry","No Unusual Conditions","Daylight","Violation Driver 1","No Controls Present/Factor","Clear","Sideswipe","Non-Related","Parked Vehicle","Not Applicable","Not Applicable","South Of",""
"677197","CR-0000086339","1","0","0","0","21-102-0970","True","False","0","4/12/2021 9:05:00 PM","No Pedestrians Involved","Dry","No Unusual Conditions","Dark - Street Light","Violation Driver 1","No Controls Present/Factor","Clear","Hit Object","Intersection","Fixed Object","Not Applicable","Not Applicable","At","Curb, sign, fence"
"677198","CR-0000086340","0","0","0","0","21-102-1013","False","False","59","4/12/2021 9:59:00 PM","No Pedestrians Involved","Dry","No Unusual Conditions","Dark - Street Light","Violation Driver 1","No Controls Present/Factor","Clear","Sideswipe","Non-Related","Parked Vehicle","Not Applicable","Not Applicable","North Of",""
"677199","CR-0000086341","0","1","0","0","21-103-0612","False","False","51","4/13/2021 2:20:00 PM","Not In Road","Dry","No Unusual Conditions","Daylight","Violation Driver 1","No Controls Present/Factor","Clear","Vehicle/Pedestrian","Non-Related","Pedestrian","No Direction (Not Walking)","No Direction (Not Walking)","West Of","Towing vehicle (D1) hit a parked motorcycle which in-turn hit a pedestrian standing nearby."
"677200","CR-0000086342","0","0","1","0","21-103-0624","False","False","20","4/13/2021 2:29:00 PM","Crossing In Crosswalk - At Intersection","Dry","No Unusual Conditions","Daylight","Violation Driver 1","Controls Functioning","Clear","Vehicle/Pedestrian","Related","Pedestrian","West","East","South Of",""
"677201","CR-0000086343","0","0","0","0","21-103-0689","True","False","900","4/13/2021 3:41:00 PM","No Pedestrians Involved","Dry","No Unusual Conditions","Daylight","Violation Driver 1","Controls Functioning","Clear","Hit Object","Non-Related","Fixed Object","Not Applicable","Not Applicable","South Of","Tree"
"677202","CR-0000086344","1","0","0","0","21-103-0715","False","False","0","4/13/2021 4:00:00 PM","No Pedestrians Involved","Dry","No Unusual Conditions","Daylight","Violation Driver 1","No Controls Present/Factor","Clear","Broadside","Intersection","Other Vehicle","Not Applicable","Not Applicable","At",""
"677203","CR-0000086345","2","0","0","0","21-103-0739","False","False","800","4/13/2021 4:24:00 PM","No Pedestrians Involved","Dry","No Unusual Conditions","Daylight","Violation Driver 1","Controls Functioning","Clear","Rear End","Non-Related","Other Vehicle","Not Applicable","Not Applicable","East Of",""
"677204","CR-0000086346","0","1","0","0","21-103-0932","True","False","1350","4/13/2021 7:52:00 PM","No Pedestrians Involved","Dry","No Unusual Conditions","Dark - Street Light","Violation Driver 1","No Controls Present/Factor","Clear","Hit Object","Non-Related","Fixed Object","Not Applicable","Not Applicable","North Of","Street sign"
"677205","CR-0000086347","0","0","0","0","21-103-4001","False","True","51","4/13/2021 12:00:00 PM","No Pedestrians Involved","Unknown","Unknown","Daylight","Unknown","Unknown","Unknown","Rear End","Non-Related","Other Vehicle","Not Applicable","Not Applicable","North Of",""
"677206","CR-0000086348","0","1","0","0","21-104-0477","False","False","65","4/14/2021 2:11:00 PM","In Road - Includes Shoulder","Dry","No Unusual Conditions","Daylight","Unknown","No Controls Present/Factor","Clear","Vehicle/Pedestrian","Non-Related","Pedestrian","No Direction (Not Walking)","No Direction (Not Walking)","West Of",""
"677207","CR-0000086349","0","1","0","0","21-104-0529","True","False","0","4/14/2021 3:04:00 PM","No Pedestrians Involved","Dry","No Unusual Conditions","Daylight","Violation Driver 1","No Controls Present/Factor","Clear","Hit Object","Intersection","Fixed Object","Not Applicable","Not Applicable","At","Signal pole"
"677208","CR-0000086350","0","0","0","0","21-104-0904","True","False","60","4/14/2021 10:20:00 PM","No Pedestrians Involved","Dry","No Unusual Conditions","Dark - Street Light","Unknown","Controls Functioning","Clear","Hit Object","Non-Related","Fixed Object","Not Applicable","Not Applicable","North Of","Street sign"
"677209","CR-0000086351","0","0","0","0","21-104-0908","True","False","54","4/14/2021 10:21:00 PM","No Pedestrians Involved","Dry","No Unusual Conditions","Dark - Street Light","Violation Driver 1","Controls Functioning","Clear","Hit Object","Non-Related","Fixed Object","Not Applicable","Not Applicable","North Of","Traffic light, electric box"
"677210","CR-0000086352","4","1","0","0","21-104-0933","False","False","144","4/14/2021 11:03:00 PM","No Pedestrians Involved","Dry","No Unusual Conditions","Dark - Street Light","Violation Driver 1","Controls Functioning","Clear","Rear End","Non-Related","Other Vehicle","Not Applicable","Not Applicable","East Of",""
"677211","CR-0000086353","0","0","0","1","21-108-0598","True","False","","4/18/2021 3:09:00 PM","No Pedestrians Involved","Dry","No Unusual Conditions","Daylight","Other Than Driver","Controls Functioning","Clear","Hit Object","Related","Fixed Object","Not Applicable","Not Applicable","West Of","Fatality crash. Tree"
"677212","CR-0000086354","0","1","0","0","21-105-0512","False","False","0","4/15/2021 3:10:00 PM","No Pedestrians Involved","Dry","No Unusual Conditions","Daylight","Bike At Fault","Controls Functioning","Clear","Vehicle/Bike","Intersection","Bike","Not Applicable","Not Applicable","At",""
"677213","CR-0000086355","0","0","0","0","21-106-0186","False","False","970","4/16/2021 7:55:00 AM","No Pedestrians Involved","Dry","No Unusual Conditions","Daylight","Violation Driver 1","No Controls Present/Factor","Cloudy","Sideswipe","Non-Related","Other Vehicle","Not Applicable","Not Applicable","South Of",""
"677214","CR-0000086356","0","0","0","0","21-106-0979","True","False","126","4/16/2021 10:30:00 PM","No Pedestrians Involved","Dry","No Unusual Conditions","Dark - Street Light","Violation Driver 1","No Controls Present/Factor","Clear","Hit Object","Non-Related","Fixed Object","Not Applicable","Not Applicable","North Of","Curb, sprinkler system"
"677215","CR-0000086357","0","0","0","0","21-107-0022","False","False","208","4/17/2021 12:26:00 AM","No Pedestrians Involved","Dry","No Unusual Conditions","Dark - Street Light","Violation Driver 1","Controls Functioning","Clear","Rear End","Non-Related","Other Vehicle","Not Applicable","Not Applicable","East Of",""
"677216","CR-0000086358","1","1","0","0","21-107-0360","False","False","39","4/17/2021 12:49:00 PM","No Pedestrians Involved","Dry","Unknown","Daylight","Violation Driver 1","Controls Functioning","Clear","Sideswipe","Related","Other Vehicle","Not Applicable","Not Applicable","East Of",""
"677217","CR-0000086360","1","0","0","0","21-106-0277","True","False","0","4/16/2021 10:23:00 AM","No Pedestrians Involved","Dry","No Unusual Conditions","Daylight","Violation Driver 1","Controls Functioning","Clear","Broadside","Intersection","Motor Vehicle On Other Roadway","Not Applicable","Not Applicable","At","Light pole"
"677218","CR-0000086361","1","0","0","0","21-096-0372","False","False","51","4/6/2021 11:20:00 AM","No Pedestrians Involved","Dry","No Unusual Conditions","Daylight","Violation Driver 1","No Controls Present/Factor","Clear","Broadside","Non-Related","Other Vehicle","Not Applicable","Not Applicable","East Of",""
"677219","CR-0000086362","0","0","0","0","21-108-4001","False","True","0","4/17/2021 4:15:00 PM","No Pedestrians Involved","Unknown","Unknown","Daylight","Unknown","Unknown","Unknown","Broadside","Intersection","Other Vehicle","Not Applicable","Not Applicable","At",""
"677220","CR-0000086363","0","0","0","0","21-109-4002","False","True","","4/17/2021 10:35:00 PM","No Pedestrians Involved","Unknown","Unknown","Unknown","Unknown","Unknown","Unknown","Head On","Related","Other Vehicle","Not Applicable","Not Applicable","North Of",""
"677221","CR-0000086364","0","0","0","0","21-107-4004","False","True","0","4/17/2021 8:45:00 PM","No Pedestrians Involved","Unknown","Unknown","Unknown","Unknown","Unknown","Unknown","Sideswipe","Intersection","Other Vehicle","Not Applicable","Not Applicable","At",""
"677222","CR-0000086365","1","0","0","0","21-094-0448","False","False","65","4/4/2021 2:23:00 PM","No Pedestrians Involved","Dry","No Unusual Conditions","Daylight","Violation Driver 1","Controls Functioning","Clear","Rear End","Non-Related","Other Vehicle","Not Applicable","Not Applicable","West Of",""
"677223","CR-0000086366","0","1","0","0","21-096-0600","False","False","0","4/6/2021 2:46:00 PM","No Pedestrians Involved","Dry","No Unusual Conditions","Daylight","Violation Driver 1","No Controls Present/Factor","Clear","Head On","Intersection","Other Vehicle","Not Applicable","Not Applicable","At",""