"CrashFactId","Name","MinorInjuries","ModerateInjuries","SevereInjuries","FatalInjuries","TcrNumber","CityDamageFlag","ShortFormFlag","Distance","CrashDateTime","PedestrianAction","RoadwaySurface","RoadwayCondition","Lighting","PrimaryCollisionFactor","TrafficControl","Weather","CollisionType","ProximityToIntersection","VehicleInvolvedWith","PedestrianDirectionFrom","PedestrianDirectionTo","DirectionFromIntersection","Comment"
"677224","CR-0000086367","0","0","0","0","21-098-0594","False","False","0","4/8/2021 4:23:00 PM","No Pedestrians Involved","Dry","No Unusual Conditions","Daylight","Unknown","Controls Functioning","Clear","Sideswipe","Intersection","Other Vehicle","Not Applicable","Not Applicable","At",""
"677225","CR-0000086368","0","0","1","0","21-098-0836","False","False","52","4/8/2021 8:40:00 PM","No Pedestrians Involved","Dry","No Unusual Conditions","Dark - Street Light","Violation Driver 1","Controls Functioning","Clear","Vehicle/Bike","Non-Related","Scooter Motorized","Not Applicable","Not Applicable","East Of",""
"677226","CR-0000086369","0","0","0","0","21-099-0256","True","False","465","4/9/2021 10:21:00 AM","No Pedestrians Involved","Dry","No Unusual Conditions","Daylight","Violation Driver 1","No Controls Present/Factor","Clear","Hit Object","Non-Related","Fixed Object","Not Applicable","Not Applicable","West Of","Tree"
"677227","CR-0000086370","1","0","0","0","21-100-0726","False","False","50","4/10/2021 7:08:00 PM","No Pedestrians Involved","Dry","No Unusual Conditions","Dusk - Dawn","Violation Driver 1","No Controls Present/Factor","Clear","Rear End","Related","Other Vehicle","Not Applicable","Not Applicable","East Of",""
"677228","CR-0000086371","1","0","0","0","21-100-0896","False","False","","4/10/2021 10:14:00 PM","No Pedestrians Involved","Dry","No Unusual Conditions","Dark - Street Light","Violation Driver 1","Controls Functioning","Clear","Rear End","Related","Other Vehicle","Not Applicable","Not Applicable","East Of",""
"677229","CR-0000086372","0","0","0","0","21-102-0742","True","False","52","4/12/2021 4:51:00 PM","No Pedestrians Involved","Dry","No Unusual Conditions","Daylight","Violation Driver 1","No Controls Present/Factor","Clear","Hit Object","Non-Related","Fixed Object","Not Applicable","Not Applicable","North Of","Street sign"
"677230","CR-0000086373","0","0","0","0","21-103-0151","False","False","80","4/13/2021 12:00:00 AM","No Pedestrians Involved","Dry","No Unusual Conditions","Dark - Street Light","Unknown","No Controls Present/Factor","Clear","Sideswipe","Non-Related","Parked Vehicle","Not Applicable","Not Applicable","West Of",""
"677231","CR-0000086374","1","0","0","0","21-103-0203","False","False","0","4/13/2021 7:29:00 AM","No Pedestrians Involved","Dry","No Unusual Conditions","Daylight","Violation Driver 1","No Controls Present/Factor","Clear","Sideswipe","Intersection","Other Vehicle","Not Applicable","Not Applicable","At",""
"677232","CR-0000086375","0","0","0","0","21-103-0227","False","False","84","4/13/2021 8:02:00 AM","No Pedestrians Involved","Dry","No Unusual Conditions","Daylight","Violation Driver 1","Controls Functioning","Clear","Sideswipe","Non-Related","Parked Vehicle","Not Applicable","Not Applicable","East Of",""
"677233","CR-0000086376","0","0","0","0","21-103-0555","False","False","168","4/13/2021 1:27:00 PM","No Pedestrians Involved","Dry","No Unusual Conditions","Daylight","Violation Driver 1","No Controls Present/Factor","Clear","Hit Object","Non-Related","Fixed Object","Not Applicable","Not Applicable","North Of","Curb, steel gate"
"677234","CR-0000086377","0","0","0","0","21-106-0300","False","False","58","4/13/2021 4:30:00 PM","No Pedestrians Involved","Dry","No Unusual Conditions","Daylight","Violation Driver 1","Controls Functioning","Clear","Hit Object","Non-Related","Fixed Object","Not Applicable","Not Applicable","South Of","Curb, chain-link fence"
"677235","CR-0000086378","0","0","0","0","21-103-0991","False","False","186","4/13/2021 9:08:00 PM","No Pedestrians Involved","Dry","No Unusual Conditions","Dusk - Dawn","Violation Driver 1","No Controls Present/Factor","Clear","Sideswipe","Non-Related","Parked Vehicle","Not Applicable","Not Applicable","North Of",""
"677236","CR-0000086379","0","0","0","0","21-103-0758","True","False","0","4/13/2021 5:23:00 AM","No Pedestrians Involved","Dry","No Unusual Conditions","Dark - No Street Light","Violation Driver 1","No Controls Present/Factor","Clear","Hit Object","Intersection","Fixed Object","Not Applicable","Not Applicable","At","Street sign"
"677237","CR-0000086380","1","0","0","0","21-103-1019","False","False","0","4/13/2021 9:39:00 PM","No Pedestrians Involved","Dry","No Unusual Conditions","Dark - Street Light","Unknown","Controls Functioning","Clear","Broadside","Intersection","Other Vehicle","Not Applicable","Not Applicable","At",""
"677238","CR-0000086381","1","0","0","0","21-104-0449","False","False","0","4/14/2021 1:40:00 PM","No Pedestrians Involved","Dry","No Unusual Conditions","Daylight","Violation Driver 1","Controls Functioning","Clear","Vehicle/Bike","Intersection","Bike","Not Applicable","Not Applicable","At",""
"677239","CR-0000086382","1","0","0","0","21-105-0435","False","False","75","4/15/2021 1:13:00 PM","No Pedestrians Involved","Dry","No Unusual Conditions","Daylight","Violation Driver 1","Controls Functioning","Clear","Rear End","Non-Related","Other Vehicle","Not Applicable","Not Applicable","North Of",""
"677240","CR-0000086383","0","1","0","0","21-105-0737","False","False","","4/15/2021 6:25:00 PM","No Pedestrians Involved","Dry","No Unusual Conditions","Daylight","Bike At Fault","Controls Functioning","Cloudy","Vehicle/Bike","Related","Bike","Not Applicable","Not Applicable","West Of",""
"677241","CR-0000086384","0","0","0","0","21-105-0759","False","False","0","4/15/2021 6:50:00 PM","No Pedestrians Involved","Dry","No Unusual Conditions","Dusk - Dawn","Violation Driver 1","Controls Functioning","Clear","Broadside","Intersection","Other Vehicle","Not Applicable","Not Applicable","At",""
"677242","CR-0000086385","0","1","0","0","21-106-0031","False","False","","4/15/2021 9:00:00 PM","No Pedestrians Involved","Dry","No Unusual Conditions","Dark - Street Light","Violation Driver 1","Controls Functioning","Clear","Vehicle/Bike","Related","Bike","Not Applicable","Not Applicable","East Of",""
"677243","CR-0000086386","0","0","0","0","21-105-0886","False","False","30","4/15/2021 9:22:00 PM","No Pedestrians Involved","Dry","No Unusual Conditions","Dark - Street Light","Violation Driver 1","No Controls Present/Factor","Clear","Rear End","Related","Other Vehicle","Not Applicable","Not Applicable","West Of",""
"677244","CR-0000086387","0","0","0","0","21-105-0909","False","False","","4/15/2021 9:47:00 PM","No Pedestrians Involved","Dry","No Unusual Conditions","Dark - Street Light","Violation Driver 1","Controls Functioning","Clear","Rear End","Related","Other Vehicle","Not Applicable","Not Applicable","West Of",""
"677245","CR-0000086388","0","0","0","0","21-105-0938","False","False","393","4/15/2021 10:25:00 PM","No Pedestrians Involved","Dry","No Unusual Conditions","Dark - Street Light","Violation Driver 1","Controls Not Functioning","Clear","Sideswipe","Non-Related","Other Vehicle","Not Applicable","Not Applicable","East Of",""
"677246","CR-0000086389","1","0","0","0","21-106-0230","False","False","170","4/16/2021 9:43:00 AM","Crossing - Not In Crosswalk","Dry","No Unusual Conditions","Daylight","Pedestrian At Fault","No Controls Present/Factor","Clear","Vehicle/Pedestrian","Non-Related","Pedestrian","North","South","West Of",""
"677247","CR-0000086390","0","0","0","0","21-106-0310","False","False","0","4/16/2021 11:02:00 AM","No Pedestrians Involved","Wet","No Unusual Conditions","Daylight","Violation Driver 1","Controls Functioning","Clear","Broadside","Intersection","Other Vehicle","Not Applicable","Not Applicable","At",""
"677248","CR-0000086391","0","0","0","0","21-106-0334","False","False","0","4/16/2021 11:30:00 AM","No Pedestrians Involved","Dry","No Unusual Conditions","Daylight","Violation Driver 1","Controls Functioning","Clear","Broadside","Intersection","Other Vehicle","Not Applicable","Not Applicable","At",""
"677249","CR-0000086392","1","0","0","0","21-106-0378","False","False","46","4/16/2021 12:12:00 PM","No Pedestrians Involved","Dry","Construction - Repair Zone","Daylight","Violation Driver 1","No Controls Present/Factor","Clear","Broadside","Related","Other Vehicle","Not Applicable","Not Applicable","South Of",""
"677250","CR-0000086393","2","0","0","0","21-106-0380","False","False","410","4/16/2021 12:15:00 PM","No Pedestrians Involved","Dry","No Unusual Conditions","Daylight","Violation Driver 1","No Controls Present/Factor","Clear","Broadside","Non-Related","Other Vehicle","Not Applicable","Not Applicable","West Of",""
"677251","CR-0000086394","0","0","0","0","21-106-0421","False","False","","4/16/2021 12:55:00 PM","No Pedestrians Involved","Dry","No Unusual Conditions","Daylight","Violation Driver 1","Controls Functioning","Clear","Rear End","Related","Other Vehicle","Not Applicable","Not Applicable","South Of",""
"677252","CR-0000086395","0","0","0","0","21-106-0510","False","False","38","4/16/2021 2:40:00 PM","No Pedestrians Involved","Dry","No Unusual Conditions","Daylight","Violation Driver 1","Controls Functioning","Clear","Sideswipe","Related","Other Vehicle","Not Applicable","Not Applicable","West Of",""
"677253","CR-0000086396","0","0","0","0","21-107-0284","False","False","52","4/16/2021 4:00:00 PM","No Pedestrians Involved","Dry","No Unusual Conditions","Dark - No Street Light","Violation Driver 1","No Controls Present/Factor","Clear","Sideswipe","Non-Related","Parked Vehicle","Not Applicable","Not Applicable","East Of",""
"677254","CR-0000086397","0","0","0","0","21-106-0686","False","False","24","4/16/2021 5:35:00 PM","No Pedestrians Involved","Dry","No Unusual Conditions","Daylight","Violation Driver 1","Controls Functioning","Clear","Rear End","Related","Other Vehicle","Not Applicable","Not Applicable","South Of",""
"677255","CR-0000086398","0","1","0","0","21-106-0837","False","False","1000","4/16/2021 7:51:00 PM","No Pedestrians Involved","Dry","No Unusual Conditions","Dark - Street Light","Violation Driver 1","No Controls Present/Factor","Clear","Vehicle/Bike","Non-Related","Bike","Not Applicable","Not Applicable","North Of",""
"677256","CR-0000086400","0","0","0","0","21-107-0219","False","False","108","4/17/2021 9:15:00 AM","No Pedestrians Involved","Dry","No Unusual Conditions","Daylight","Violation Driver 1","Controls Functioning","Clear","Head On","Non-Related","Other Vehicle","Not Applicable","Not Applicable","South Of",""
"677257","CR-0000086401","0","1","0","0","21-107-0355","False","False","0","4/17/2021 12:42:00 PM","No Pedestrians Involved","Dry","No Unusual Conditions","Daylight","Violation Driver 1","Controls Functioning","Clear","Broadside","Intersection","Other Vehicle","Not Applicable","Not Applicable","At",""
"677258","CR-0000086402","0","0","0","0","21-107-0378","False","False","20","4/17/2021 1:10:00 PM","No Pedestrians Involved","Dry","No Unusual Conditions","Daylight","Violation Driver 1","No Controls Present/Factor","Clear","Sideswipe","Related","Parked Vehicle","Not Applicable","Not Applicable","West Of",""
"677259","CR-0000086403","2","0","0","0","21-107-0398","False","False","16","4/17/2021 1:54:00 PM","No Pedestrians Involved","Dry","No Unusual Conditions","Daylight","Violation Driver 1","Controls Functioning","Clear","Rear End","Related","Other Vehicle","Not Applicable","Not Applicable","North Of",""
"677260","CR-0000086404","0","0","0","0","21-107-0518","True","False","440","4/17/2021 4:37:00 PM","No Pedestrians Involved","Dry","No Unusual Conditions","Daylight","Violation Driver 1","No Controls Present/Factor","Clear","Hit Object","Non-Related","Fixed Object","Not Applicable","Not Applicable","West Of","Curb"
"677261","CR-0000086399","0","0","0","0","21-107-0054","True","False","312","4/17/2021 1:30:00 AM","No Pedestrians Involved","Dry","No Unusual Conditions","Dark - Street Light","Violation Driver 1","No Controls Present/Factor","Clear","Hit Object","Non-Related","Fixed Object","Not Applicable","Not Applicable","South Of","Curb, palm trees"
"677262","CR-0000086405","0","1","0","0","21-107-0595","False","False","0","4/17/2021 5:50:00 PM","No Pedestrians Involved","Unknown","No Unusual Conditions","Daylight","Bike At Fault","Controls Functioning","Clear","Vehicle/Bike","Intersection","Bike","Not Applicable","Not Applicable","At",""
"677263","CR-0000086406","0","1","0","0","21-107-0603","False","False","75","4/17/2021 5:52:00 PM","No Pedestrians Involved","Dry","No Unusual Conditions","Daylight","Violation Driver 1","No Controls Present/Factor","Clear","Hit Object","Non-Related","Fixed Object","Not Applicable","Not Applicable","West Of","PG&E pole"
"677264","CR-0000086407","1","1","0","0","21-107-0609","False","False","254","4/17/2021 5:59:00 PM","No Pedestrians Involved","Dry","No Unusual Conditions","Daylight","Violation Driver 1","Controls Functioning","Clear","Rear End","Non-Related","Other Vehicle","Not Applicable","Not Applicable","North Of",""
"677265","CR-0000086408","0","0","0","0","21-107-0641","True","False","21","4/17/2021 6:30:00 PM","No Pedestrians Involved","Dry","No Unusual Conditions","Daylight","Violation Driver 1","No Controls Present/Factor","Clear","Hit Object","Related","Fixed Object","Not Applicable","Not Applicable","West Of","Crosswalk signal"
"677266","CR-0000086409","0","1","0","0","21-107-0905","False","False","32","4/17/2021 10:30:00 PM","Crossing - Not In Crosswalk","Dry","No Unusual Conditions","Dark - Street Light","Violation Driver 1","Controls Functioning","Clear","Vehicle/Pedestrian","Related","Pedestrian","North","South","West Of",""
"677267","CR-0000086410","2","0","0","0","21-108-0034","False","False","0","4/18/2021 12:27:00 AM","No Pedestrians Involved","Dry","No Unusual Conditions","Dark - Street Light","Violation Driver 1","No Controls Present/Factor","Clear","Broadside","Intersection","Other Vehicle","Not Applicable","Not Applicable","At",""
"677268","CR-0000086411","1","0","0","0","21-108-0619","False","False","0","4/18/2021 3:25:00 AM","No Pedestrians Involved","Dry","No Unusual Conditions","Daylight","Violation Driver 1","Controls Functioning","Clear","Sideswipe","Intersection","Other Vehicle","Not Applicable","Not Applicable","At",""
"677269","CR-0000086412","0","1","0","0","21-108-0270","False","False","0","4/18/2021 7:40:00 AM","No Pedestrians Involved","Dry","No Unusual Conditions","Daylight","Violation Driver 1","Controls Functioning","Clear","Broadside","Intersection","Other Vehicle","Not Applicable","Not Applicable","At",""
"677270","CR-0000086413","0","0","0","0","21-107-0261","False","False","197","4/17/2021 10:10:00 AM","No Pedestrians Involved","Dry","No Unusual Conditions","Daylight","Violation Driver 1","Controls Functioning","Clear","Sideswipe","Non-Related","Other Vehicle","Not Applicable","Not Applicable","North Of",""
"677271","CR-0000086414","1","0","0","0","21-108-0623","False","False","0","4/18/2021 3:36:00 PM","No Pedestrians Involved","Dry","No Unusual Conditions","Daylight","Violation Driver 1","Controls Functioning","Clear","Rear End","Intersection","Other Vehicle","Not Applicable","Not Applicable","At",""
"677272","CR-0000086415","0","0","0","0","21-108-0764","False","False","153","4/18/2021 6:39:00 PM","No Pedestrians Involved","Dry","No Unusual Conditions","Dusk - Dawn","Violation Driver 1","No Controls Present/Factor","Clear","Head On","Non-Related","Parked Vehicle","Not Applicable","Not Applicable","South Of",""
"677273","CR-0000086416","0","0","0","0","21-108-0874","True","False","98","4/18/2021 8:12:00 PM","No Pedestrians Involved","Dry","No Unusual Conditions","Dark - Street Light","Violation Driver 1","Controls Functioning","Clear","Hit Object","Non-Related","Fixed Object","Not Applicable","Not Applicable","West Of","Light pole"
"677274","CR-0000086417","1","0","0","0","21-108-0801","False","False","335","4/18/2021 9:13:00 PM","No Pedestrians Involved","Dry","No Unusual Conditions","Daylight","Violation Driver 1","No Controls Present/Factor","Clear","Broadside","Non-Related","Other Vehicle","Not Applicable","Not Applicable","East Of",""
"677275","CR-0000086418","2","0","0","0","21-108-0988","False","False","0","4/18/2021 10:21:00 PM","No Pedestrians Involved","Dry","No Unusual Conditions","Dark - Street Light","Unknown","Controls Functioning","Clear","Head On","Intersection","Other Vehicle","Not Applicable","Not Applicable","At",""
"677276","CR-0000086419","0","0","0","0","21-108-1049","False","False","395","4/18/2021 11:34:00 PM","No Pedestrians Involved","Dry","No Unusual Conditions","Dark - Street Light","Violation Driver 1","No Controls Present/Factor","Clear","Head On","Non-Related","Parked Vehicle","Not Applicable","Not Applicable","North Of",""
"677277","CR-0000086420","0","0","0","0","21-108-4003","False","True","","4/18/2021 3:20:00 PM","No Pedestrians Involved","Unknown","Unknown","Daylight","Unknown","Unknown","Unknown","Rear End","Related","Other Vehicle","Not Applicable","Not Applicable","North Of",""
"677278","CR-0000086421","0","0","0","0","21-109-0251","False","False","0","4/19/2021 8:40:00 AM","No Pedestrians Involved","Dry","No Unusual Conditions","Daylight","Violation Driver 1","Controls Functioning","Clear","Rear End","Intersection","Other Vehicle","Not Applicable","Not Applicable","At",""
"677279","CR-0000086422","2","0","0","0","21-109-0534","False","False","0","4/19/2021 1:02:00 PM","No Pedestrians Involved","Dry","No Unusual Conditions","Daylight","Violation Driver 1","Controls Functioning","Clear","Broadside","Intersection","Other Vehicle","Not Applicable","Not Applicable","At",""
"677280","CR-0000086423","0","0","0","0","21-109-0582","False","False","48","4/19/2021 1:48:00 PM","No Pedestrians Involved","Dry","No Unusual Conditions","Daylight","Violation Driver 1","No Controls Present/Factor","Clear","Sideswipe","Related","Other Vehicle","Not Applicable","Not Applicable","East Of",""
"677281","CR-0000086424","0","0","1","0","21-109-0506","False","False","200","4/19/2021 12:23:00 PM","No Pedestrians Involved","Dry","No Unusual Conditions","Daylight","Violation Driver 1","Controls Functioning","Clear","Rear End","Non-Related","Parked Vehicle","Not Applicable","Not Applicable","West Of",""
"677282","CR-0000086425","0","0","0","0","21-110-4001","False","True","","4/19/2021 8:25:00 PM","No Pedestrians Involved","Unknown","Unknown","Unknown","Unknown","Unknown","Unknown","Sideswipe","Related","Other Vehicle","Not Applicable","Not Applicable","West Of",""
"677283","CR-0000086426","0","0","0","0","21-110-0113","False","False","105","4/20/2021 4:57:00 AM","No Pedestrians Involved","Dry","No Unusual Conditions","Dark - Street Light","Violation Driver 1","No Controls Present/Factor","Clear","Broadside","Non-Related","Parked Vehicle","Not Applicable","Not Applicable","East Of",""
"677284","CR-0000086427","1","0","0","0","21-110-0171","False","False","250","4/20/2021 8:25:00 AM","No Pedestrians Involved","Dry","No Unusual Conditions","Daylight","Violation Driver 1","No Controls Present/Factor","Clear","Rear End","Non-Related","Parked Vehicle","Not Applicable","Not Applicable","North Of",""
"677285","CR-0000086428","3","0","0","0","21-110-0261","False","False","0","4/20/2021 9:24:00 AM","No Pedestrians Involved","Dry","No Unusual Conditions","Daylight","Violation Driver 1","Controls Functioning","Clear","Broadside","Intersection","Other Vehicle","Not Applicable","Not Applicable","At",""
"677286","CR-0000086429","0","0","0","0","21-110-0289","False","False","51","4/20/2021 9:45:00 AM","No Pedestrians Involved","Dry","No Unusual Conditions","Daylight","Violation Driver 1","Controls Functioning","Clear","Rear End","Non-Related","Other Vehicle","Not Applicable","Not Applicable","South Of",""
"677287","CR-0000086430","0","0","0","0","21-110-0483","False","False","250","4/20/2021 1:00:00 PM","No Pedestrians Involved","Dry","No Unusual Conditions","Daylight","Violation Driver 1","Unknown","Clear","Sideswipe","Non-Related","Parked Vehicle","Not Applicable","Not Applicable","East Of",""
"677288","CR-0000086431","0","1","0","0","21-110-0708","False","False","0","4/20/2021 6:19:00 PM","No Pedestrians Involved","Dry","No Unusual Conditions","Daylight","Bike At Fault","No Controls Present/Factor","Wind","Vehicle/Bike","Intersection","Bike","Not Applicable","Not Applicable","At",""
"677289","CR-0000086432","1","1","0","0","21-110-0820","False","False","0","4/20/2021 9:43:00 PM","No Pedestrians Involved","Dry","No Unusual Conditions","Dark - Street Light","Unknown","Controls Functioning","Clear","Broadside","Intersection","Other Vehicle","Not Applicable","Not Applicable","At",""
"677290","CR-0000086433","1","0","0","0","21-111-0339","True","False","250","4/21/2021 10:54:00 AM","No Pedestrians Involved","Dry","No Unusual Conditions","Daylight","Violation Driver 1","No Controls Present/Factor","Clear","Hit Object","Non-Related","Fixed Object","Not Applicable","Not Applicable","West Of","Light pole"
"677291","CR-0000086434","0","0","0","0","21-111-0433","False","False","31","4/21/2021 12:15:00 PM","No Pedestrians Involved","Dry","No Unusual Conditions","Daylight","Violation Driver 1","Controls Functioning","Clear","Rear End","Related","Other Vehicle","Not Applicable","Not Applicable","South Of",""
"677292","CR-0000086435","0","0","0","0","21-111-0715","False","False","0","4/21/2021 5:57:00 PM","No Pedestrians Involved","Dry","No Unusual Conditions","Daylight","Violation Driver 1","Controls Functioning","Clear","Rear End","Intersection","Other Vehicle","Not Applicable","Not Applicable","At",""
"677293","CR-0000086436","0","0","0","0","21-111-0736","False","False","","4/21/2021 6:44:00 PM","No Pedestrians Involved","Dry","No Unusual Conditions","Daylight","Violation Driver 1","Controls Functioning","Clear","Other","Related","Other Vehicle","Not Applicable","Not Applicable","South Of",""
"677294","CR-0000086437","0","1","0","0","21-111-0848","False","False","150","4/21/2021 9:05:00 PM","No Pedestrians Involved","Dry","No Unusual Conditions","Dark - Street Light","Violation Driver 1","No Controls Present/Factor","Clear","Sideswipe","Non-Related","Motorcycle","Not Applicable","Not Applicable","North Of",""
"677295","CR-0000086438","0","0","0","0","21-112-0009","False","False","203","4/21/2021 11:29:00 PM","No Pedestrians Involved","Dry","No Unusual Conditions","Dark - Street Light","Violation Driver 1","No Controls Present/Factor","Clear","Rear End","Non-Related","Other Vehicle","Not Applicable","Not Applicable","South Of",""
"677296","CR-0000086439","0","0","0","0","21-112-4000","False","True","51","4/21/2021 10:00:00 PM","No Pedestrians Involved","Unknown","Unknown","Unknown","Unknown","Unknown","Unknown","Broadside","Non-Related","Parked Vehicle","Not Applicable","Not Applicable","South Of",""
"677297","CR-0000086440","0","0","0","0","21-112-0917","False","False","0","4/22/2021 8:44:00 PM","No Pedestrians Involved","Dry","No Unusual Conditions","Dark - Street Light","Violation Driver 1","Controls Functioning","Clear","Broadside","Intersection","Other Vehicle","Not Applicable","Not Applicable","At",""
"677298","CR-0000086441","0","0","0","0","21-113-0041","False","False","93","4/23/2021 12:59:00 AM","No Pedestrians Involved","Dry","No Unusual Conditions","Dark - Street Light","Violation Driver 1","Controls Functioning","Clear","Rear End","Non-Related","Other Vehicle","Not Applicable","Not Applicable","North Of",""
"677299","CR-0000086442","0","1","0","0","21-113-0109","True","False","433","4/23/2021 4:19:00 AM","No Pedestrians Involved","Dry","No Unusual Conditions","Dark - Street Light","Violation Driver 1","Controls Functioning","Clear","Hit Object","Non-Related","Fixed Object","Not Applicable","Not Applicable","North Of","Barrier, center median"
"677300","CR-0000086443","0","0","0","0","21-113-0457","False","False","61","4/23/2021 2:30:00 PM","No Pedestrians Involved","Dry","No Unusual Conditions","Daylight","Violation Driver 1","No Controls Present/Factor","Clear","Sideswipe","Non-Related","Other Vehicle","Not Applicable","Not Applicable","South Of",""
"677301","CR-0000086444","2","0","0","0","21-113-0531","False","False","0","4/23/2021 2:36:00 PM","No Pedestrians Involved","Dry","No Unusual Conditions","Daylight","Violation Driver 1","Controls Functioning","Clear","Broadside","Intersection","Other Vehicle","Not Applicable","Not Applicable","At",""
"677302","CR-0000086445","0","0","0","0","21-113-0547","True","False","","4/23/2021 2:57:00 PM","No Pedestrians Involved","Dry","No Unusual Conditions","Daylight","Violation Driver 1","No Controls Present/Factor","Clear","Sideswipe","Related","Parked Vehicle","Not Applicable","Not Applicable","East Of","Street sign"
"677303","CR-0000086446","0","0","0","0","21-113-0555","False","False","39","4/23/2021 3:07:00 PM","No Pedestrians Involved","Dry","No Unusual Conditions","Daylight","Violation Driver 1","No Controls Present/Factor","Clear","Rear End","Related","Parked Vehicle","Not Applicable","Not Applicable","South Of",""
"677304","CR-0000086447","0","0","0","0","21-113-0565","False","False","75","4/23/2021 3:10:00 PM","No Pedestrians Involved","Dry","No Unusual Conditions","Daylight","Violation Driver 1","Controls Functioning","Clear","Rear End","Non-Related","Other Vehicle","Not Applicable","Not Applicable","South Of",""
"677305","CR-0000086448","0","1","0","0","21-113-0794","False","False","40","4/23/2021 6:53:00 PM","No Pedestrians Involved","Dry","No Unusual Conditions","Daylight","Violation Driver 1","Controls Functioning","Clear","Vehicle/Bike","Related","Bike","Not Applicable","Not Applicable","South Of",""
"677306","CR-0000086449","0","0","0","0","21-055-9707","False","True","","2/23/2021 3:00:00 PM","No Pedestrians Involved","Dry","No Unusual Conditions","Daylight","Unknown","Controls Functioning","Clear","Rear End","Related","Other Vehicle","Not Applicable","Not Applicable","East Of",""
"677307","CR-0000086450","0","0","0","0","21-057-9701","False","True","51","2/25/2021 4:30:00 PM","No Pedestrians Involved","Dry","Unknown","Daylight","Unknown","No Controls Present/Factor","Clear","Rear End","Non-Related","Other Vehicle","Not Applicable","Not Applicable","South Of",""
"677308","CR-0000086451","0","0","0","0","21-058-9704","False","True","","2/27/2021 12:15:00 PM","No Pedestrians Involved","Dry","No Unusual Conditions","Daylight","Unknown","Controls Functioning","Clear","Other","Related","Other Vehicle","Not Applicable","Not Applicable","South Of",""
"677309","CR-0000086453","0","0","0","0","21-086-9716","False","True","","3/30/2021 6:30:00 AM","No Pedestrians Involved","Dry","Unknown","Dusk - Dawn","Unknown","No Controls Present/Factor","Clear","Rear End","Related","Other Vehicle","Not Applicable","Not Applicable","East Of",""
"677310","CR-0000086454","0","0","0","0","21-095-9701","False","True","0","4/3/2021 5:30:00 AM","No Pedestrians Involved","Dry","No Unusual Conditions","Dark - Street Light","Unknown","Controls Functioning","Clear","Head On","Intersection","Other Vehicle","Not Applicable","Not Applicable","At",""
"677311","CR-0000086455","0","0","0","0","21-095-9704","False","True","0","4/4/2021 10:10:00 PM","No Pedestrians Involved","Dry","No Unusual Conditions","Dark - Street Light","Unknown","Controls Functioning","Clear","Broadside","Intersection","Other Vehicle","Not Applicable","Not Applicable","At",""
"677312","CR-0000086456","0","0","0","0","21-095-0438","False","True","0","4/5/2021 2:30:00 PM","No Pedestrians Involved","Dry","No Unusual Conditions","Daylight","Violation Driver 1","Controls Functioning","Clear","Broadside","Intersection","Other Vehicle","Not Applicable","Not Applicable","At",""
"677313","CR-0000086457","0","0","0","0","21-110-9705","False","False","51","4/6/2021 9:00:00 PM","No Pedestrians Involved","Dry","No Unusual Conditions","Dark - Street Light","Unknown","No Controls Present/Factor","Clear","Rear End","Non-Related","Other Vehicle","Not Applicable","Not Applicable","East Of",""
"677314","CR-0000086458","2","0","0","0","21-108-0877","False","False","0","4/18/2021 8:16:00 PM","No Pedestrians Involved","Dry","No Unusual Conditions","Dark - Street Light","Violation Driver 1","Controls Functioning","Clear","Head On","Intersection","Other Vehicle","Not Applicable","Not Applicable","At",""
"677315","CR-0000086459","0","0","0","0","21-109-0319","False","False","300","4/19/2021 12:00:00 AM","No Pedestrians Involved","Dry","No Unusual Conditions","Dusk - Dawn","Unknown","No Controls Present/Factor","Clear","Sideswipe","Non-Related","Parked Vehicle","Not Applicable","Not Applicable","East Of",""
"677316","CR-0000086460","0","1","0","0","21-109-0214","False","False","0","4/19/2021 7:06:00 AM","No Pedestrians Involved","Dry","No Unusual Conditions","Daylight","Violation Driver 1","Controls Functioning","Clear","Broadside","Intersection","Other Vehicle","Not Applicable","Not Applicable","At",""
"677317","CR-0000086461","1","0","0","0","21-110-0371","False","False","125","4/20/2021 11:25:00 AM","No Pedestrians Involved","Dry","No Unusual Conditions","Daylight","Violation Driver 1","No Controls Present/Factor","Cloudy","Rear End","Non-Related","Parked Vehicle","Not Applicable","Not Applicable","West Of",""
"677318","CR-0000086462","1","0","0","0","21-110-0460","False","False","0","4/20/2021 12:39:00 PM","No Pedestrians Involved","Dry","No Unusual Conditions","Daylight","Violation Driver 1","Controls Functioning","Clear","Broadside","Intersection","Other Vehicle","Not Applicable","Not Applicable","At",""
"677319","CR-0000086463","0","0","0","0","21-110-0566","False","False","0","4/20/2021 2:59:00 PM","No Pedestrians Involved","Dry","No Unusual Conditions","Daylight","Violation Driver 1","Controls Functioning","Clear","Broadside","Intersection","Other Vehicle","Not Applicable","Not Applicable","At",""
"677320","CR-0000086464","0","0","0","0","21-112-0013","False","False","355","4/22/2021 12:10:00 AM","No Pedestrians Involved","Dry","No Unusual Conditions","Dark - Street Light","Violation Driver 1","No Controls Present/Factor","Clear","Rear End","Non-Related","Parked Vehicle","Not Applicable","Not Applicable","East Of",""
"677321","CR-0000086465","0","0","0","0","21-112-0167","False","False","468","4/22/2021 6:50:00 AM","No Pedestrians Involved","Unknown","No Unusual Conditions","Dusk - Dawn","Violation Driver 1","Unknown","Unknown","Hit Object","Non-Related","Fixed Object","Not Applicable","Not Applicable","East Of","Center median, fence"