"CrashFactId","Name","MinorInjuries","ModerateInjuries","SevereInjuries","FatalInjuries","TcrNumber","CityDamageFlag","ShortFormFlag","Distance","CrashDateTime","PedestrianAction","RoadwaySurface","RoadwayCondition","Lighting","PrimaryCollisionFactor","TrafficControl","Weather","CollisionType","ProximityToIntersection","VehicleInvolvedWith","PedestrianDirectionFrom","PedestrianDirectionTo","DirectionFromIntersection","Comment"
"677322","CR-0000086466","0","0","0","0","21-112-0197","False","False","263","4/22/2021 7:45:00 AM","No Pedestrians Involved","Dry","Unknown","Daylight","Violation Driver 1","No Controls Present/Factor","Clear","Hit Object","Non-Related","Fixed Object","Not Applicable","Not Applicable","South Of","Fire hydrant"
"677323","CR-0000086467","0","1","0","0","21-112-0228","False","False","0","4/22/2021 8:40:00 AM","No Pedestrians Involved","Dry","No Unusual Conditions","Daylight","Violation Driver 1","Controls Functioning","Clear","Broadside","Intersection","Other Vehicle","Not Applicable","Not Applicable","At",""
"677324","CR-0000086468","1","0","0","0","21-112-0316","False","False","0","4/22/2021 10:16:00 AM","No Pedestrians Involved","Dry","No Unusual Conditions","Daylight","Violation Driver 1","Controls Functioning","Clear","Broadside","Intersection","Other Vehicle","Not Applicable","Not Applicable","At",""
"677325","CR-0000086469","2","0","0","0","21-112-0517","False","False","0","4/22/2021 5:15:00 PM","No Pedestrians Involved","Dry","No Unusual Conditions","Daylight","Unknown","Controls Functioning","Clear","Broadside","Intersection","Other Vehicle","Not Applicable","Not Applicable","At",""
"677326","CR-0000086470","1","0","1","0","21-112-0900","False","False","24","4/22/2021 8:28:00 PM","No Pedestrians Involved","Dry","No Unusual Conditions","Dark - Street Light","Violation Driver 1","Controls Functioning","Clear","Rear End","Related","Other Vehicle","Not Applicable","Not Applicable","East Of",""
"677327","CR-0000086471","2","0","0","0","21-113-0125","False","False","0","4/23/2021 5:49:00 AM","No Pedestrians Involved","Dry","No Unusual Conditions","Dark - Street Light","Violation Driver 1","No Controls Present/Factor","Clear","Broadside","Intersection","Other Vehicle","Not Applicable","Not Applicable","At",""
"677328","CR-0000086472","0","0","0","0","21-113-0361","False","False","112","4/23/2021 11:11:00 AM","No Pedestrians Involved","Dry","No Unusual Conditions","Daylight","Violation Driver 1","No Controls Present/Factor","Clear","Rear End","Non-Related","Parked Vehicle","Not Applicable","Not Applicable","East Of",""
"677329","CR-0000086473","2","0","0","0","21-113-0517","False","False","51","4/23/2021 2:24:00 PM","No Pedestrians Involved","Dry","No Unusual Conditions","Daylight","Other Than Driver","No Controls Present/Factor","Clear","Sideswipe","Non-Related","Parked Vehicle","Not Applicable","Not Applicable","East Of","Drunk passenger hit driver on the head causing the latter to veer off to the side"
"677330","CR-0000086474","1","0","0","0","21-113-0562","False","False","236","4/23/2021 3:08:00 PM","No Pedestrians Involved","Dry","No Unusual Conditions","Daylight","Violation Driver 1","Controls Functioning","Clear","Rear End","Non-Related","Other Vehicle","Not Applicable","Not Applicable","West Of",""
"677331","CR-0000086475","1","0","0","0","21-113-0649","False","False","73","4/23/2021 4:43:00 PM","No Pedestrians Involved","Dry","No Unusual Conditions","Daylight","Violation Driver 1","No Controls Present/Factor","Clear","Sideswipe","Non-Related","Other Vehicle","Not Applicable","Not Applicable","East Of",""
"677332","CR-0000086476","1","0","0","0","21-113-0653","False","False","28","4/23/2021 5:05:00 PM","No Pedestrians Involved","Dry","No Unusual Conditions","Daylight","Violation Driver 1","Controls Functioning","Clear","Rear End","Related","Other Vehicle","Not Applicable","Not Applicable","North Of",""
"677333","CR-0000086477","1","0","0","0","21-113-0691","False","False","0","4/23/2021 5:17:00 PM","No Pedestrians Involved","Dry","No Unusual Conditions","Daylight","Violation Driver 1","Controls Functioning","Clear","Rear End","Intersection","Other Vehicle","Not Applicable","Not Applicable","At",""
"677334","CR-0000086478","0","0","0","0","21-114-0251","False","False","87","4/24/2021 8:01:00 AM","No Pedestrians Involved","Dry","No Unusual Conditions","Daylight","Violation Driver 1","Controls Functioning","Clear","Sideswipe","Non-Related","Parked Vehicle","Not Applicable","Not Applicable","East Of",""
"677335","CR-0000086479","1","0","0","0","21-114-0391","False","False","51","4/24/2021 11:21:00 AM","No Pedestrians Involved","Dry","No Unusual Conditions","Daylight","Violation Driver 1","No Controls Present/Factor","Clear","Sideswipe","Non-Related","Motorcycle","Not Applicable","Not Applicable","South Of",""
"677336","CR-0000086480","1","0","0","0","21-114-0403","False","False","18","4/24/2021 11:32:00 AM","No Pedestrians Involved","Dry","No Unusual Conditions","Daylight","Violation Driver 1","Controls Functioning","Clear","Broadside","Related","Other Vehicle","Not Applicable","Not Applicable","North Of",""
"677337","CR-0000086481","1","0","0","0","21-114-0813","False","False","21","4/24/2021 8:30:00 PM","Crossing In Crosswalk - At Intersection","Dry","No Unusual Conditions","Dark - Street Light","Violation Driver 1","Controls Functioning","Clear","Vehicle/Pedestrian","Related","Pedestrian","East","West","North Of",""
"677338","CR-0000086482","0","0","0","0","21-114-0039","False","False","288","4/24/2021 12:48:00 AM","No Pedestrians Involved","Dry","No Unusual Conditions","Dark - Street Light","Violation Driver 1","No Controls Present/Factor","Clear","Sideswipe","Non-Related","Parked Vehicle","Not Applicable","Not Applicable","West Of",""
"677339","CR-0000086483","0","0","1","0","21-115-0093","True","False","25","4/25/2021 1:55:00 AM","No Pedestrians Involved","Dry","No Unusual Conditions","Dark - Street Light","Violation Driver 1","No Controls Present/Factor","Clear","Hit Object","Related","Fixed Object","Not Applicable","Not Applicable","East Of","Curb, tree"
"677340","CR-0000086484","0","1","0","0","21-115-0145","True","False","20","4/25/2021 3:55:00 AM","No Pedestrians Involved","Dry","No Unusual Conditions","Dark - Street Light","Violation Driver 1","Controls Functioning","Clear","Hit Object","Related","Fixed Object","Not Applicable","Not Applicable","West Of","Traffic light pole"
"677341","CR-0000086485","0","0","0","0","21-115-0404","True","False","100","4/25/2021 12:23:00 PM","No Pedestrians Involved","Wet","No Unusual Conditions","Daylight","Violation Driver 1","No Controls Present/Factor","Rain","Hit Object","Non-Related","Fixed Object","Not Applicable","Not Applicable","South Of","Street sign, fence"
"677342","CR-0000086486","0","1","0","0","21-115-0412","True","False","108","4/25/2021 12:43:00 PM","No Pedestrians Involved","Dry","No Unusual Conditions","Daylight","Violation Driver 1","Controls Functioning","Cloudy","Broadside","Non-Related","Other Vehicle","Not Applicable","Not Applicable","West Of","Traffic wooden pole"
"677343","CR-0000086487","0","0","0","0","21-115-0472","False","False","177","4/25/2021 2:08:00 PM","No Pedestrians Involved","Dry","No Unusual Conditions","Daylight","Violation Driver 1","No Controls Present/Factor","Clear","Sideswipe","Non-Related","Parked Vehicle","Not Applicable","Not Applicable","North Of",""
"677344","CR-0000086488","0","0","0","0","21-115-0528","False","False","0","4/25/2021 2:24:00 PM","No Pedestrians Involved","Dry","No Unusual Conditions","Daylight","Violation Driver 1","Unknown","Clear","Rear End","Intersection","Other Vehicle","Not Applicable","Not Applicable","At",""
"677345","CR-0000086489","0","0","0","0","21-115-0562","True","False","0","4/25/2021 4:00:00 PM","No Pedestrians Involved","Wet","No Unusual Conditions","Daylight","Violation Driver 1","No Controls Present/Factor","Rain","Hit Object","Intersection","Fixed Object","Not Applicable","Not Applicable","At","House fence, city fence"
"677346","CR-0000086490","1","0","0","0","21-115-0675","True","False","32","4/25/2021 6:15:00 PM","No Pedestrians Involved","Wet","No Unusual Conditions","Daylight","Violation Driver 1","Controls Functioning","Cloudy","Hit Object","Related","Fixed Object","Not Applicable","Not Applicable","East Of","Traffic signal pole"
"677347","CR-0000086491","0","1","0","0","21-116-0141","False","False","0","4/26/2021 6:20:00 AM","Crossing In Crosswalk - At Intersection","Dry","No Unusual Conditions","Dusk - Dawn","Violation Driver 1","Controls Functioning","Clear","Vehicle/Pedestrian","Intersection","Pedestrian","East","West","At",""
"677348","CR-0000086492","1","0","0","0","21-116-0153","False","False","0","4/26/2021 7:00:00 AM","No Pedestrians Involved","Dry","No Unusual Conditions","Daylight","Violation Driver 1","No Controls Present/Factor","Clear","Broadside","Intersection","Other Vehicle","Not Applicable","Not Applicable","At",""
"677349","CR-0000086493","1","0","0","0","21-116-0190","False","False","0","4/26/2021 8:07:00 AM","No Pedestrians Involved","Dry","No Unusual Conditions","Daylight","Violation Driver 1","Controls Functioning","Clear","Broadside","Intersection","Other Vehicle","Not Applicable","Not Applicable","At",""
"677350","CR-0000086494","0","0","0","0","21-116-0602","False","False","51","4/26/2021 2:30:00 PM","No Pedestrians Involved","Dry","No Unusual Conditions","Daylight","Violation Driver 1","Unknown","Clear","Rear End","Non-Related","Other Vehicle","Not Applicable","Not Applicable","East Of",""
"677351","CR-0000086495","0","0","0","0","21-117-0135","True","False","51","4/27/2021 5:42:00 AM","No Pedestrians Involved","Dry","No Unusual Conditions","Dark - Street Light","Unknown","Controls Functioning","Clear","Hit Object","Non-Related","Fixed Object","Not Applicable","Not Applicable","West Of",""
"677352","CR-0000086496","2","0","0","0","21-117-0167","False","False","0","4/27/2021 7:29:00 AM","No Pedestrians Involved","Dry","No Unusual Conditions","Daylight","Violation Driver 1","Controls Functioning","Clear","Broadside","Intersection","Other Vehicle","Not Applicable","Not Applicable","At",""
"677353","CR-0000086497","0","0","0","0","21-117-0818","True","False","92","4/27/2021 4:43:00 PM","No Pedestrians Involved","Dry","No Unusual Conditions","Daylight","Violation Driver 1","No Controls Present/Factor","Clear","Sideswipe","Non-Related","Other Vehicle","Not Applicable","Not Applicable","South Of","Street sign"
"677354","CR-0000086498","1","0","0","0","21-117-0758","False","False","51","4/27/2021 6:05:00 PM","No Pedestrians Involved","Dry","No Unusual Conditions","Daylight","Violation Driver 1","No Controls Present/Factor","Clear","Broadside","Non-Related","Other Vehicle","Not Applicable","Not Applicable","East Of",""
"677355","CR-0000086499","0","0","0","0","21-118-0144","True","False","20","4/28/2021 7:38:00 AM","No Pedestrians Involved","Dry","No Unusual Conditions","Daylight","Violation Driver 1","Controls Functioning","Clear","Hit Object","Related","Fixed Object","Not Applicable","Not Applicable","East Of","Pedestrian signal pole"
"677356","CR-0000086500","0","1","0","0","21-118-0204","False","False","51","4/28/2021 8:30:00 AM","No Pedestrians Involved","Dry","No Unusual Conditions","Daylight","Violation Driver 1","Controls Functioning","Clear","Broadside","Non-Related","Motorcycle","Not Applicable","Not Applicable","South Of",""
"677357","CR-0000086501","0","0","1","0","21-118-0372","False","False","39","4/28/2021 11:51:00 AM","Crossing - Not In Crosswalk","Dry","No Unusual Conditions","Daylight","Unknown","Controls Functioning","Clear","Vehicle/Pedestrian","Related","Pedestrian","North","South","West Of",""
"677358","CR-0000086502","0","0","0","0","21-118-0769","False","False","0","4/28/2021 6:20:00 PM","No Pedestrians Involved","Dry","No Unusual Conditions","Daylight","Violation Driver 1","Controls Functioning","Clear","Rear End","Intersection","Other Vehicle","Not Applicable","Not Applicable","At",""
"677359","CR-0000086503","0","0","0","0","21-118-0880","False","False","33","4/28/2021 7:48:00 PM","No Pedestrians Involved","Dry","No Unusual Conditions","Dark - Street Light","Violation Driver 1","Controls Functioning","Clear","Other","Related","Other Vehicle","Not Applicable","Not Applicable","South Of",""
"677360","CR-0000086504","0","0","0","0","21-120-0051","False","False","387","4/29/2021 12:00:00 AM","No Pedestrians Involved","Dry","No Unusual Conditions","Daylight","Violation Driver 1","No Controls Present/Factor","Clear","Broadside","Non-Related","Parked Vehicle","Not Applicable","Not Applicable","South Of",""
"677361","CR-0000086505","1","0","0","0","21-119-0168","False","False","0","4/29/2021 7:45:00 AM","No Pedestrians Involved","Dry","No Unusual Conditions","Dusk - Dawn","Unknown","Controls Functioning","Clear","Broadside","Intersection","Other Vehicle","Not Applicable","Not Applicable","At",""
"677362","CR-0000086506","1","1","0","0","21-119-0181","False","False","57","4/29/2021 8:05:00 AM","No Pedestrians Involved","Dry","No Unusual Conditions","Daylight","Violation Driver 1","Controls Functioning","Clear","Head On","Non-Related","Other Vehicle","Not Applicable","Not Applicable","East Of",""
"677363","CR-0000086507","0","0","0","0","21-119-0140","False","False","0","4/29/2021 8:10:00 AM","No Pedestrians Involved","Dry","No Unusual Conditions","Daylight","Violation Driver 1","Controls Functioning","Clear","Broadside","Intersection","Other Vehicle","Not Applicable","Not Applicable","At",""
"677364","CR-0000086508","1","0","0","0","21-119-0632","False","False","0","4/29/2021 4:34:00 PM","No Pedestrians Involved","Dry","No Unusual Conditions","Daylight","Violation Driver 1","No Controls Present/Factor","Clear","Sideswipe","Intersection","Other Vehicle","Not Applicable","Not Applicable","At",""
"677365","CR-0000086509","2","1","0","0","21-119-0636","False","False","260","4/29/2021 5:14:00 PM","No Pedestrians Involved","Dry","No Unusual Conditions","Dusk - Dawn","Violation Driver 1","Unknown","Clear","Head On","Non-Related","Other Vehicle","Not Applicable","Not Applicable","East Of",""
"677366","CR-0000086510","0","0","0","0","21-120-0040","False","False","0","4/30/2021 12:59:00 AM","No Pedestrians Involved","Dry","No Unusual Conditions","Dark - Street Light","Violation Driver 1","No Controls Present/Factor","Clear","Hit Object","Intersection","Fixed Object","Not Applicable","Not Applicable","At","House, curb"
"677367","CR-0000086511","0","0","0","0","21-120-0306","False","False","44","4/30/2021 10:18:00 AM","No Pedestrians Involved","Dry","No Unusual Conditions","Daylight","Violation Driver 1","Controls Functioning","Clear","Rear End","Related","Other Vehicle","Not Applicable","Not Applicable","North Of",""
"677368","CR-0000086512","0","0","0","0","21-120-0509","False","False","0","4/30/2021 2:15:00 PM","No Pedestrians Involved","Dry","No Unusual Conditions","Daylight","Violation Driver 1","Controls Functioning","Clear","Sideswipe","Intersection","Other Vehicle","Not Applicable","Not Applicable","At",""
"677369","CR-0000086513","1","1","0","0","21-120-0542","False","False","250","4/30/2021 2:57:00 PM","No Pedestrians Involved","Dry","No Unusual Conditions","Daylight","Violation Driver 1","Controls Functioning","Clear","Rear End","Non-Related","Other Vehicle","Not Applicable","Not Applicable","North Of",""
"677370","CR-0000086514","0","0","0","0","21-120-0552","False","False","92","4/30/2021 3:03:00 PM","No Pedestrians Involved","Dry","No Unusual Conditions","Daylight","Violation Driver 1","Controls Functioning","Clear","Sideswipe","Non-Related","Parked Vehicle","Not Applicable","Not Applicable","East Of",""
"677371","CR-0000086515","1","0","0","0","21-120-0600","False","False","51","4/30/2021 3:56:00 PM","No Pedestrians Involved","Dry","No Unusual Conditions","Daylight","Violation Driver 1","No Controls Present/Factor","Clear","Sideswipe","Non-Related","Other Vehicle","Not Applicable","Not Applicable","Unknown",""
"677372","CR-0000086516","0","0","0","0","21-116-4000","False","True","","4/25/2021 2:00:00 PM","No Pedestrians Involved","Unknown","Unknown","Daylight","Unknown","Unknown","Unknown","Rear End","Related","Other Vehicle","Not Applicable","Not Applicable","North Of",""
"677373","CR-0000086517","0","0","0","0","21-118-4001","False","True","","4/28/2021 6:00:00 PM","No Pedestrians Involved","Unknown","Unknown","Dusk - Dawn","Unknown","Unknown","Unknown","Other","Related","Other Vehicle","Not Applicable","Not Applicable","West Of",""
"677374","CR-0000086518","0","0","0","0","21-117-4001","False","True","51","4/26/2021 11:00:00 AM","No Pedestrians Involved","Unknown","Unknown","Daylight","Unknown","Unknown","Unknown","Rear End","Non-Related","Parked Vehicle","Not Applicable","Not Applicable","South Of",""
"677375","CR-0000086519","0","0","0","0","21-117-4000","False","True","51","4/21/2021 10:00:00 PM","No Pedestrians Involved","Unknown","Unknown","Unknown","Unknown","Unknown","Unknown","Sideswipe","Non-Related","Parked Vehicle","Not Applicable","Not Applicable","South Of",""
"677376","CR-0000086520","0","0","0","1","21-118-0897","False","False","300","4/28/2021 8:34:00 PM","Crossing - Not In Crosswalk","Unknown","No Unusual Conditions","Dark - Street Light","Unknown","Controls Functioning","Unknown","Vehicle/Pedestrian","Non-Related","Pedestrian","East","West","North Of","Hit and Run"
"677377","CR-0000086521","0","0","0","1","21-124-0980","False","False","350","5/4/2021 10:25:00 PM","No Pedestrians Involved","Dry","No Unusual Conditions","Dark - Street Light","Unknown","No Controls Present/Factor","Clear","Vehicle/Bike","Non-Related","Scooter Motorized","Not Applicable","Not Applicable","West Of","Electric Unicycle. Cyclist fell on the ground and got hit by vehicle. Hit and Run."
"677378","CR-0000086522","1","0","0","0","21-121-9706","False","False","0","4/24/2021 9:00:00 PM","No Pedestrians Involved","Dry","Unknown","Dark - Street Light","Unknown","No Controls Present/Factor","Clear","Vehicle/Bike","Intersection","Bike","Not Applicable","Not Applicable","At",""
"677379","CR-0000086523","0","0","0","0","21-123-9706","False","True","0","4/30/2021 6:50:00 AM","No Pedestrians Involved","Dry","No Unusual Conditions","Daylight","Unknown","No Controls Present/Factor","Clear","Sideswipe","Intersection","Other Vehicle","Not Applicable","Not Applicable","At",""
"677380","CR-0000086524","0","0","0","0","21-123-4002","False","True","","4/17/2021 6:45:00 PM","No Pedestrians Involved","Unknown","Unknown","Dusk - Dawn","Unknown","Unknown","Unknown","Rear End","Related","Parked Vehicle","Not Applicable","Not Applicable","South Of",""
"677381","CR-0000086525","0","0","0","0","21-121-0492","False","False","","5/1/2021 2:51:00 PM","No Pedestrians Involved","Dry","No Unusual Conditions","Daylight","Violation Driver 1","Controls Functioning","Clear","Rear End","Related","Other Vehicle","Not Applicable","Not Applicable","West Of",""
"677382","CR-0000086526","0","0","0","0","21-121-0619","False","False","30","5/1/2021 4:03:00 PM","No Pedestrians Involved","Dry","No Unusual Conditions","Daylight","Violation Driver 1","No Controls Present/Factor","Clear","Rear End","Related","Other Vehicle","Not Applicable","Not Applicable","South Of",""
"677383","CR-0000086527","0","2","0","0","21-121-0372","False","False","140","5/1/2021 12:08:00 PM","No Pedestrians Involved","Dry","No Unusual Conditions","Daylight","Violation Driver 1","No Controls Present/Factor","Clear","Sideswipe","Non-Related","Motorcycle","Not Applicable","Not Applicable","North Of",""
"677384","CR-0000086528","0","0","0","0","21-121-0848","False","False","","5/1/2021 6:55:00 PM","No Pedestrians Involved","Dry","No Unusual Conditions","Dusk - Dawn","Violation Driver 1","Controls Functioning","Clear","Rear End","Related","Other Vehicle","Not Applicable","Not Applicable","East Of",""
"677385","CR-0000086529","0","0","0","0","21-123-9701","False","True","51","5/1/2021 4:00:00 AM","No Pedestrians Involved","Dry","No Unusual Conditions","Dark - Street Light","Unknown","No Controls Present/Factor","Other","Other","Non-Related","Parked Vehicle","Not Applicable","Not Applicable","North Of",""
"677386","CR-0000086530","0","0","0","0","21-122-4001","False","True","51","5/1/2021 11:30:00 PM","No Pedestrians Involved","Unknown","Unknown","Unknown","Unknown","Unknown","Unknown","Sideswipe","Non-Related","Parked Vehicle","Not Applicable","Not Applicable","North Of",""
"677387","CR-0000086531","0","0","0","0","21-122-0125","False","False","0","5/2/2021 2:10:00 AM","No Pedestrians Involved","Dry","No Unusual Conditions","Dark - Street Light","Violation Driver 1","No Controls Present/Factor","Clear","Rear End","Intersection","Parked Vehicle","Not Applicable","Not Applicable","At",""
"677388","CR-0000086532","0","0","0","0","21-122-0122","False","False","320","5/2/2021 3:41:00 AM","No Pedestrians Involved","Dry","No Unusual Conditions","Dark - Street Light","Violation Driver 1","No Controls Present/Factor","Clear","Sideswipe","Non-Related","Parked Vehicle","Not Applicable","Not Applicable","East Of",""
"677389","CR-0000086533","0","0","0","0","21-122-0201","False","False","51","5/2/2021 5:06:00 AM","No Pedestrians Involved","Dry","No Unusual Conditions","Dark - Street Light","Violation Driver 1","Controls Functioning","Clear","Head On","Non-Related","Parked Vehicle","Not Applicable","Not Applicable","South Of",""
"677390","CR-0000086534","1","0","0","0","21-122-0384","False","False","0","5/2/2021 11:07:00 AM","No Pedestrians Involved","Dry","No Unusual Conditions","Daylight","Violation Driver 1","Controls Obscured","Clear","Vehicle/Bike","Intersection","Bike","Not Applicable","Not Applicable","At",""
"677391","CR-0000086535","0","1","0","0","21-122-0393","False","False","183","5/2/2021 11:17:00 AM","No Pedestrians Involved","Dry","No Unusual Conditions","Daylight","Violation Driver 1","No Controls Present/Factor","Clear","Rear End","Non-Related","Parked Vehicle","Not Applicable","Not Applicable","West Of",""
"677392","CR-0000086536","0","0","0","0","21-123-9703","False","True","0","5/2/2021 12:00:00 PM","No Pedestrians Involved","Dry","No Unusual Conditions","Daylight","Unknown","Controls Functioning","Clear","Rear End","Intersection","Other Vehicle","Not Applicable","Not Applicable","At",""
"677393","CR-0000086537","0","1","0","0","21-122-0530","False","False","138","5/2/2021 2:23:00 PM","No Pedestrians Involved","Dry","No Unusual Conditions","Daylight","Violation Driver 1","No Controls Present/Factor","Clear","Hit Object","Non-Related","Fixed Object","Not Applicable","Not Applicable","West Of","PG&E pole"
"677394","CR-0000086538","0","0","0","0","21-122-0665","False","False","0","5/2/2021 4:30:00 PM","No Pedestrians Involved","Dry","No Unusual Conditions","Daylight","Violation Driver 1","No Controls Present/Factor","Clear","Rear End","Intersection","Other Vehicle","Not Applicable","Not Applicable","At",""
"677395","CR-0000086539","0","1","0","0","21-122-1026","False","False","252","5/2/2021 10:39:00 PM","In Road - Includes Shoulder","Dry","No Unusual Conditions","Dark - Street Light","Pedestrian At Fault","No Controls Present/Factor","Clear","Vehicle/Pedestrian","Non-Related","Pedestrian","No Direction (Not Walking)","No Direction (Not Walking)","West Of",""
"677396","CR-0000086540","0","0","0","0","21-123-4004","False","True","51","5/2/2021 2:10:00 PM","No Pedestrians Involved","Unknown","Unknown","Daylight","Unknown","Unknown","Unknown","Sideswipe","Non-Related","Parked Vehicle","Not Applicable","Not Applicable","East Of",""
"677397","CR-0000086541","0","0","0","0","21-124-4003","False","True","","5/2/2021 2:47:00 PM","No Pedestrians Involved","Unknown","Unknown","Daylight","Unknown","Unknown","Unknown","Rear End","Related","Other Vehicle","Not Applicable","Not Applicable","North Of",""
"677398","CR-0000086542","0","0","0","0","21-123-4006","False","True","","5/2/2021 8:00:00 PM","No Pedestrians Involved","Unknown","Unknown","Unknown","Unknown","Unknown","Unknown","Rear End","Related","Other Vehicle","Not Applicable","Not Applicable","Unknown",""
"677399","CR-0000086545","1","0","0","1","21-086-0068","True","False","1320","3/27/2021 1:09:00 AM","No Pedestrians Involved","Dry","No Unusual Conditions","Dark - No Street Light","Violation Driver 1","No Controls Present/Factor","Clear","Rear End","Non-Related","Other Vehicle","Not Applicable","Not Applicable","North Of","Guard rail, Tree"
"677400","CR-0000086546","0","1","0","0","21-123-0042","True","False","0","5/3/2021 1:01:00 AM","No Pedestrians Involved","Dry","No Unusual Conditions","Dark - Street Light","Violation Driver 1","Controls Functioning","Clear","Hit Object","Intersection","Fixed Object","Not Applicable","Not Applicable","At","Ped. median island, Curb, Banana trees"
"677401","CR-0000086547","0","0","0","0","21-123-0405","False","False","150","5/3/2021 12:31:00 PM","No Pedestrians Involved","Dry","No Unusual Conditions","Daylight","Unknown","No Controls Present/Factor","Clear","Hit Object","Non-Related","Fixed Object","Not Applicable","Not Applicable","South Of","Communications wires, telephone pole"
"677402","CR-0000086548","0","0","0","0","21-124-9704","False","True","51","5/3/2021 5:15:00 PM","No Pedestrians Involved","Dry","No Unusual Conditions","Daylight","Unknown","Controls Functioning","Clear","Rear End","Non-Related","Other Vehicle","Not Applicable","Not Applicable","North Of",""
"677403","CR-0000086549","0","1","0","0","21-123-0896","False","False","220","5/3/2021 9:52:00 PM","No Pedestrians Involved","Dry","No Unusual Conditions","Dark - Street Light","Violation Driver 1","No Controls Present/Factor","Clear","Vehicle/Bike","Non-Related","Bike","Not Applicable","Not Applicable","East Of","Also hit 2 dogs that B1 was walking"
"677404","CR-0000086550","1","1","0","0","21-123-0965","True","False","316","5/3/2021 11:22:00 PM","No Pedestrians Involved","Dry","No Unusual Conditions","Dark - Street Light","Violation Driver 1","No Controls Present/Factor","Clear","Hit Object","Non-Related","Fixed Object","Not Applicable","Not Applicable","South Of","Tree"
"677405","CR-0000086551","0","0","0","0","21-123-4003","False","True","51","5/3/2021 8:40:00 AM","No Pedestrians Involved","Unknown","Unknown","Daylight","Unknown","Unknown","Unknown","Sideswipe","Non-Related","Other Vehicle","Not Applicable","Not Applicable","North Of",""
"677406","CR-0000086552","0","0","0","0","21-124-4001","False","True","","5/3/2021 9:05:00 PM","No Pedestrians Involved","Unknown","Unknown","Unknown","Unknown","Unknown","Unknown","Rear End","Related","Other Vehicle","Not Applicable","Not Applicable","Unknown",""
"677407","CR-0000086553","0","0","0","0","21-124-0396","False","False","130","5/4/2021 11:35:00 AM","No Pedestrians Involved","Dry","Construction - Repair Zone","Daylight","Violation Driver 1","No Controls Present/Factor","Clear","Sideswipe","Non-Related","Other Vehicle","Not Applicable","Not Applicable","West Of",""
"677408","CR-0000086554","0","0","0","0","21-124-0889","False","False","51","5/4/2021 8:17:00 PM","No Pedestrians Involved","Dry","No Unusual Conditions","Dusk - Dawn","Violation Driver 1","No Controls Present/Factor","Clear","Sideswipe","Non-Related","Parked Vehicle","Not Applicable","Not Applicable","West Of",""
"677409","CR-0000086555","0","0","0","0","21-124-4004","False","True","","5/4/2021 11:50:00 AM","No Pedestrians Involved","Unknown","Unknown","Daylight","Unknown","Unknown","Unknown","Other","Related","Other Vehicle","Not Applicable","Not Applicable","West Of",""
"677410","CR-0000086556","0","0","0","0","21-124-4000","False","True","51","5/4/2021 12:05:00 AM","No Pedestrians Involved","Unknown","Unknown","Unknown","Unknown","Unknown","Unknown","Sideswipe","Non-Related","Parked Vehicle","Not Applicable","Not Applicable","North Of",""
"677411","CR-0000086557","0","0","0","0","21-124-4002","False","True","0","5/4/2021 8:07:00 AM","No Pedestrians Involved","Unknown","Unknown","Daylight","Unknown","Unknown","Unknown","Sideswipe","Intersection","Other Vehicle","Not Applicable","Not Applicable","At",""
"677412","CR-0000086558","0","0","0","0","21-125-0569","False","True","0","5/5/2021 3:34:00 PM","No Pedestrians Involved","Dry","No Unusual Conditions","Daylight","Unknown","No Controls Present/Factor","Clear","Broadside","Intersection","Other Vehicle","Not Applicable","Not Applicable","At",""
"677413","CR-0000086559","0","0","0","0","21-126-0030","False","False","49","5/6/2021 12:50:00 AM","No Pedestrians Involved","Dry","No Unusual Conditions","Dark - Street Light","Unknown","Unknown","Clear","Rear End","Related","Parked Vehicle","Not Applicable","Not Applicable","North Of",""
"677414","CR-0000086560","0","0","0","0","21-127-1022","True","False","164","5/7/2021 11:13:00 PM","No Pedestrians Involved","Dry","No Unusual Conditions","Dark - Street Light","Violation Driver 1","Controls Functioning","Clear","Hit Object","Non-Related","Fixed Object","Not Applicable","Not Applicable","North Of","Tree, street signs"
"677415","CR-0000086561","0","1","0","0","21-083-0818","False","False","20","3/24/2021 6:38:00 PM","Crossing - Not In Crosswalk","Dry","No Unusual Conditions","Dark - Street Light","Pedestrian At Fault","Controls Functioning","Clear","Vehicle/Pedestrian","Related","Pedestrian","North","South","East Of",""
"677416","CR-0000086562","1","0","0","0","21-114-0843","False","False","","4/24/2021 9:13:00 PM","No Pedestrians Involved","Dry","No Unusual Conditions","Dark - Street Light","Violation Driver 1","Controls Functioning","Clear","Rear End","Related","Other Vehicle","Not Applicable","Not Applicable","North Of",""
"677417","CR-0000086563","1","0","0","0","21-120-0893","False","False","36","4/30/2021 8:31:00 PM","No Pedestrians Involved","Dry","No Unusual Conditions","Dark - Street Light","Violation Driver 1","Controls Functioning","Clear","Rear End","Related","Other Vehicle","Not Applicable","Not Applicable","South Of",""
"677419","CR-0000086565","0","0","0","0","21-122-0788","False","False","162","5/2/2021 6:31:00 PM","No Pedestrians Involved","Dry","No Unusual Conditions","Daylight","Violation Driver 1","Controls Functioning","Clear","Hit Object","Non-Related","Fixed Object","Not Applicable","Not Applicable","East Of","Fence"
"677420","CR-0000086566","0","0","0","0","21-127-0212","False","False","218","5/7/2021 9:15:00 AM","No Pedestrians Involved","Dry","No Unusual Conditions","Daylight","Violation Driver 1","No Controls Present/Factor","Clear","Rear End","Non-Related","Parked Vehicle","Not Applicable","Not Applicable","West Of",""