"CrashFactId","Name","MinorInjuries","ModerateInjuries","SevereInjuries","FatalInjuries","TcrNumber","CityDamageFlag","ShortFormFlag","Distance","CrashDateTime","PedestrianAction","RoadwaySurface","RoadwayCondition","Lighting","PrimaryCollisionFactor","TrafficControl","Weather","CollisionType","ProximityToIntersection","VehicleInvolvedWith","PedestrianDirectionFrom","PedestrianDirectionTo","DirectionFromIntersection","Comment"
"677906","CR-0000087073","2","0","0","0","21-169-0164","False","False","0","6/18/2021 7:20:00 AM","No Pedestrians Involved","Dry","No Unusual Conditions","Daylight","Violation Driver 1","Controls Functioning","Clear","Broadside","Intersection","Other Vehicle","Not Applicable","Not Applicable","At",""
"677907","CR-0000087074","0","1","0","0","21-169-0213","False","False","0","6/19/2021 8:38:00 AM","No Pedestrians Involved","Dry","No Unusual Conditions","Daylight","Violation Driver 1","No Controls Present/Factor","Clear","Broadside","Intersection","Other Vehicle","Not Applicable","Not Applicable","At","SJFD Vehicle involved"
"677908","CR-0000087075","1","0","0","0","21-169-0557","False","False","0","6/18/2021 3:51:00 PM","No Pedestrians Involved","Dry","Unknown","Daylight","Violation Driver 1","Controls Functioning","Clear","Other","Intersection","Other Vehicle","Not Applicable","Not Applicable","At",""
"677909","CR-0000087076","1","0","0","0","21-169-0583","False","False","0","6/18/2021 4:16:00 PM","No Pedestrians Involved","Dry","No Unusual Conditions","Daylight","Violation Driver 1","Controls Functioning","Clear","Broadside","Intersection","Motor Vehicle On Other Roadway","Not Applicable","Not Applicable","At",""
"677910","CR-0000087077","0","0","0","0","21-169-0643","False","False","0","6/18/2021 5:00:00 PM","No Pedestrians Involved","Dry","No Unusual Conditions","Daylight","Violation Driver 1","Controls Functioning","Clear","Broadside","Intersection","Other Vehicle","Not Applicable","Not Applicable","At",""
"677911","CR-0000087078","1","0","0","0","21-169-1027","False","False","196","6/18/2021 10:50:00 PM","No Pedestrians Involved","Dry","No Unusual Conditions","Dark - Street Light","Violation Driver 1","No Controls Present/Factor","Clear","Hit Object","Non-Related","Fixed Object","Not Applicable","Not Applicable","North Of","PG&E Pole"
"677912","CR-0000087079","0","0","0","0","21-169-4003","False","False","","6/18/2021 5:15:00 PM","No Pedestrians Involved","Unknown","Unknown","Daylight","Violation Driver 2","Unknown","Unknown","Rear End","Related","Other Vehicle","Not Applicable","Not Applicable","North Of",""
"677913","CR-0000087080","0","0","0","1","21-195-1101","True","False","255","7/14/2021 10:50:00 PM","No Pedestrians Involved","Dry","No Unusual Conditions","Dark - Street Light","Unknown","Controls Functioning","Clear","Hit Object","Non-Related","Fixed Object","Not Applicable","Not Applicable","West Of","Tree"
"677914","CR-0000087081","0","0","0","1","21-195-0078","False","False","264","7/14/2021 2:27:00 AM","Crossing - Not In Crosswalk","Dry","No Unusual Conditions","Dark - Street Light","Unknown","No Controls Present/Factor","Clear","Vehicle/Pedestrian","Non-Related","Pedestrian","South","North","East Of",""
"677915","CR-0000087082","0","0","0","1","21-198-0129","False","False","0","7/17/2021 2:32:00 AM","No Pedestrians Involved","Dry","No Unusual Conditions","Dark - Street Light","Unknown","Controls Functioning","Clear","Broadside","Intersection","Other Vehicle","Not Applicable","Not Applicable","At","Hit and Run"
"677916","CR-0000087085","1","0","0","0","21-175-0952","False","False","90","6/24/2021 9:05:00 PM","No Pedestrians Involved","Dry","No Unusual Conditions","Dark - Street Light","Violation Driver 1","No Controls Present/Factor","Clear","Sideswipe","Non-Related","Other Vehicle","Not Applicable","Not Applicable","South Of",""
"677917","CR-0000087086","0","0","0","0","21-146-9708","False","True","0","4/5/2021 11:30:00 PM","No Pedestrians Involved","Dry","No Unusual Conditions","Dark - Street Light","Unknown","Controls Functioning","Clear","Broadside","Intersection","Other Vehicle","Not Applicable","Not Applicable","At",""
"677918","CR-0000087087","0","0","0","0","21-108-0682","False","False","120","4/18/2021 4:45:00 PM","No Pedestrians Involved","Dry","No Unusual Conditions","Daylight","Unknown","Controls Functioning","Clear","Hit Object","Non-Related","Fixed Object","Not Applicable","Not Applicable","South Of","Concrete pole"
"677919","CR-0000087089","0","0","0","0","21-125-9705","False","True","51","4/29/2021 4:30:00 PM","No Pedestrians Involved","Dry","No Unusual Conditions","Daylight","Unknown","No Controls Present/Factor","Clear","Sideswipe","Non-Related","Parked Vehicle","Not Applicable","Not Applicable","South Of",""
"677920","CR-0000087088","0","0","0","0","21-119-0379","False","True","50","4/29/2021 12:06:00 PM","No Pedestrians Involved","Unknown","Unknown","Daylight","Unknown","Unknown","Unknown","Other","Related","Parked Vehicle","Not Applicable","Not Applicable","East Of",""
"677921","CR-0000087090","0","0","0","0","21-122-0234","False","True","350","5/2/2021 7:08:00 AM","No Pedestrians Involved","Dry","No Unusual Conditions","Daylight","Violation Driver 1","No Controls Present/Factor","Clear","Hit Object","Non-Related","Fixed Object","Not Applicable","Not Applicable","East Of","Tree"
"677922","CR-0000087091","1","0","0","0","21-131-9707","False","False","0","5/4/2021 11:38:00 AM","Crossing In Crosswalk - At Intersection","Dry","No Unusual Conditions","Daylight","Unknown","Controls Functioning","Clear","Vehicle/Pedestrian","Intersection","Pedestrian","Unknown","Unknown","At",""
"677923","CR-0000087092","1","0","0","0","21-125-0693","False","False","405","5/5/2021 5:30:00 PM","No Pedestrians Involved","Dry","No Unusual Conditions","Daylight","Violation Driver 1","No Controls Present/Factor","Clear","Rear End","Non-Related","Other Vehicle","Not Applicable","Not Applicable","East Of",""
"677924","CR-0000087093","2","0","0","0","21-140-9706","False","False","","5/9/2021 12:00:00 PM","No Pedestrians Involved","Unknown","No Unusual Conditions","Daylight","Unknown","Controls Functioning","Clear","Broadside","Related","Other Vehicle","Not Applicable","Not Applicable","Unknown",""
"677925","CR-0000087094","0","0","0","0","21-167-9712","False","True","","5/11/2021 10:00:00 AM","No Pedestrians Involved","Dry","No Unusual Conditions","Daylight","Unknown","Controls Functioning","Clear","Broadside","Related","Other Vehicle","Not Applicable","Not Applicable","South Of",""
"677926","CR-0000087096","0","0","0","0","21-133-9708","False","True","51","5/13/2021 11:20:00 AM","No Pedestrians Involved","Dry","No Unusual Conditions","Daylight","Unknown","Controls Functioning","Clear","Other","Non-Related","Parked Vehicle","Not Applicable","Not Applicable","South Of",""
"677927","CR-0000087097","0","0","0","0","21-133-0407","False","True","51","5/13/2021 11:55:00 AM","No Pedestrians Involved","Dry","No Unusual Conditions","Daylight","Violation Driver 1","No Controls Present/Factor","Clear","Sideswipe","Non-Related","Other Vehicle","Not Applicable","Not Applicable","East Of",""
"677928","CR-0000087098","0","0","0","0","21-136-9701","False","True","51","5/16/2021 2:00:00 AM","No Pedestrians Involved","Dry","No Unusual Conditions","Dark - Street Light","Unknown","No Controls Present/Factor","Clear","Sideswipe","Non-Related","Parked Vehicle","Not Applicable","Not Applicable","North Of",""
"677929","CR-0000087099","0","0","0","0","21-142-9703","False","True","51","5/17/2021 7:00:00 PM","No Pedestrians Involved","Dry","No Unusual Conditions","Daylight","Unknown","No Controls Present/Factor","Clear","Rear End","Non-Related","Parked Vehicle","Not Applicable","Not Applicable","West Of",""
"677930","CR-0000087100","0","0","0","0","21-139-9714","False","True","","5/18/2021 8:00:00 PM","No Pedestrians Involved","Dry","No Unusual Conditions","Dark - Street Light","Unknown","Controls Functioning","Clear","Sideswipe","Related","Other Vehicle","Not Applicable","Not Applicable","South Of",""
"677931","CR-0000087101","0","0","0","0","21-141-9701","False","True","51","5/20/2021 11:00:00 PM","No Pedestrians Involved","Dry","No Unusual Conditions","Dark - Street Light","Unknown","No Controls Present/Factor","Unknown","Rear End","Non-Related","Parked Vehicle","Not Applicable","Not Applicable","East Of",""
"677932","CR-0000087102","0","0","0","0","21-144-9703","False","True","0","5/22/2021 7:25:00 PM","No Pedestrians Involved","Dry","No Unusual Conditions","Daylight","Unknown","Controls Functioning","Clear","Rear End","Intersection","Other Vehicle","Not Applicable","Not Applicable","At",""
"677933","CR-0000087103","0","0","0","0","21-145-9702","False","True","0","5/23/2021 10:45:00 AM","No Pedestrians Involved","Dry","No Unusual Conditions","Daylight","Unknown","Controls Functioning","Clear","Rear End","Intersection","Other Vehicle","Not Applicable","Not Applicable","At",""
"677934","CR-0000087104","0","0","0","0","21-145-9703","False","True","","5/24/2021 5:35:00 AM","No Pedestrians Involved","Dry","No Unusual Conditions","Daylight","Unknown","Controls Functioning","Clear","Rear End","Related","Other Vehicle","Not Applicable","Not Applicable","West Of",""
"677935","CR-0000087105","0","0","0","0","21-146-9705","False","True","0","5/24/2021 8:45:00 AM","No Pedestrians Involved","Dry","No Unusual Conditions","Daylight","Unknown","Controls Functioning","Clear","Rear End","Intersection","Other Vehicle","Not Applicable","Not Applicable","At",""
"677936","CR-0000087106","0","0","0","0","21-145-9714","False","True","51","5/25/2021 2:30:00 PM","No Pedestrians Involved","Dry","No Unusual Conditions","Dark - Street Light","Unknown","No Controls Present/Factor","Clear","Sideswipe","Non-Related","Parked Vehicle","Not Applicable","Not Applicable","West Of",""
"677937","CR-0000087107","0","0","0","0","21-154-9703","False","True","51","5/26/2021 5:45:00 PM","No Pedestrians Involved","Dry","No Unusual Conditions","Daylight","Unknown","Unknown","Clear","Broadside","Non-Related","Other Vehicle","Not Applicable","Not Applicable","West Of",""
"677938","CR-0000087108","0","0","0","0","21-147-9701","False","True","","5/26/2021 5:30:00 PM","No Pedestrians Involved","Dry","No Unusual Conditions","Daylight","Unknown","No Controls Present/Factor","Clear","Rear End","Related","Parked Vehicle","Not Applicable","Not Applicable","North Of",""
"677939","CR-0000087109","1","0","0","0","21-147-9710","False","False","0","5/26/2021 7:05:00 AM","Crossing In Crosswalk - At Intersection","Dry","No Unusual Conditions","Daylight","Unknown","Controls Functioning","Clear","Vehicle/Pedestrian","Intersection","Pedestrian","West","East","At",""
"677940","CR-0000087110","0","0","0","0","21-148-9704","False","True","0","5/27/2021 5:00:00 PM","No Pedestrians Involved","Dry","No Unusual Conditions","Daylight","Unknown","Controls Functioning","Clear","Broadside","Intersection","Other Vehicle","Not Applicable","Not Applicable","At",""
"677941","CR-0000087111","1","0","0","0","21-154-9702","False","False","0","6/1/2021 6:23:00 PM","No Pedestrians Involved","Dry","No Unusual Conditions","Daylight","Unknown","Controls Functioning","Clear","Vehicle/Bike","Intersection","Bike","Not Applicable","Not Applicable","At",""
"677942","CR-0000087112","0","0","0","0","21-154-0179","False","True","51","6/1/2021 8:00:00 PM","No Pedestrians Involved","Unknown","No Unusual Conditions","Dark - Street Light","Violation Driver 1","Controls Functioning","Clear","Sideswipe","Non-Related","Parked Vehicle","Not Applicable","Not Applicable","East Of",""
"677943","CR-0000087113","0","0","0","0","21-153-9709","False","True","51","6/1/2021 2:20:00 PM","No Pedestrians Involved","Dry","No Unusual Conditions","Daylight","Unknown","Controls Functioning","Clear","Broadside","Non-Related","Other Vehicle","Not Applicable","Not Applicable","North Of",""
"677944","CR-0000087114","0","0","0","0","21-153-0366","False","True","51","6/2/2021 10:48:00 AM","No Pedestrians Involved","Unknown","Unknown","Daylight","Unknown","Unknown","Unknown","Other","Non-Related","Parked Vehicle","Not Applicable","Not Applicable","North Of",""
"677945","CR-0000087115","3","0","0","0","21-156-9706","False","False","0","6/3/2021 9:40:00 PM","Crossing In Crosswalk - At Intersection","Dry","No Unusual Conditions","Dark - Street Light","Unknown","No Controls Present/Factor","Clear","Vehicle/Pedestrian","Intersection","Pedestrian","Unknown","Unknown","At",""
"677946","CR-0000087116","0","0","0","0","21-156-9707","False","True","51","6/3/2021 5:10:00 PM","No Pedestrians Involved","Dry","No Unusual Conditions","Daylight","Unknown","Unknown","Clear","Head On","Non-Related","Parked Vehicle","Not Applicable","Not Applicable","West Of",""
"677947","CR-0000087117","0","0","0","0","21-159-9703","False","True","51","6/3/2021 4:29:00 PM","No Pedestrians Involved","Dry","No Unusual Conditions","Daylight","Unknown","Controls Functioning","Clear","Rear End","Non-Related","Other Vehicle","Not Applicable","Not Applicable","West Of",""
"677948","CR-0000087118","0","0","0","0","21-156-9708","False","True","","6/4/2021 10:30:00 PM","No Pedestrians Involved","Dry","No Unusual Conditions","Dark - Street Light","Unknown","Controls Functioning","Unknown","Head On","Related","Other Vehicle","Not Applicable","Not Applicable","West Of",""
"677949","CR-0000087119","0","0","0","0","21-157-9705","False","True","51","6/4/2021 2:40:00 AM","No Pedestrians Involved","Dry","No Unusual Conditions","Dark - Street Light","Unknown","No Controls Present/Factor","Clear","Sideswipe","Non-Related","Parked Vehicle","Not Applicable","Not Applicable","North Of",""
"677950","CR-0000087120","0","0","0","0","21-159-9708","False","True","0","6/6/2021 2:40:00 PM","No Pedestrians Involved","Dry","No Unusual Conditions","Daylight","Unknown","Controls Functioning","Clear","Broadside","Intersection","Other Vehicle","Not Applicable","Not Applicable","At",""
"677951","CR-0000087121","0","0","0","0","21-160-9703","False","True","51","6/8/2021 2:00:00 PM","No Pedestrians Involved","Dry","No Unusual Conditions","Daylight","Unknown","No Controls Present/Factor","Clear","Sideswipe","Non-Related","Parked Vehicle","Not Applicable","Not Applicable","North Of",""
"677952","CR-0000087122","1","0","0","0","21-163-9708","False","False","","6/8/2021 2:20:00 PM","No Pedestrians Involved","Dry","No Unusual Conditions","Daylight","Unknown","Controls Functioning","Clear","Broadside","Related","Other Vehicle","Not Applicable","Not Applicable","South Of",""
"677953","CR-0000087123","1","0","0","0","21-163-9706","False","False","0","6/10/2021 10:52:00 AM","No Pedestrians Involved","Dry","Obstruction On Roadway","Daylight","Unknown","Controls Functioning","Clear","Rear End","Intersection","Other Vehicle","Not Applicable","Not Applicable","At",""
"677954","CR-0000087124","0","1","0","0","21-170-0033","True","False","105","6/19/2021 12:22:00 AM","No Pedestrians Involved","Dry","No Unusual Conditions","Dark - Street Light","Violation Driver 1","No Controls Present/Factor","Clear","Head On","Non-Related","Fixed Object","Not Applicable","Not Applicable","South Of","Signage"
"677955","CR-0000087125","0","0","0","0","21-170-0245","False","False","0","6/19/2021 8:10:00 AM","No Pedestrians Involved","Dry","No Unusual Conditions","Daylight","Violation Driver 1","Controls Functioning","Clear","Broadside","Intersection","Other Vehicle","Not Applicable","Not Applicable","At",""
"677956","CR-0000087126","2","0","0","0","21-170-0483","False","False","395","6/19/2021 1:16:00 PM","No Pedestrians Involved","Dry","No Unusual Conditions","Daylight","Unknown","No Controls Present/Factor","Clear","Sideswipe","Non-Related","Other Vehicle","Not Applicable","Not Applicable","North Of",""
"677957","CR-0000087127","0","1","0","0","21-170-0517","False","False","50","6/17/2021 1:41:00 PM","No Pedestrians Involved","Dry","No Unusual Conditions","Daylight","Violation Driver 1","No Controls Present/Factor","Clear","Sideswipe","Related","Other Vehicle","Not Applicable","Not Applicable","West Of",""
"677958","CR-0000087128","0","1","0","0","21-170-0805","True","False","110","6/19/2021 6:56:00 PM","No Pedestrians Involved","Dry","No Unusual Conditions","Daylight","Violation Driver 1","No Controls Present/Factor","Clear","Hit Object","Non-Related","Fixed Object","Not Applicable","Not Applicable","West Of","Tree"
"677959","CR-0000087129","0","0","1","0","21-170-0987","False","False","572","6/19/2021 9:41:00 PM","Crossing - Not In Crosswalk","Dry","No Unusual Conditions","Unknown","Pedestrian At Fault","Unknown","Clear","Vehicle/Pedestrian","Non-Related","Pedestrian","East","East","South Of","Pedestrian"
"677960","CR-0000087130","0","0","0","0","21-170-0151","True","False","150","6/19/2021 5:06:00 AM","No Pedestrians Involved","Dry","No Unusual Conditions","Dark - Street Light","Violation Driver 1","Controls Functioning","Clear","Hit Object","Non-Related","Fixed Object","Not Applicable","Not Applicable","South Of","Curb"
"677961","CR-0000087131","0","1","0","0","21-170-0070","False","False","180","6/19/2021 1:10:00 AM","No Pedestrians Involved","Dry","Unknown","Dark - Street Light","Violation Driver 1","No Controls Present/Factor","Clear","Sideswipe","Non-Related","Parked Vehicle","Not Applicable","Not Applicable","West Of",""
"677962","CR-0000087132","0","0","0","0","21-170-0048","False","False","30","6/19/2021 12:30:00 AM","No Pedestrians Involved","Dry","No Unusual Conditions","Dark - Street Light","Violation Driver 1","No Controls Present/Factor","Clear","Head On","Related","Parked Vehicle","Not Applicable","Not Applicable","North Of",""
"677963","CR-0000087133","1","0","0","0","21-170-0016","False","False","115","6/19/2021 12:07:00 AM","No Pedestrians Involved","Dry","No Unusual Conditions","Daylight","Violation Driver 1","Controls Functioning","Clear","Vehicle/Bike","Non-Related","Bike","Not Applicable","Not Applicable","North Of","Bike"
"677964","CR-0000087134","1","0","0","0","21-170-0098","True","False","53","6/19/2021 2:06:00 AM","No Pedestrians Involved","Dry","No Unusual Conditions","Dark - Street Light","Violation Driver 1","No Controls Present/Factor","Clear","Hit Object","Non-Related","Fixed Object","Not Applicable","Not Applicable","North Of","Street Light"
"677965","CR-0000087135","0","0","0","0","21-170-0195","False","False","170","6/19/2021 5:58:00 AM","No Pedestrians Involved","Dry","No Unusual Conditions","Dark - Street Light","Violation Driver 1","No Controls Present/Factor","Clear","Broadside","Non-Related","Parked Vehicle","Not Applicable","Not Applicable","North Of",""
"677966","CR-0000087136","0","0","0","0","21-170-0190","False","False","0","6/19/2021 6:16:00 AM","No Pedestrians Involved","Dry","No Unusual Conditions","Dusk - Dawn","Violation Driver 1","No Controls Present/Factor","Clear","Head On","Intersection","Other Vehicle","Not Applicable","Not Applicable","At",""
"677967","CR-0000087137","0","0","0","0","21-170-0420","False","False","252","6/19/2021 12:00:00 PM","No Pedestrians Involved","Dry","No Unusual Conditions","Daylight","Violation Driver 1","No Controls Present/Factor","Clear","Rear End","Non-Related","Other Vehicle","Not Applicable","Not Applicable","South Of",""
"677968","CR-0000087138","0","0","0","0","21-170-9706","False","True","51","6/21/2021 2:30:00 AM","No Pedestrians Involved","Dry","No Unusual Conditions","Dark - Street Light","Violation Driver 1","No Controls Present/Factor","Clear","Head On","Non-Related","Other Vehicle","Not Applicable","Not Applicable","East Of",""
"677969","CR-0000087139","0","1","0","0","21-171-0594","True","False","27","6/20/2021 5:30:00 PM","No Pedestrians Involved","Dry","No Unusual Conditions","Daylight","Violation Driver 1","No Controls Present/Factor","Clear","Hit Object","Related","Fixed Object","Not Applicable","Not Applicable","East Of","Signal Light"
"677970","CR-0000087140","0","1","0","0","21-171-0722","False","False","171","6/20/2021 7:16:00 PM","In Road - Includes Shoulder","Dry","No Unusual Conditions","Daylight","Violation Driver 1","No Controls Present/Factor","Clear","Vehicle/Pedestrian","Non-Related","Pedestrian","South","South","East Of","Pedestrian"
"677971","CR-0000087141","0","1","0","0","21-171-0072","False","False","37","6/20/2021 1:16:00 AM","No Pedestrians Involved","Dry","No Unusual Conditions","Dark - Street Light","Violation Driver 1","Unknown","Clear","Rear End","Related","Parked Vehicle","Not Applicable","Not Applicable","West Of",""
"677972","CR-0000087142","0","0","0","0","21-171-0113","True","False","340","6/20/2021 2:00:00 AM","No Pedestrians Involved","Dry","No Unusual Conditions","Dark - Street Light","Violation Driver 1","Unknown","Clear","Hit Object","Non-Related","Other Object","Not Applicable","Not Applicable","South Of","Street Light"
"677973","CR-0000087143","0","0","0","0","21-171-0041","True","False","0","6/20/2021 12:40:00 AM","No Pedestrians Involved","Dry","No Unusual Conditions","Dark - Street Light","Violation Driver 1","No Controls Present/Factor","Clear","Hit Object","Intersection","Fixed Object","Not Applicable","Not Applicable","At","Signage"
"677974","CR-0000087144","0","2","0","0","21-171-0383","False","False","51","6/20/2021 11:40:00 AM","No Pedestrians Involved","Dry","No Unusual Conditions","Daylight","Violation Driver 1","No Controls Present/Factor","Clear","Broadside","Non-Related","Other Vehicle","Not Applicable","Not Applicable","North Of",""
"677975","CR-0000087145","0","0","0","0","21-171-0432","False","False","126","6/20/2021 1:04:00 PM","No Pedestrians Involved","Dry","No Unusual Conditions","Daylight","Violation Driver 1","Controls Functioning","Clear","Broadside","Non-Related","Parked Vehicle","Not Applicable","Not Applicable","East Of",""
"677976","CR-0000087146","0","0","0","0","21-171-0797","False","False","250","6/20/2021 8:39:00 PM","No Pedestrians Involved","Dry","No Unusual Conditions","Dark - Street Light","Violation Driver 1","No Controls Present/Factor","Clear","Rear End","Non-Related","Parked Vehicle","Not Applicable","Not Applicable","North Of",""
"677977","CR-0000087147","1","0","0","0","21-168-0405","False","False","0","6/17/2021 12:20:00 PM","No Pedestrians Involved","Dry","No Unusual Conditions","Daylight","Violation Driver 1","No Controls Present/Factor","Clear","Broadside","Intersection","Other Vehicle","Not Applicable","Not Applicable","At",""
"677978","CR-0000087148","1","0","0","0","21-170-0810","False","False","0","6/19/2021 7:00:00 PM","No Pedestrians Involved","Dry","No Unusual Conditions","Daylight","Violation Driver 1","No Controls Present/Factor","Clear","Broadside","Intersection","Other Vehicle","Not Applicable","Not Applicable","At",""
"677979","CR-0000087149","1","1","0","0","21-173-0303","False","False","0","6/22/2021 8:50:00 AM","No Pedestrians Involved","Dry","No Unusual Conditions","Daylight","Violation Driver 1","No Controls Present/Factor","Clear","Head On","Intersection","Other Vehicle","Not Applicable","Not Applicable","At",""
"677980","CR-0000087150","0","0","0","0","21-173-9708","False","True","","6/22/2021 12:30:00 PM","No Pedestrians Involved","Dry","No Unusual Conditions","Daylight","Unknown","Controls Functioning","Clear","Rear End","Related","Other Vehicle","Not Applicable","Not Applicable","South Of",""
"677981","CR-0000087151","0","1","0","0","21-175-0491","False","False","195","6/24/2021 12:39:00 PM","No Pedestrians Involved","Dry","No Unusual Conditions","Daylight","Violation Driver 1","No Controls Present/Factor","Clear","Head On","Non-Related","Other Vehicle","Not Applicable","Not Applicable","South Of",""
"677982","CR-0000087152","0","1","0","0","21-175-0659","False","False","288","6/24/2021 3:45:00 PM","No Pedestrians Involved","Dry","No Unusual Conditions","Daylight","Violation Driver 1","No Controls Present/Factor","Clear","Other","Non-Related","Other Vehicle","Not Applicable","Not Applicable","South Of",""
"677983","CR-0000087153","1","0","0","0","21-175-1028","False","False","0","6/24/2021 10:40:00 PM","No Pedestrians Involved","Dry","No Unusual Conditions","Dark - Street Light","Violation Driver 1","Controls Functioning","Clear","Broadside","Intersection","Other Vehicle","Not Applicable","Not Applicable","At",""
"677984","CR-0000087154","0","1","0","0","21-175-0899","False","False","0","6/24/2021 8:09:00 PM","No Pedestrians Involved","Dry","No Unusual Conditions","Daylight","Violation Driver 1","Controls Functioning","Clear","Vehicle/Bike","Intersection","Bike","Not Applicable","Not Applicable","At","Bike"
"677985","CR-0000087155","0","1","0","0","21-175-0653","False","False","240","6/24/2021 3:57:00 PM","No Pedestrians Involved","Dry","No Unusual Conditions","Daylight","Violation Driver 1","No Controls Present/Factor","Clear","Broadside","Non-Related","Other Vehicle","Not Applicable","Not Applicable","East Of",""
"677986","CR-0000087156","1","1","0","0","21-172-0132","False","False","0","6/21/2021 5:25:00 AM","No Pedestrians Involved","Dry","No Unusual Conditions","Daylight","Violation Driver 1","Controls Functioning","Clear","Sideswipe","Intersection","Other Vehicle","Not Applicable","Not Applicable","At",""
"677987","CR-0000087157","0","2","0","0","21-172-0504","False","False","0","6/21/2021 12:12:00 PM","No Pedestrians Involved","Dry","No Unusual Conditions","Daylight","Violation Driver 1","Controls Functioning","Clear","Other","Intersection","Other Vehicle","Not Applicable","Not Applicable","At",""
"677988","CR-0000087158","3","0","0","0","21-172-0894","False","False","0","6/21/2021 7:13:00 PM","No Pedestrians Involved","Dry","No Unusual Conditions","Daylight","Violation Driver 1","Controls Functioning","Clear","Broadside","Intersection","Motor Vehicle On Other Roadway","Not Applicable","Not Applicable","At",""
"677989","CR-0000087159","0","0","0","0","21-173-0280","False","False","180","6/21/2021 9:50:00 PM","No Pedestrians Involved","Dry","No Unusual Conditions","Dark - Street Light","Unknown","No Controls Present/Factor","Clear","Sideswipe","Non-Related","Parked Vehicle","Not Applicable","Not Applicable","North Of",""
"677990","CR-0000087160","0","0","0","0","21-172-0866","True","False","76","6/21/2021 6:53:00 PM","No Pedestrians Involved","Dry","No Unusual Conditions","Daylight","Violation Driver 1","Controls Functioning","Clear","Other","Non-Related","Other Vehicle","Not Applicable","Not Applicable","West Of","Emergency Vehicle"
"677991","CR-0000087161","0","0","0","0","21-172-0055","True","False","0","6/21/2021 1:29:00 AM","No Pedestrians Involved","Dry","Unknown","Dark - Street Light","Violation Driver 1","Unknown","Clear","Head On","Intersection","Fixed Object","Not Applicable","Not Applicable","At","Speed Limit Sign"
"677992","CR-0000087162","0","0","0","0","21-172-0191","True","False","48","6/21/2021 7:36:00 AM","No Pedestrians Involved","Dry","No Unusual Conditions","Daylight","Violation Driver 1","Controls Functioning","Clear","Rear End","Related","Other Vehicle","Not Applicable","Not Applicable","West Of",""
"677993","CR-0000087163","0","0","0","0","21-172-0746","True","False","170","6/21/2021 4:56:00 PM","No Pedestrians Involved","Dry","No Unusual Conditions","Daylight","Violation Driver 1","Controls Functioning","Clear","Hit Object","Non-Related","Fixed Object","Not Applicable","Not Applicable","West Of","Tree"
"677994","CR-0000087164","0","0","0","0","21-173-0162","False","False","0","6/21/2021 6:30:00 PM","No Pedestrians Involved","Dry","No Unusual Conditions","Dusk - Dawn","Violation Driver 1","No Controls Present/Factor","Clear","Sideswipe","Intersection","Parked Vehicle","Not Applicable","Not Applicable","At",""
"677995","CR-0000087165","0","1","0","0","21-172-0852","False","False","164","6/21/2021 6:36:00 PM","No Pedestrians Involved","Dry","No Unusual Conditions","Daylight","Violation Driver 1","No Controls Present/Factor","Clear","Sideswipe","Non-Related","Bike","Not Applicable","Not Applicable","East Of","Bike"
"677996","CR-0000087166","0","0","0","0","21-172-0893","True","False","54","6/21/2021 7:11:00 PM","No Pedestrians Involved","Dry","No Unusual Conditions","Daylight","Violation Driver 1","No Controls Present/Factor","Clear","Hit Object","Non-Related","Fixed Object","Not Applicable","Not Applicable","South Of","Tree"
"677997","CR-0000087167","0","0","0","0","21-172-9707","False","True","20","6/21/2021 11:23:00 AM","No Pedestrians Involved","Dry","No Unusual Conditions","Daylight","Unknown","Controls Functioning","Clear","Broadside","Related","Other Vehicle","Not Applicable","Not Applicable","South Of",""
"677998","CR-0000087168","1","0","0","0","21-173-0591","False","False","295","6/22/2021 1:33:00 PM","No Pedestrians Involved","Dry","No Unusual Conditions","Daylight","Violation Driver 1","No Controls Present/Factor","Clear","Broadside","Non-Related","Other Vehicle","Not Applicable","Not Applicable","South Of",""
"677999","CR-0000087169","0","0","0","0","21-173-0704","True","False","92","6/22/2021 3:42:00 PM","No Pedestrians Involved","Dry","No Unusual Conditions","Daylight","Violation Driver 1","No Controls Present/Factor","Clear","Hit Object","Non-Related","Fixed Object","Not Applicable","Not Applicable","South Of","Curb"
"678000","CR-0000087170","1","0","0","0","21-174-0140","False","False","0","6/23/2021 7:12:00 AM","No Pedestrians Involved","Dry","No Unusual Conditions","Daylight","Violation Driver 1","Controls Functioning","Clear","Rear End","Intersection","Other Vehicle","Not Applicable","Not Applicable","At",""
"678001","CR-0000087171","2","0","0","0","21-174-0132","False","False","0","6/23/2021 6:46:00 AM","No Pedestrians Involved","Dry","No Unusual Conditions","Daylight","Violation Driver 1","No Controls Present/Factor","Clear","Broadside","Intersection","Other Vehicle","Not Applicable","Not Applicable","At",""
"678002","CR-0000087172","1","0","0","0","21-174-0428","False","False","0","6/23/2021 12:13:00 PM","No Pedestrians Involved","Dry","No Unusual Conditions","Daylight","Violation Driver 1","Controls Functioning","Clear","Vehicle/Bike","Intersection","Bike","Not Applicable","Not Applicable","At","Bike"
"678003","CR-0000087173","0","0","0","0","21-174-0159","False","False","0","6/23/2021 7:37:00 AM","No Pedestrians Involved","Dry","No Unusual Conditions","Daylight","Violation Driver 1","Controls Functioning","Clear","Broadside","Intersection","Other Vehicle","Not Applicable","Not Applicable","At",""
"678004","CR-0000087174","0","0","0","0","21-174-1013","True","False","","6/23/2021 10:15:00 PM","No Pedestrians Involved","Dry","No Unusual Conditions","Dark - Street Light","Violation Driver 1","No Controls Present/Factor","Clear","Rear End","Related","Fixed Object","Not Applicable","Not Applicable","South Of","Pole"