"CrashFactId","Name","MinorInjuries","ModerateInjuries","SevereInjuries","FatalInjuries","TcrNumber","CityDamageFlag","ShortFormFlag","Distance","CrashDateTime","PedestrianAction","RoadwaySurface","RoadwayCondition","Lighting","PrimaryCollisionFactor","TrafficControl","Weather","CollisionType","ProximityToIntersection","VehicleInvolvedWith","PedestrianDirectionFrom","PedestrianDirectionTo","DirectionFromIntersection","Comment"
"678005","CR-0000087175","0","0","0","0","21-174-0543","False","False","","6/23/2021 2:05:00 PM","No Pedestrians Involved","Dry","No Unusual Conditions","Daylight","Violation Driver 1","Controls Functioning","Clear","Rear End","Related","Other Vehicle","Not Applicable","Not Applicable","South Of",""
"678006","CR-0000087176","0","0","0","0","21-174-0877","False","False","33","6/23/2021 7:38:00 PM","No Pedestrians Involved","Dry","No Unusual Conditions","Daylight","Violation Driver 1","No Controls Present/Factor","Clear","Sideswipe","Related","Other Vehicle","Not Applicable","Not Applicable","North Of",""
"678007","CR-0000087177","0","0","0","0","21-174-0105","True","False","0","6/23/2021 4:39:00 AM","No Pedestrians Involved","Dry","Other","Dark - Street Light","Violation Driver 1","Controls Functioning","Clear","Sideswipe","Intersection","Parked Vehicle","Not Applicable","Not Applicable","At","Emergency Vehicle"
"678008","CR-0000087178","0","0","0","0","21-180-9709","False","False","","6/29/2021 1:00:00 PM","No Pedestrians Involved","Unknown","Unknown","Daylight","Unknown","Unknown","Unknown","Rear End","Related","Other Vehicle","Not Applicable","Not Applicable","West Of",""
"678009","CR-0000087179","0","0","0","0","21-186-9714","False","True","51","6/28/2021 6:44:00 AM","No Pedestrians Involved","Dry","No Unusual Conditions","Daylight","Unknown","Unknown","Clear","Other","Non-Related","Other Vehicle","Not Applicable","Not Applicable","West Of",""
"678010","CR-0000087180","0","0","0","0","21-179-0169","False","False","40","6/28/2021 4:34:00 AM","No Pedestrians Involved","Unknown","Unknown","Dark - Street Light","Unknown","No Controls Present/Factor","Unknown","Hit Object","Related","Fixed Object","Not Applicable","Not Applicable","North Of","Fence, curb"
"678011","CR-0000087181","0","0","0","0","21-181-9706","False","True","0","6/28/2021 6:00:00 PM","No Pedestrians Involved","Dry","No Unusual Conditions","Daylight","Unknown","Controls Functioning","Clear","Broadside","Intersection","Other Vehicle","Not Applicable","Not Applicable","At",""
"678012","CR-0000087182","1","0","0","0","21-178-0500","False","False","0","6/27/2021 2:30:00 PM","No Pedestrians Involved","Dry","No Unusual Conditions","Daylight","Violation Driver 1","Controls Functioning","Clear","Sideswipe","Intersection","Other Vehicle","Not Applicable","Not Applicable","At",""
"678013","CR-0000087183","0","0","0","0","21-178-0655","False","False","51","6/27/2021 6:10:00 PM","No Pedestrians Involved","Dry","No Unusual Conditions","Daylight","Violation Driver 1","Controls Functioning","Clear","Rear End","Non-Related","Other Vehicle","Not Applicable","Not Applicable","West Of",""
"678014","CR-0000087184","0","0","0","0","21-179-0249","False","False","60","6/28/2021 7:40:00 AM","No Pedestrians Involved","Dry","No Unusual Conditions","Daylight","Violation Driver 1","Controls Functioning","Clear","Sideswipe","Non-Related","Other Vehicle","Not Applicable","Not Applicable","South Of",""
"678015","CR-0000087185","0","0","0","0","21-179-0584","False","False","42","6/28/2021 1:33:00 PM","No Pedestrians Involved","Dry","No Unusual Conditions","Daylight","Unknown","Controls Functioning","Unknown","Other","Related","Parked Vehicle","Not Applicable","Not Applicable","East Of",""
"678016","CR-0000087186","0","0","0","0","21-179-0885","False","False","51","6/28/2021 6:44:00 PM","No Pedestrians Involved","Dry","No Unusual Conditions","Dusk - Dawn","Violation Driver 1","No Controls Present/Factor","Clear","Rear End","Non-Related","Parked Vehicle","Not Applicable","Not Applicable","West Of",""
"678017","CR-0000087187","0","0","0","0","21-179-1122","False","False","98","6/28/2021 11:24:00 PM","No Pedestrians Involved","Dry","No Unusual Conditions","Dark - Street Light","Violation Driver 1","No Controls Present/Factor","Clear","Rear End","Non-Related","Parked Vehicle","Not Applicable","Not Applicable","South Of",""
"678018","CR-0000087188","1","0","0","0","21-180-0973","False","False","0","6/29/2021 9:16:00 PM","No Pedestrians Involved","Dry","No Unusual Conditions","Dark - Street Light","Violation Driver 1","Controls Functioning","Clear","Vehicle/Bike","Intersection","Bike","Not Applicable","Not Applicable","At",""
"678019","CR-0000087189","0","0","0","0","21-181-0065","False","False","138","6/30/2021 1:46:00 AM","No Pedestrians Involved","Dry","No Unusual Conditions","Dark - Street Light","Violation Driver 1","No Controls Present/Factor","Clear","Broadside","Non-Related","Parked Vehicle","Not Applicable","Not Applicable","West Of",""
"678020","CR-0000087190","0","0","0","0","21-181-0432","False","False","","6/30/2021 10:58:00 AM","No Pedestrians Involved","Dry","No Unusual Conditions","Daylight","Violation Driver 1","Unknown","Clear","Rear End","Related","Other Vehicle","Not Applicable","Not Applicable","Unknown",""
"678021","CR-0000087191","1","0","0","0","21-181-0815","False","False","40","6/30/2021 4:30:00 PM","No Pedestrians Involved","Dry","No Unusual Conditions","Daylight","Violation Driver 1","Controls Functioning","Clear","Rear End","Related","Other Vehicle","Not Applicable","Not Applicable","West Of",""
"678022","CR-0000087192","0","0","0","0","21-181-1200","False","False","","6/30/2021 10:18:00 PM","No Pedestrians Involved","Dry","No Unusual Conditions","Dark - Street Light","Violation Driver 1","Controls Functioning","Clear","Rear End","Related","Other Vehicle","Not Applicable","Not Applicable","West Of",""
"678023","CR-0000087193","0","2","0","0","21-181-1062","True","False","208","6/30/2021 8:49:00 PM","No Pedestrians Involved","Dry","No Unusual Conditions","Dusk - Dawn","Violation Driver 1","No Controls Present/Factor","Clear","Hit Object","Non-Related","Fixed Object","Not Applicable","Not Applicable","South Of","3 trees"
"678024","CR-0000087194","0","0","0","0","21-178-0871","False","False","52","6/27/2021 10:03:00 PM","No Pedestrians Involved","Dry","No Unusual Conditions","Dark - Street Light","Violation Driver 1","Controls Functioning","Clear","Hit Object","Non-Related","Fixed Object","Not Applicable","Not Applicable","West Of","Chain-link fence"
"678026","CR-0000087196","0","0","0","0","21-113-9701","False","True","51","3/15/2021 4:00:00 PM","No Pedestrians Involved","Wet","No Unusual Conditions","Daylight","Other Improper Driving","No Controls Present/Factor","Rain","Hit Object","Non-Related","Fixed Object","Not Applicable","Not Applicable","South Of","Property Damage"
"678027","CR-0000087197","1","0","0","0","21-097-9706","False","False","51","3/20/2021 5:54:00 PM","No Pedestrians Involved","Dry","No Unusual Conditions","Daylight","Unknown","No Controls Present/Factor","Clear","Sideswipe","Non-Related","Other Vehicle","Not Applicable","Not Applicable","Unknown",""
"678028","CR-0000087198","0","0","0","0","21-097-9707","False","True","","4/3/2021 5:00:00 PM","No Pedestrians Involved","Unknown","No Unusual Conditions","Dark - Street Light","Unknown","Controls Functioning","Clear","Hit Object","Related","Fixed Object","Not Applicable","Not Applicable","South Of",""
"678029","CR-0000087199","0","0","0","0","21-130-9714","False","True","","4/5/2021 2:45:00 AM","No Pedestrians Involved","Dry","Unknown","Daylight","Unknown","Controls Functioning","Unknown","Rear End","Related","Other Vehicle","Not Applicable","Not Applicable","East Of",""
"678030","CR-0000087200","0","0","0","0","21-098-9707","False","True","51","4/7/2021 11:35:00 AM","No Pedestrians Involved","Dry","No Unusual Conditions","Daylight","Unknown","No Controls Present/Factor","Clear","Rear End","Non-Related","Other Vehicle","Not Applicable","Not Applicable","East Of",""
"678031","CR-0000087201","0","0","0","0","21-100-9710","False","True","51","4/9/2021 11:00:00 PM","No Pedestrians Involved","Dry","No Unusual Conditions","Dark - Street Light","Unknown","No Controls Present/Factor","Unknown","Sideswipe","Non-Related","Parked Vehicle","Not Applicable","Not Applicable","East Of",""
"678032","CR-0000087202","0","0","0","0","21-105-9707","False","True","","4/14/2021 2:30:00 PM","No Pedestrians Involved","Dry","No Unusual Conditions","Daylight","Unknown","No Controls Present/Factor","Clear","Rear End","Related","Other Vehicle","Not Applicable","Not Applicable","South Of",""
"678033","CR-0000087203","0","0","0","0","21-111-9713","False","True","51","4/19/2021 11:30:00 PM","No Pedestrians Involved","Dry","No Unusual Conditions","Dark - Street Light","Unknown","No Controls Present/Factor","Clear","Sideswipe","Non-Related","Parked Vehicle","Not Applicable","Not Applicable","West Of",""
"678034","CR-0000087204","0","0","0","0","21-115-9702","False","True","","4/24/2021 11:00:00 PM","No Pedestrians Involved","Dry","No Unusual Conditions","Dark - Street Light","Unknown","No Controls Present/Factor","Clear","Other","Related","Other Vehicle","Not Applicable","Not Applicable","North Of",""
"678035","CR-0000087205","0","0","0","0","21-116-9705","False","True","51","4/25/2021 12:00:00 PM","No Pedestrians Involved","Wet","No Unusual Conditions","Dark - Street Light","Unknown","No Controls Present/Factor","Rain","Sideswipe","Non-Related","Parked Vehicle","Not Applicable","Not Applicable","West Of",""
"678036","CR-0000087206","0","0","0","0","21-166-9704","False","True","","6/14/2021 2:20:00 PM","No Pedestrians Involved","Dry","Unknown","Daylight","Unknown","Controls Functioning","Clear","Hit Object","Related","Other Vehicle","Not Applicable","Not Applicable","Unknown",""
"678037","CR-0000087207","0","0","0","0","21-167-9709","False","True","51","6/14/2021 6:40:00 PM","No Pedestrians Involved","Dry","No Unusual Conditions","Daylight","Unknown","No Controls Present/Factor","Clear","Sideswipe","Non-Related","Parked Vehicle","Not Applicable","Not Applicable","South Of",""
"678038","CR-0000087208","0","0","0","0","21-186-9707","False","True","51","6/26/2021 12:00:00 AM","No Pedestrians Involved","Unknown","No Unusual Conditions","Daylight","Violation Driver 1","Controls Functioning","Clear","Other","Non-Related","Parked Vehicle","Not Applicable","Not Applicable","South Of",""
"678039","CR-0000087209","0","0","0","0","21-164-4701","False","True","0","6/12/2021 6:00:00 PM","No Pedestrians Involved","Dry","No Unusual Conditions","Daylight","Unknown","Controls Functioning","Clear","Rear End","Intersection","Other Vehicle","Not Applicable","Not Applicable","At",""
"678040","CR-0000087210","0","0","0","0","21-188-9705","False","True","","6/24/2021 10:00:00 AM","No Pedestrians Involved","Dry","No Unusual Conditions","Daylight","Unknown","Controls Functioning","Clear","Rear End","Related","Other Vehicle","Not Applicable","Not Applicable","North Of",""
"678041","CR-0000087211","0","0","0","0","21-180-9708","False","True","0","6/25/2021 10:53:00 PM","No Pedestrians Involved","Dry","No Unusual Conditions","Daylight","Unknown","No Controls Present/Factor","Clear","Sideswipe","Intersection","Other Vehicle","Not Applicable","Not Applicable","At",""
"678042","CR-0000087212","0","0","0","0","21-119-9709","False","True","51","4/27/2021 12:50:00 PM","No Pedestrians Involved","Dry","No Unusual Conditions","Daylight","Unknown","Controls Functioning","Clear","Sideswipe","Non-Related","Other Vehicle","Not Applicable","Not Applicable","South Of",""
"678043","CR-0000087213","0","0","0","0","21-124-9706","False","True","51","4/29/2021 5:37:00 PM","No Pedestrians Involved","Dry","No Unusual Conditions","Daylight","Unknown","No Controls Present/Factor","Clear","Rear End","Non-Related","Parked Vehicle","Not Applicable","Not Applicable","North Of",""
"678044","CR-0000087214","0","0","0","0","21-175-9705","False","True","0","6/10/2021 6:45:00 PM","No Pedestrians Involved","Dry","No Unusual Conditions","Daylight","Unknown","Controls Functioning","Clear","Broadside","Intersection","Other Vehicle","Not Applicable","Not Applicable","At",""
"678045","CR-0000087215","0","0","0","0","21-166-9705","False","False","51","5/14/2021 11:00:00 PM","No Pedestrians Involved","Dry","No Unusual Conditions","Dark - Street Light","Unknown","No Controls Present/Factor","Clear","Rear End","Non-Related","Parked Vehicle","Not Applicable","Not Applicable","West Of",""
"678046","CR-0000087216","1","0","0","0","21-164-0221","False","False","0","6/13/2021 6:24:00 AM","No Pedestrians Involved","Dry","No Unusual Conditions","Daylight","Violation Driver 1","Controls Functioning","Clear","Broadside","Intersection","Motor Vehicle On Other Roadway","Not Applicable","Not Applicable","At",""
"678047","CR-0000087217","5","3","0","0","21-165-0935","False","False","0","6/14/2021 8:59:00 PM","No Pedestrians Involved","Dry","No Unusual Conditions","Dark - Street Light","Violation Driver 1","Controls Functioning","Clear","Head On","Intersection","Other Vehicle","Not Applicable","Not Applicable","At",""
"678048","CR-0000087218","1","0","0","0","21-166-0926","False","False","0","6/15/2021 9:09:00 PM","No Pedestrians Involved","Dry","No Unusual Conditions","Dark - Street Light","Violation Driver 1","Controls Functioning","Clear","Broadside","Intersection","Other Vehicle","Not Applicable","Not Applicable","At",""
"678049","CR-0000087219","0","1","0","0","21-170-0962","False","False","0","6/19/2021 9:18:00 PM","Crossing In Crosswalk - Not At Intersection","Dry","No Unusual Conditions","Dark - Street Light","Violation Driver 1","Controls Functioning","Clear","Broadside","Intersection","Bike","Not Applicable","Not Applicable","At","Bike"
"678050","CR-0000087220","1","0","0","0","21-172-0787","False","False","250","6/21/2021 5:36:00 PM","No Pedestrians Involved","Dry","No Unusual Conditions","Unknown","Violation Driver 1","No Controls Present/Factor","Clear","Sideswipe","Non-Related","Parked Vehicle","Not Applicable","Not Applicable","North Of",""
"678051","CR-0000087221","0","0","0","0","21-173-0544","False","False","163","6/22/2021 12:50:00 PM","No Pedestrians Involved","Dry","No Unusual Conditions","Daylight","Violation Driver 1","Controls Functioning","Clear","Sideswipe","Non-Related","Other Vehicle","Not Applicable","Not Applicable","South Of",""
"678052","CR-0000087222","0","0","0","0","21-176-0261","False","False","51","6/25/2021 12:23:00 AM","No Pedestrians Involved","Dry","No Unusual Conditions","Dark - Street Light","Violation Driver 1","No Controls Present/Factor","Clear","Sideswipe","Non-Related","Parked Vehicle","Not Applicable","Not Applicable","East Of",""
"678053","CR-0000087223","0","0","0","0","21-174-0894","False","False","48","6/23/2021 7:54:00 PM","No Pedestrians Involved","Dry","No Unusual Conditions","Daylight","Violation Driver 1","Unknown","Clear","Hit Object","Related","Fixed Object","Not Applicable","Not Applicable","South Of",""
"678054","CR-0000087224","1","0","0","0","21-163-0406","False","False","617","6/12/2021 12:51:00 PM","No Pedestrians Involved","Unknown","No Unusual Conditions","Daylight","Violation Driver 1","Unknown","Unknown","Broadside","Non-Related","Other Vehicle","Not Applicable","Not Applicable","North Of",""
"678055","CR-0000087226","0","1","0","0","21-167-0861","False","False","146","6/16/2021 7:00:00 PM","No Pedestrians Involved","Dry","No Unusual Conditions","Daylight","Bike At Fault","No Controls Present/Factor","Clear","Vehicle/Bike","Non-Related","Bike","Not Applicable","Not Applicable","North Of",""
"678056","CR-0000087228","2","0","0","0","21-175-0207","False","False","126","6/24/2021 8:17:00 AM","No Pedestrians Involved","Dry","Unknown","Daylight","Violation Driver 1","Unknown","Cloudy","Rear End","Non-Related","Other Vehicle","Not Applicable","Not Applicable","East Of",""
"678057","CR-0000087227","0","1","0","0","21-174-0416","False","False","0","6/23/2021 11:59:00 AM","No Pedestrians Involved","Dry","No Unusual Conditions","Daylight","Violation Driver 1","No Controls Present/Factor","Clear","Sideswipe","Intersection","Parked Vehicle","Not Applicable","Not Applicable","At",""
"678058","CR-0000087225","2","0","0","0","21-174-0732","False","False","0","6/23/2021 5:10:00 PM","No Pedestrians Involved","Dry","No Unusual Conditions","Daylight","Violation Driver 1","No Controls Present/Factor","Clear","Sideswipe","Intersection","Other Vehicle","Not Applicable","Not Applicable","At",""
"678059","CR-0000087229","1","0","0","0","21-172-0961","False","False","21","6/21/2021 8:22:00 PM","No Pedestrians Involved","Dry","No Unusual Conditions","Daylight","Violation Driver 1","Controls Functioning","Clear","Rear End","Related","Motor Vehicle On Other Roadway","Not Applicable","Not Applicable","East Of",""
"678060","CR-0000087230","0","0","0","0","21-173-1021","False","False","0","6/22/2021 8:02:00 PM","No Pedestrians Involved","Dry","No Unusual Conditions","Daylight","Violation Driver 1","Controls Functioning","Clear","Rear End","Intersection","Other Vehicle","Not Applicable","Not Applicable","At",""
"678061","CR-0000087231","1","0","0","0","21-172-9701","False","False","0","6/19/2021 1:30:00 PM","No Pedestrians Involved","Dry","No Unusual Conditions","Daylight","Unknown","Unknown","Clear","Other","Intersection","Unknown","Not Applicable","Not Applicable","At",""
"678062","CR-0000087232","0","0","0","0","21-178-0064","True","False","134","6/27/2021 12:56:00 AM","No Pedestrians Involved","Dry","No Unusual Conditions","Dark - Street Light","Other Improper Driving","Controls Functioning","Clear","Hit Object","Non-Related","Fixed Object","Not Applicable","Not Applicable","North Of","Light pole, fire service"
"678063","CR-0000087233","1","0","0","0","21-179-0734","False","False","51","6/28/2021 4:14:00 PM","No Pedestrians Involved","Dry","No Unusual Conditions","Daylight","Violation Driver 1","No Controls Present/Factor","Clear","Rear End","Non-Related","Other Vehicle","Not Applicable","Not Applicable","South Of",""
"678064","CR-0000087234","1","2","1","0","21-170-0873","False","False","51","6/19/2021 7:55:00 PM","No Pedestrians Involved","Dry","No Unusual Conditions","Daylight","Violation Driver 1","No Controls Present/Factor","Clear","Head On","Non-Related","Other Vehicle","Not Applicable","Not Applicable","South Of",""
"678065","CR-0000087235","0","0","0","0","21-178-0011","False","False","53","6/27/2021 12:50:00 AM","No Pedestrians Involved","Dry","No Unusual Conditions","Dark - Street Light","Violation Driver 1","Unknown","Clear","Rear End","Non-Related","Parked Vehicle","Not Applicable","Not Applicable","East Of",""
"678066","CR-0000087236","0","0","0","0","21-177-1156","False","False","85","6/26/2021 11:40:00 PM","No Pedestrians Involved","Dry","No Unusual Conditions","Dark - No Street Light","Violation Driver 1","No Controls Present/Factor","Clear","Rear End","Non-Related","Parked Vehicle","Not Applicable","Not Applicable","West Of",""
"678067","CR-0000087237","0","0","0","0","21-177-0618","False","False","288","6/26/2021 4:27:00 PM","No Pedestrians Involved","Dry","No Unusual Conditions","Daylight","Violation Driver 1","No Controls Present/Factor","Clear","Sideswipe","Non-Related","Parked Vehicle","Not Applicable","Not Applicable","West Of",""
"678068","CR-0000087238","0","0","0","0","21-177-0573","False","False","51","6/26/2021 3:41:00 PM","No Pedestrians Involved","Dry","No Unusual Conditions","Daylight","Violation Driver 1","No Controls Present/Factor","Clear","Broadside","Non-Related","Other Vehicle","Not Applicable","Not Applicable","South Of",""
"678069","CR-0000087239","0","0","0","0","21-177-0111","False","False","82","6/26/2021 2:00:00 AM","No Pedestrians Involved","Dry","No Unusual Conditions","Dark - Street Light","Violation Driver 1","No Controls Present/Factor","Clear","Overturned","Non-Related","Parked Vehicle","Not Applicable","Not Applicable","North Of",""
"678070","CR-0000087240","1","0","0","0","21-167-9708","False","False","51","6/13/2021 9:45:00 AM","No Pedestrians Involved","Dry","No Unusual Conditions","Dark - Street Light","Unknown","Controls Functioning","Clear","Rear End","Non-Related","Other Vehicle","Not Applicable","Not Applicable","East Of",""
"678071","CR-0000087241","0","0","0","0","21-182-0782","False","False","135","7/1/2021 4:36:00 PM","No Pedestrians Involved","Dry","No Unusual Conditions","Daylight","Violation Driver 1","No Controls Present/Factor","Clear","Rear End","Non-Related","Other Vehicle","Not Applicable","Not Applicable","North Of",""
"678072","CR-0000087242","1","0","0","0","21-183-0301","False","False","0","7/2/2021 10:09:00 AM","No Pedestrians Involved","Dry","No Unusual Conditions","Daylight","Violation Driver 1","No Controls Present/Factor","Clear","Vehicle/Bike","Intersection","Bike","Not Applicable","Not Applicable","At",""
"678073","CR-0000087243","0","0","0","0","21-187-9704","False","True","51","7/3/2021 2:07:00 PM","No Pedestrians Involved","Dry","No Unusual Conditions","Daylight","Unknown","No Controls Present/Factor","Clear","Other","Non-Related","Parked Vehicle","Not Applicable","Not Applicable","North Of",""
"678074","CR-0000087244","1","0","0","0","21-183-1155","False","False","25","7/2/2021 11:42:00 PM","In Road - Includes Shoulder","Dry","No Unusual Conditions","Dark - Street Light","Violation Driver 1","Controls Functioning","Clear","Vehicle/Pedestrian","Related","Pedestrian","North","South","North Of","Drunk driver jumped off the moving car, which ran over his ankle."
"678075","CR-0000087245","0","1","0","0","21-184-0088","False","False","0","7/3/2021 1:51:00 AM","Crossing In Crosswalk - At Intersection","Dry","No Unusual Conditions","Dark - Street Light","Violation Driver 1","Controls Functioning","Clear","Vehicle/Pedestrian","Intersection","Pedestrian","East","West","At",""
"678076","CR-0000087246","1","0","0","0","21-184-0495","False","False","51","7/3/2021 2:07:00 PM","No Pedestrians Involved","Dry","No Unusual Conditions","Daylight","Violation Driver 1","No Controls Present/Factor","Clear","Broadside","Non-Related","Motor Vehicle On Other Roadway","Not Applicable","Not Applicable","North Of",""
"678077","CR-0000087247","0","0","1","0","21-184-0925","False","False","195","7/3/2021 10:59:00 PM","No Pedestrians Involved","Dry","No Unusual Conditions","Dark - Street Light","Violation Driver 1","No Controls Present/Factor","Clear","Sideswipe","Non-Related","Parked Vehicle","Not Applicable","Not Applicable","North Of",""
"678078","CR-0000087248","0","0","0","0","21-185-9705","False","True","0","7/4/2021 12:34:00 PM","No Pedestrians Involved","Dry","No Unusual Conditions","Daylight","Unknown","No Controls Present/Factor","Clear","Sideswipe","Intersection","Other Vehicle","Not Applicable","Not Applicable","At",""
"678079","CR-0000087249","0","0","0","0","21-187-9705","False","True","51","7/5/2021 12:00:00 AM","No Pedestrians Involved","Dry","No Unusual Conditions","Dark - Street Light","Unknown","No Controls Present/Factor","Clear","Sideswipe","Non-Related","Parked Vehicle","Not Applicable","Not Applicable","East Of",""
"678080","CR-0000087250","0","0","0","0","21-189-9702","False","True","51","7/8/2021 1:00:00 AM","No Pedestrians Involved","Dry","No Unusual Conditions","Dark - Street Light","Unknown","No Controls Present/Factor","Clear","Other","Non-Related","Parked Vehicle","Not Applicable","Not Applicable","South Of",""
"678081","CR-0000087251","0","0","0","0","21-190-9732","False","True","","7/8/2021 6:55:00 PM","No Pedestrians Involved","Dry","No Unusual Conditions","Dusk - Dawn","Unknown","No Controls Present/Factor","Clear","Rear End","Related","Parked Vehicle","Not Applicable","Not Applicable","East Of",""
"678082","CR-0000087252","1","0","0","0","21-190-0318","False","False","","7/9/2021 9:56:00 AM","No Pedestrians Involved","Dry","No Unusual Conditions","Daylight","Violation Driver 1","Controls Functioning","Clear","Sideswipe","Related","Other Vehicle","Not Applicable","Not Applicable","South Of",""
"678083","CR-0000087253","0","0","0","0","21-191-9704","False","True","51","7/10/2021 12:00:00 PM","No Pedestrians Involved","Dry","No Unusual Conditions","Dark - Street Light","Unknown","No Controls Present/Factor","Clear","Other","Non-Related","Parked Vehicle","Not Applicable","Not Applicable","North Of",""
"678084","CR-0000087254","0","0","0","0","21-207-4000","False","True","51","7/25/2021 10:00:00 PM","No Pedestrians Involved","Unknown","Unknown","Unknown","Unknown","Unknown","Unknown","Sideswipe","Non-Related","Parked Vehicle","Not Applicable","Not Applicable","North Of",""
"678085","CR-0000087255","0","0","0","0","21-206-4001","False","True","51","7/25/2021 2:00:00 AM","No Pedestrians Involved","Unknown","Unknown","Unknown","Unknown","Unknown","Unknown","Other","Non-Related","Parked Vehicle","Not Applicable","Not Applicable","North Of",""
"678086","CR-0000087256","0","0","0","0","21-194-4003","False","True","51","7/12/2021 6:30:00 PM","No Pedestrians Involved","Unknown","Unknown","Daylight","Unknown","Unknown","Unknown","Rear End","Non-Related","Parked Vehicle","Not Applicable","Not Applicable","West Of",""
"678087","CR-0000087257","1","0","0","0","21-211-4001","False","True","0","7/29/2021 1:15:00 PM","No Pedestrians Involved","Unknown","Unknown","Daylight","Unknown","Unknown","Unknown","Rear End","Intersection","Other Vehicle","Not Applicable","Not Applicable","At",""
"678088","CR-0000087258","0","0","0","0","21-210-4001","False","True","0","7/29/2021 2:05:00 PM","No Pedestrians Involved","Unknown","Unknown","Daylight","Unknown","Unknown","Unknown","Rear End","Intersection","Other Vehicle","Not Applicable","Not Applicable","At",""
"678089","CR-0000087259","0","0","0","0","21-210-4000","False","True","","7/27/2021 4:30:00 PM","No Pedestrians Involved","Unknown","Unknown","Daylight","Unknown","Unknown","Unknown","Rear End","Related","Other Vehicle","Not Applicable","Not Applicable","North Of",""
"678090","CR-0000087260","0","0","0","0","21-209-4002","False","True","","7/25/2021 4:30:00 PM","No Pedestrians Involved","Unknown","Unknown","Daylight","Unknown","Unknown","Unknown","Rear End","Related","Other Vehicle","Not Applicable","Not Applicable","South Of",""
"678091","CR-0000087261","0","0","0","0","21-210-4002","False","True","51","7/29/2021 2:00:00 PM","No Pedestrians Involved","Unknown","Unknown","Daylight","Unknown","Unknown","Unknown","Sideswipe","Non-Related","Parked Vehicle","Not Applicable","Not Applicable","South Of",""
"678092","CR-0000087262","0","0","0","0","21-208-4003","False","True","0","7/14/2021 2:45:00 PM","No Pedestrians Involved","Unknown","Unknown","Daylight","Unknown","Unknown","Unknown","Rear End","Intersection","Other Vehicle","Not Applicable","Not Applicable","At",""
"678093","CR-0000087263","0","0","0","0","21-209-4001","False","True","0","7/28/2021 10:20:00 AM","No Pedestrians Involved","Unknown","Unknown","Daylight","Unknown","Unknown","Unknown","Broadside","Intersection","Other Vehicle","Not Applicable","Not Applicable","At",""
"678094","CR-0000087264","0","0","0","0","21-207-4004","False","True","0","7/22/2021 6:00:00 PM","No Pedestrians Involved","Unknown","Unknown","Daylight","Unknown","Unknown","Unknown","Broadside","Intersection","Other Vehicle","Not Applicable","Not Applicable","At",""
"678095","CR-0000087265","0","0","0","0","21-207-4002","False","True","","7/24/2021 6:00:00 PM","No Pedestrians Involved","Unknown","Unknown","Daylight","Unknown","Unknown","Unknown","Other","Related","Parked Vehicle","Not Applicable","Not Applicable","East Of",""
"678096","CR-0000087267","0","0","0","0","21-187-9708","False","True","","7/1/2021 3:00:00 PM","No Pedestrians Involved","Dry","No Unusual Conditions","Daylight","Unknown","Controls Functioning","Clear","Sideswipe","Related","Other Vehicle","Not Applicable","Not Applicable","West Of",""
"678097","CR-0000087268","0","0","0","0","21-183-0791","False","False","220","7/2/2021 6:44:00 PM","No Pedestrians Involved","Dry","No Unusual Conditions","Daylight","Violation Driver 1","No Controls Present/Factor","Clear","Broadside","Non-Related","Other Vehicle","Not Applicable","Not Applicable","South Of",""
"678098","CR-0000087269","1","0","0","0","21-183-0832","False","False","0","7/2/2021 7:30:00 PM","No Pedestrians Involved","Dry","No Unusual Conditions","Daylight","Violation Driver 1","Controls Functioning","Clear","Broadside","Intersection","Other Vehicle","Not Applicable","Not Applicable","At",""
"678099","CR-0000087270","0","1","0","0","21-184-0345","False","False","51","7/3/2021 10:40:00 AM","No Pedestrians Involved","Dry","No Unusual Conditions","Daylight","Violation Driver 1","No Controls Present/Factor","Clear","Rear End","Non-Related","Other Vehicle","Not Applicable","Not Applicable","East Of",""
"678100","CR-0000087271","1","0","0","0","21-184-0588","False","False","205","7/3/2021 4:13:00 PM","No Pedestrians Involved","Dry","No Unusual Conditions","Daylight","Violation Driver 1","Controls Functioning","Clear","Head On","Non-Related","Other Vehicle","Not Applicable","Not Applicable","North Of",""
"678101","CR-0000087272","0","0","0","0","21-184-0700","False","False","243","7/3/2021 6:32:00 PM","No Pedestrians Involved","Dry","No Unusual Conditions","Daylight","Violation Driver 1","No Controls Present/Factor","Clear","Sideswipe","Non-Related","Parked Vehicle","Not Applicable","Not Applicable","East Of",""
"678102","CR-0000087273","0","0","0","0","21-185-0416","False","False","285","7/4/2021 7:00:00 AM","No Pedestrians Involved","Unknown","Unknown","Daylight","Violation Driver 1","Unknown","Unknown","Sideswipe","Non-Related","Parked Vehicle","Not Applicable","Not Applicable","West Of",""
"678103","CR-0000087274","0","1","0","0","21-185-0899","False","False","0","7/4/2021 8:07:00 PM","Crossing In Crosswalk - At Intersection","Dry","No Unusual Conditions","Daylight","Violation Driver 1","No Controls Present/Factor","Clear","Vehicle/Pedestrian","Intersection","Pedestrian","South","South","At",""
"678104","CR-0000087275","0","0","0","0","21-185-1086","False","False","0","7/4/2021 9:47:00 PM","No Pedestrians Involved","Dry","No Unusual Conditions","Dark - Street Light","Violation Driver 1","Controls Functioning","Clear","Sideswipe","Intersection","Other Vehicle","Not Applicable","Not Applicable","At",""