"CrashFactId","Name","MinorInjuries","ModerateInjuries","SevereInjuries","FatalInjuries","TcrNumber","CityDamageFlag","ShortFormFlag","Distance","CrashDateTime","PedestrianAction","RoadwaySurface","RoadwayCondition","Lighting","PrimaryCollisionFactor","TrafficControl","Weather","CollisionType","ProximityToIntersection","VehicleInvolvedWith","PedestrianDirectionFrom","PedestrianDirectionTo","DirectionFromIntersection","Comment"
"678202","CR-0000087382","1","0","0","0","21-197-0462","False","False","0","7/16/2021 2:08:00 PM","No Pedestrians Involved","Dry","No Unusual Conditions","Daylight","Violation Driver 1","Controls Functioning","Clear","Head On","Intersection","Other Vehicle","Not Applicable","Not Applicable","At",""
"678203","CR-0000087383","0","0","0","0","21-198-0134","False","False","102","7/17/2021 3:13:00 AM","No Pedestrians Involved","Dry","No Unusual Conditions","Dark - Street Light","Unknown","Controls Functioning","Clear","Rear End","Non-Related","Parked Vehicle","Not Applicable","Not Applicable","West Of",""
"678204","CR-0000087384","1","0","0","0","21-198-0358","False","False","48","7/17/2021 11:24:00 AM","No Pedestrians Involved","Dry","No Unusual Conditions","Daylight","Violation Driver 1","Controls Functioning","Clear","Rear End","Related","Other Vehicle","Not Applicable","Not Applicable","North Of",""
"678205","CR-0000087385","0","1","0","0","21-199-0903","False","False","50","7/18/2021 9:36:00 PM","No Pedestrians Involved","Dry","No Unusual Conditions","Dark - Street Light","Bike At Fault","Controls Functioning","Cloudy","Vehicle/Bike","Related","Bike","Not Applicable","Not Applicable","North Of",""
"678206","CR-0000087386","0","0","0","0","21-200-0079","True","False","560","7/19/2021 2:28:00 AM","No Pedestrians Involved","Dry","No Unusual Conditions","Dark - Street Light","Violation Driver 1","Controls Functioning","Clear","Hit Object","Non-Related","Fixed Object","Not Applicable","Not Applicable","East Of","Curb, tree"
"678207","CR-0000087387","1","0","0","0","21-200-0803","False","False","725","7/19/2021 6:50:00 PM","No Pedestrians Involved","Dry","No Unusual Conditions","Daylight","Violation Driver 1","Controls Functioning","Clear","Broadside","Non-Related","Other Vehicle","Not Applicable","Not Applicable","South Of",""
"678208","CR-0000087392","1","0","0","0","21-205-0259","False","False","45","7/24/2021 8:47:00 AM","No Pedestrians Involved","Dry","No Unusual Conditions","Daylight","Violation Driver 1","No Controls Present/Factor","Clear","Broadside","Related","Other Vehicle","Not Applicable","Not Applicable","West Of",""
"678209","CR-0000087425","0","1","0","0","21-204-0068","False","False","","7/23/2021 1:49:00 AM","No Pedestrians Involved","Dry","Construction - Repair Zone","Dark - Street Light","Violation Driver 1","Controls Functioning","Clear","Rear End","Related","Motor Vehicle On Other Roadway","Not Applicable","Not Applicable","West Of",""
"678210","CR-0000087397","1","0","0","0","21-210-0485","False","False","0","7/29/2021 12:48:00 PM","No Pedestrians Involved","Dry","No Unusual Conditions","Daylight","Bike At Fault","No Controls Present/Factor","Clear","Vehicle/Bike","Intersection","Bike","Not Applicable","Not Applicable","At",""
"678211","CR-0000087416","1","0","0","0","21-197-0260","False","False","50","7/17/2021 12:41:00 PM","No Pedestrians Involved","Dry","No Unusual Conditions","Daylight","Unknown","Controls Functioning","Clear","Broadside","Related","Motor Vehicle On Other Roadway","Not Applicable","Not Applicable","West Of",""
"678212","CR-0000087422","5","1","0","0","21-202-0866","False","False","0","7/21/2021 7:48:00 PM","No Pedestrians Involved","Dry","No Unusual Conditions","Daylight","Violation Driver 1","Controls Functioning","Clear","Head On","Intersection","Other Vehicle","Not Applicable","Not Applicable","At",""
"678213","CR-0000087413","0","1","0","0","21-197-0756","False","False","0","7/16/2021 7:04:00 PM","No Pedestrians Involved","Dry","No Unusual Conditions","Dusk - Dawn","Unknown","Controls Functioning","Clear","Broadside","Intersection","Other Vehicle","Not Applicable","Not Applicable","At",""
"678214","CR-0000087391","0","1","0","0","21-204-0513","True","False","0","7/23/2021 2:29:00 PM","No Pedestrians Involved","Dry","No Unusual Conditions","Daylight","Violation Driver 1","Controls Functioning","Clear","Hit Object","Intersection","Fixed Object","Not Applicable","Not Applicable","At","Traffic light"
"678215","CR-0000087405","0","0","0","0","21-212-0996","False","False","0","7/31/2021 10:56:00 PM","No Pedestrians Involved","Dry","No Unusual Conditions","Dark - Street Light","Violation Driver 1","Controls Functioning","Clear","Head On","Intersection","Other Vehicle","Not Applicable","Not Applicable","At",""
"678216","CR-0000087394","3","0","0","0","21-208-0663","False","False","0","7/27/2021 5:07:00 PM","No Pedestrians Involved","Dry","No Unusual Conditions","Daylight","Violation Driver 1","Controls Functioning","Clear","Rear End","Intersection","Other Vehicle","Not Applicable","Not Applicable","At",""
"678217","CR-0000087420","0","1","0","0","21-201-1035","True","False","68","7/21/2021 1:34:00 AM","No Pedestrians Involved","Dry","Loose Material On Roadway","Dark - Street Light","Violation Driver 1","Unknown","Clear","Hit Object","Non-Related","Other Object","Not Applicable","Not Applicable","East Of","Tree/Dirt rock Pile"
"678218","CR-0000087395","2","0","0","0","21-208-0748","False","False","0","7/27/2021 6:36:00 PM","No Pedestrians Involved","Dry","No Unusual Conditions","Daylight","Violation Driver 1","No Controls Present/Factor","Clear","Sideswipe","Intersection","Other Vehicle","Not Applicable","Not Applicable","At",""
"678219","CR-0000087423","2","0","0","0","21-203-0145","False","False","265","7/22/2021 7:00:00 AM","No Pedestrians Involved","Dry","No Unusual Conditions","Daylight","Violation Driver 1","No Controls Present/Factor","Clear","Sideswipe","Non-Related","Other Vehicle","Not Applicable","Not Applicable","South Of",""
"678220","CR-0000087411","0","1","0","0","21-197-0070","False","False","50","7/16/2021 2:48:00 AM","No Pedestrians Involved","Dry","No Unusual Conditions","Dark - Street Light","Violation Driver 1","No Controls Present/Factor","Clear","Rear End","Related","Parked Vehicle","Not Applicable","Not Applicable","East Of",""
"678221","CR-0000087409","0","0","0","0","21-196-0497","False","False","57","7/15/2021 12:25:00 PM","No Pedestrians Involved","Dry","Other","Daylight","Violation Driver 1","Unknown","Clear","Head On","Non-Related","Other Object","Not Applicable","Not Applicable","East Of",""
"678222","CR-0000087424","1","0","0","0","21-203-0609","False","False","340","7/22/2021 4:36:00 PM","No Pedestrians Involved","Dry","No Unusual Conditions","Daylight","Violation Driver 1","No Controls Present/Factor","Clear","Other","Non-Related","Other Vehicle","Not Applicable","Not Applicable","West Of",""
"678223","CR-0000087419","0","1","0","0","21-201-0674","False","False","0","7/20/2021 4:25:00 PM","No Pedestrians Involved","Dry","No Unusual Conditions","Daylight","Violation Driver 1","No Controls Present/Factor","Clear","Broadside","Intersection","Other Vehicle","Not Applicable","Not Applicable","At",""
"678224","CR-0000087396","1","0","0","0","21-208-0900","False","False","0","7/28/2021 9:42:00 PM","No Pedestrians Involved","Dry","No Unusual Conditions","Dark - Street Light","Violation Driver 1","Controls Functioning","Clear","Sideswipe","Intersection","Other Vehicle","Not Applicable","Not Applicable","At",""
"678225","CR-0000087402","0","0","0","0","21-211-0943","False","False","33","7/30/2021 8:40:00 PM","No Pedestrians Involved","Dry","No Unusual Conditions","Dark - Street Light","Violation Driver 1","No Controls Present/Factor","Clear","Rear End","Related","Parked Vehicle","Not Applicable","Not Applicable","North Of",""
"678226","CR-0000087400","2","0","0","0","21-211-0108","False","False","0","7/30/2021 3:02:00 AM","No Pedestrians Involved","Dry","No Unusual Conditions","Dark - Street Light","Violation Driver 1","Controls Functioning","Clear","Rear End","Intersection","Other Vehicle","Not Applicable","Not Applicable","At",""
"678227","CR-0000087404","1","0","0","0","21-212-0959","False","False","0","7/31/2021 10:30:00 PM","No Pedestrians Involved","Dry","No Unusual Conditions","Dark - Street Light","Violation Driver 1","Controls Functioning","Clear","Rear End","Intersection","Other Vehicle","Not Applicable","Not Applicable","At",""
"678228","CR-0000087415","0","2","0","0","21-198-0354","False","False","545","7/17/2021 11:15:00 AM","No Pedestrians Involved","Dry","No Unusual Conditions","Daylight","Violation Driver 1","Controls Functioning","Clear","Broadside","Non-Related","Other Vehicle","Not Applicable","Not Applicable","West Of",""
"678229","CR-0000087412","0","1","0","0","21-197-0730","False","False","113","7/16/2021 6:39:00 PM","No Pedestrians Involved","Dry","No Unusual Conditions","Daylight","Violation Driver 1","No Controls Present/Factor","Clear","Broadside","Non-Related","Bike","Not Applicable","Not Applicable","South Of","Bike"
"678230","CR-0000087390","1","1","0","0","21-202-0748","False","False","0","7/21/2021 5:51:00 PM","No Pedestrians Involved","Dry","No Unusual Conditions","Daylight","Violation Driver 1","Controls Functioning","Clear","Broadside","Intersection","Other Vehicle","Not Applicable","Not Applicable","At",""
"678231","CR-0000087408","2","1","0","0","21-195-0168","False","False","0","7/14/2021 7:20:00 AM","No Pedestrians Involved","Dry","No Unusual Conditions","Daylight","Violation Driver 1","Unknown","Clear","Broadside","Intersection","Other Vehicle","Not Applicable","Not Applicable","At",""
"678232","CR-0000087401","1","0","0","0","21-211-0247","False","False","0","7/30/2021 8:45:00 AM","No Pedestrians Involved","Dry","No Unusual Conditions","Daylight","Violation Driver 1","Controls Functioning","Clear","Broadside","Intersection","Other Vehicle","Not Applicable","Not Applicable","At",""
"678233","CR-0000087426","0","0","0","0","21-204-0402","False","False","0","7/23/2021 12:18:00 PM","No Pedestrians Involved","Dry","No Unusual Conditions","Daylight","Violation Driver 1","Controls Functioning","Clear","Broadside","Intersection","Other Vehicle","Not Applicable","Not Applicable","At",""
"678234","CR-0000087393","1","0","0","0","21-207-0681","False","False","0","7/26/2021 4:44:00 PM","No Pedestrians Involved","Dry","No Unusual Conditions","Daylight","Violation Driver 1","Controls Functioning","Clear","Vehicle/Bike","Intersection","Bike","Not Applicable","Not Applicable","At",""
"678235","CR-0000087398","0","1","0","0","21-210-0622","False","False","0","7/29/2021 4:01:00 PM","No Pedestrians Involved","Dry","No Unusual Conditions","Daylight","Violation Driver 1","Controls Functioning","Clear","Rear End","Intersection","Motorcycle","Not Applicable","Not Applicable","At",""
"678236","CR-0000087410","2","0","0","0","21-196-0855","False","False","0","7/15/2021 6:16:00 PM","No Pedestrians Involved","Dry","No Unusual Conditions","Daylight","Violation Driver 1","Controls Functioning","Clear","Rear End","Intersection","Other Vehicle","Not Applicable","Not Applicable","At",""
"678237","CR-0000087388","0","0","0","0","21-201-0612","False","False","0","7/20/2021 3:18:00 PM","No Pedestrians Involved","Dry","No Unusual Conditions","Daylight","Violation Driver 1","Controls Obscured","Clear","Broadside","Intersection","Other Vehicle","Not Applicable","Not Applicable","At",""
"678238","CR-0000087417","0","1","0","0","21-200-0066","False","False","270","7/19/2021 1:45:00 AM","No Pedestrians Involved","Dry","No Unusual Conditions","Dark - No Street Light","Violation Driver 1","No Controls Present/Factor","Clear","Rear End","Non-Related","Other Vehicle","Not Applicable","Not Applicable","West Of",""
"678239","CR-0000087418","1","0","0","0","21-201-0379","False","False","135","7/20/2021 11:01:00 AM","No Pedestrians Involved","Dry","No Unusual Conditions","Daylight","Violation Driver 1","No Controls Present/Factor","Clear","Hit Object","Non-Related","Fixed Object","Not Applicable","Not Applicable","South Of","Hydrant"
"678240","CR-0000087407","0","0","0","0","21-194-0888","False","False","0","7/13/2021 7:00:00 PM","No Pedestrians Involved","Dry","No Unusual Conditions","Daylight","Violation Driver 1","No Controls Present/Factor","Clear","Hit Object","Intersection","Fixed Object","Not Applicable","Not Applicable","At","Stop Sign/Tree"
"678241","CR-0000087406","1","0","0","0","21-194-0602","False","False","0","7/13/2021 2:15:00 PM","No Pedestrians Involved","Dry","No Unusual Conditions","Daylight","Violation Driver 1","Controls Functioning","Clear","Broadside","Intersection","Other Vehicle","Not Applicable","Not Applicable","At",""
"678242","CR-0000087421","0","0","0","0","21-202-0410","True","False","0","7/21/2021 11:46:00 AM","No Pedestrians Involved","Dry","No Unusual Conditions","Daylight","Violation Driver 1","Controls Functioning","Clear","Broadside","Intersection","Other Vehicle","Not Applicable","Not Applicable","At","City Vehicle"
"678243","CR-0000087389","0","1","0","0","21-202-0822","False","False","90","7/21/2021 7:05:00 PM","No Pedestrians Involved","Dry","No Unusual Conditions","Daylight","Violation Driver 1","No Controls Present/Factor","Clear","Rear End","Non-Related","Other Vehicle","Not Applicable","Not Applicable","West Of",""
"678244","CR-0000087414","0","0","1","0","21-197-0812","False","False","147","7/16/2021 7:52:00 PM","No Pedestrians Involved","Dry","Reduced Roadway Width","Daylight","Violation Driver 1","Controls Functioning","Clear","Head On","Non-Related","Other Vehicle","Not Applicable","Not Applicable","West Of",""
"678245","CR-0000087399","1","0","0","0","21-210-0670","False","False","132","7/29/2021 4:53:00 PM","No Pedestrians Involved","Dry","No Unusual Conditions","Daylight","Violation Driver 1","No Controls Present/Factor","Clear","Rear End","Non-Related","Other Vehicle","Not Applicable","Not Applicable","North Of",""
"678246","CR-0000087403","0","0","1","0","21-212-0153","True","False","240","7/31/2021 3:35:00 AM","No Pedestrians Involved","Dry","No Unusual Conditions","Dark - Street Light","Violation Driver 1","No Controls Present/Factor","Clear","Hit Object","Non-Related","Fixed Object","Not Applicable","Not Applicable","North Of","Curb, 2 trees"
"678247","CR-0000087451","0","0","0","0","21-195-1136","False","False","0","7/14/2021 11:30:00 PM","No Pedestrians Involved","Dry","Unknown","Dark - Street Light","Violation Driver 1","Unknown","Clear","Sideswipe","Intersection","Other Vehicle","Not Applicable","Not Applicable","At",""
"678248","CR-0000087429","1","0","0","0","21-185-0333","False","False","0","7/4/2021 8:52:00 AM","No Pedestrians Involved","Dry","No Unusual Conditions","Daylight","Violation Driver 1","Controls Functioning","Clear","Broadside","Intersection","Other Vehicle","Not Applicable","Not Applicable","At",""
"678249","CR-0000087453","0","0","0","0","21-199-0013","False","False","110","7/18/2021 12:03:00 AM","No Pedestrians Involved","Dry","No Unusual Conditions","Dark - Street Light","Violation Driver 1","No Controls Present/Factor","Clear","Rear End","Non-Related","Parked Vehicle","Not Applicable","Not Applicable","North Of",""
"678250","CR-0000087454","0","0","0","0","21-199-0708","False","False","48","7/18/2021 6:35:00 PM","No Pedestrians Involved","Dry","No Unusual Conditions","Daylight","Violation Driver 1","Unknown","Clear","Sideswipe","Related","Other Vehicle","Not Applicable","Not Applicable","North Of",""
"678251","CR-0000087435","2","0","0","0","21-189-0173","False","False","0","7/8/2021 7:50:00 AM","No Pedestrians Involved","Dry","No Unusual Conditions","Daylight","Violation Driver 1","No Controls Present/Factor","Clear","Head On","Intersection","Other Vehicle","Not Applicable","Not Applicable","At",""
"678252","CR-0000087427","0","0","0","0","21-182-1146","True","False","36","7/1/2021 10:42:00 PM","No Pedestrians Involved","Dry","No Unusual Conditions","Dark - Street Light","Violation Driver 1","No Controls Present/Factor","Clear","Rear End","Related","Fixed Object","Not Applicable","Not Applicable","South Of","Curb and Trees"
"678253","CR-0000087445","1","0","0","0","21-194-0543","False","False","0","7/13/2021 1:25:00 PM","No Pedestrians Involved","Dry","No Unusual Conditions","Daylight","Violation Driver 1","Controls Functioning","Clear","Broadside","Intersection","Other Vehicle","Not Applicable","Not Applicable","At",""
"678254","CR-0000087449","1","0","0","0","21-195-0502","False","False","0","7/14/2021 12:35:00 PM","No Pedestrians Involved","Dry","No Unusual Conditions","Daylight","Violation Driver 1","No Controls Present/Factor","Clear","Broadside","Intersection","Other Vehicle","Not Applicable","Not Applicable","At",""
"678255","CR-0000087452","1","0","0","0","21-197-0451","False","False","129","7/16/2021 1:55:00 PM","No Pedestrians Involved","Dry","No Unusual Conditions","Daylight","Violation Driver 1","No Controls Present/Factor","Clear","Head On","Non-Related","Bike","Not Applicable","Not Applicable","East Of","Bike"
"678256","CR-0000087428","2","0","0","0","21-185-0994","False","False","147","7/4/2021 8:59:00 PM","No Pedestrians Involved","Dry","No Unusual Conditions","Dark - Street Light","Violation Driver 1","Controls Functioning","Clear","Broadside","Non-Related","Other Vehicle","Not Applicable","Not Applicable","South Of",""
"678257","CR-0000087439","1","0","0","0","21-190-0723","False","False","0","7/9/2021 5:00:00 PM","No Pedestrians Involved","Wet","No Unusual Conditions","Daylight","Violation Driver 1","Controls Functioning","Cloudy","Broadside","Intersection","Other Vehicle","Not Applicable","Not Applicable","At",""
"678258","CR-0000087443","1","0","0","0","21-193-0278","False","False","64","7/12/2021 9:12:00 AM","No Pedestrians Involved","Dry","No Unusual Conditions","Daylight","Violation Driver 1","Unknown","Clear","Rear End","Non-Related","Other Vehicle","Not Applicable","Not Applicable","South Of",""
"678259","CR-0000087432","0","1","0","0","21-187-0089","True","False","235","7/6/2021 2:45:00 AM","No Pedestrians Involved","Dry","No Unusual Conditions","Dark - Street Light","Violation Driver 1","No Controls Present/Factor","Clear","Hit Object","Non-Related","Fixed Object","Not Applicable","Not Applicable","East Of","Median Island Tree"
"678260","CR-0000087430","1","0","0","0","21-185-0303","False","False","39","7/4/2021 8:04:00 AM","No Pedestrians Involved","Dry","No Unusual Conditions","Daylight","Violation Driver 1","No Controls Present/Factor","Clear","Rear End","Related","Other Vehicle","Not Applicable","Not Applicable","North Of",""
"678261","CR-0000087440","1","0","0","0","21-191-0396","False","False","0","7/10/2021 12:10:00 PM","No Pedestrians Involved","Dry","No Unusual Conditions","Daylight","Violation Driver 1","Controls Functioning","Clear","Broadside","Intersection","Other Vehicle","Not Applicable","Not Applicable","At",""
"678262","CR-0000087447","1","0","0","0","21-194-1105","False","False","200","7/13/2021 11:20:00 PM","No Pedestrians Involved","Dry","No Unusual Conditions","Dark - Street Light","Violation Driver 1","Controls Functioning","Clear","Rear End","Non-Related","Bike","Not Applicable","Not Applicable","North Of","Bike"
"678263","CR-0000087444","1","2","0","0","21-194-0510","True","False","450","7/13/2021 12:51:00 PM","No Pedestrians Involved","Dry","No Unusual Conditions","Daylight","Violation Driver 1","Controls Functioning","Clear","Hit Object","Non-Related","Fixed Object","Not Applicable","Not Applicable","East Of","Center Divider"
"678264","CR-0000087438","0","1","0","0","21-190-0679","False","False","0","7/9/2021 4:16:00 PM","No Pedestrians Involved","Dry","No Unusual Conditions","Daylight","Violation Driver 1","Controls Functioning","Clear","Vehicle/Bike","Intersection","Bike","Not Applicable","Not Applicable","At","Moto Unicycle Hover Board"
"678265","CR-0000087431","2","1","0","0","21-186-0303","False","False","62","7/5/2021 9:04:00 AM","No Pedestrians Involved","Dry","No Unusual Conditions","Daylight","Violation Driver 1","No Controls Present/Factor","Clear","Head On","Non-Related","Other Vehicle","Not Applicable","Not Applicable","East Of",""
"678266","CR-0000087441","1","0","0","0","21-193-0592","False","False","136","7/12/2021 3:24:00 PM","No Pedestrians Involved","Dry","No Unusual Conditions","Daylight","Violation Driver 1","No Controls Present/Factor","Clear","Rear End","Non-Related","Other Vehicle","Not Applicable","Not Applicable","North Of",""
"678267","CR-0000087434","0","1","0","0","21-188-0921","True","False","535","7/7/2021 6:36:00 PM","No Pedestrians Involved","Dry","No Unusual Conditions","Daylight","Violation Driver 1","No Controls Present/Factor","Clear","Head On","Non-Related","Fixed Object","Not Applicable","Not Applicable","West Of","Tree"
"678268","CR-0000087448","0","1","0","0","21-195-0224","False","False","0","7/14/2021 8:24:00 AM","In Road - Includes Shoulder","Dry","No Unusual Conditions","Daylight","Bike At Fault","Controls Functioning","Clear","Vehicle/Bike","Intersection","Bike","Not Applicable","Not Applicable","At","Bike"
"678269","CR-0000087437","0","0","0","0","21-189-1059","False","False","0","7/9/2021 12:03:00 AM","No Pedestrians Involved","Dry","No Unusual Conditions","Dark - Street Light","Unknown","Controls Functioning","Clear","Sideswipe","Intersection","Other Vehicle","Not Applicable","Not Applicable","At",""
"678270","CR-0000087436","0","0","0","0","21-189-0470","True","False","0","7/8/2021 1:19:00 PM","No Pedestrians Involved","Dry","Construction - Repair Zone","Daylight","Unknown","Controls Functioning","Clear","Hit Object","Intersection","Fixed Object","Not Applicable","Not Applicable","At","Traffic Barrier"
"678271","CR-0000087442","0","0","0","0","21-193-1017","True","False","23","7/12/2021 11:28:00 PM","No Pedestrians Involved","Dry","No Unusual Conditions","Dark - Street Light","Violation Driver 1","No Controls Present/Factor","Clear","Hit Object","Related","Other Object","Not Applicable","Not Applicable","South Of","Road Sign"
"678272","CR-0000087455","0","0","0","0","21-200-0448","True","False","0","7/19/2021 12:45:00 PM","Crossing In Crosswalk - At Intersection","Dry","No Unusual Conditions","Daylight","Violation Driver 1","Controls Functioning","Clear","Rear End","Intersection","Motor Vehicle On Other Roadway","Unknown","Unknown","At","City Vehicle PW"
"678273","CR-0000087450","0","0","0","0","21-195-0514","False","False","60","7/14/2021 12:43:00 PM","No Pedestrians Involved","Dry","No Unusual Conditions","Daylight","Violation Driver 1","Controls Functioning","Clear","Sideswipe","Non-Related","Other Vehicle","Not Applicable","Not Applicable","West Of",""
"678274","CR-0000087433","1","0","0","0","21-187-0958","False","False","36","7/6/2021 6:46:00 PM","No Pedestrians Involved","Dry","No Unusual Conditions","Daylight","Violation Driver 1","No Controls Present/Factor","Clear","Broadside","Related","Other Vehicle","Not Applicable","Not Applicable","South Of",""
"678275","CR-0000087446","1","0","0","0","21-194-0762","False","False","0","7/13/2021 5:17:00 PM","No Pedestrians Involved","Dry","No Unusual Conditions","Daylight","Violation Driver 1","Controls Functioning","Clear","Broadside","Intersection","Other Vehicle","Not Applicable","Not Applicable","At",""
"678276","CR-0000087457","0","0","0","1","21-237-0614","False","False","972","8/25/2021 3:46:00 PM","In Road - Includes Shoulder","Dry","No Unusual Conditions","Daylight","Violation Driver 1","No Controls Present/Factor","Clear","Vehicle/Pedestrian","Non-Related","Pedestrian","No Direction (Not Walking)","No Direction (Not Walking)","North Of","Delayed fatal 09/07/2021"
"678277","CR-0000087459","0","1","0","0","21-183-0884","False","False","39","7/2/2021 8:20:00 PM","No Pedestrians Involved","Dry","No Unusual Conditions","Dark - Street Light","Bike At Fault","No Controls Present/Factor","Clear","Vehicle/Bike","Related","Bike","Not Applicable","Not Applicable","South Of",""
"678278","CR-0000087458","0","1","0","0","21-239-0589","False","False","0","6/18/2021 9:00:00 PM","Crossing - Not In Crosswalk","Dry","No Unusual Conditions","Dark - No Street Light","Pedestrian At Fault","No Controls Present/Factor","Clear","Vehicle/Pedestrian","Intersection","Pedestrian","West","East","At",""
"678279","CR-0000087460","0","1","0","0","21-170-0137","True","False","50","6/19/2021 3:08:00 AM","No Pedestrians Involved","Dry","No Unusual Conditions","Dark - Street Light","Violation Driver 1","No Controls Present/Factor","Unknown","Hit Object","Related","Fixed Object","Not Applicable","Not Applicable","East Of","Tree"
"678280","CR-0000087461","0","0","0","0","21-243-4004","False","True","51","8/31/2021 7:00:00 AM","No Pedestrians Involved","Unknown","Unknown","Daylight","Unknown","Unknown","Unknown","Sideswipe","Non-Related","Parked Vehicle","Not Applicable","Not Applicable","West Of",""
"678281","CR-0000087462","3","0","0","0","21-219-0179","False","False","0","8/7/2021 4:35:00 AM","No Pedestrians Involved","Dry","No Unusual Conditions","Dark - Street Light","Violation Driver 1","Controls Functioning","Clear","Broadside","Intersection","Other Vehicle","Not Applicable","Not Applicable","At",""
"678282","CR-0000087463","0","0","0","0","21-222-9707","False","True","","7/29/2021 4:15:00 PM","No Pedestrians Involved","Unknown","Unknown","Daylight","Unknown","Unknown","Clear","Rear End","Related","Other Vehicle","Not Applicable","Not Applicable","Unknown",""
"678283","CR-0000087464","0","0","0","0","21-220-0129","False","False","160","8/8/2021 2:05:00 AM","No Pedestrians Involved","Dry","No Unusual Conditions","Dark - Street Light","Violation Driver 1","Controls Functioning","Clear","Sideswipe","Non-Related","Parked Vehicle","Not Applicable","Not Applicable","East Of",""
"678284","CR-0000087465","0","0","0","0","21-221-9708","False","False","","8/8/2021 3:00:00 AM","No Pedestrians Involved","Dry","No Unusual Conditions","Dark - Street Light","Unknown","No Controls Present/Factor","Clear","Rear End","Related","Parked Vehicle","Not Applicable","Not Applicable","South Of",""
"678285","CR-0000087466","0","1","0","0","21-220-0252","False","False","234","8/8/2021 5:47:00 AM","No Pedestrians Involved","Dry","No Unusual Conditions","Dusk - Dawn","Violation Driver 1","No Controls Present/Factor","Clear","Hit Object","Non-Related","Fixed Object","Not Applicable","Not Applicable","North Of","Retaining wall"
"678286","CR-0000087467","1","0","0","0","21-220-0255","False","False","369","8/8/2021 5:49:00 AM","No Pedestrians Involved","Dry","No Unusual Conditions","Dusk - Dawn","Violation Driver 1","No Controls Present/Factor","Clear","Rear End","Non-Related","Parked Vehicle","Not Applicable","Not Applicable","South Of",""
"678287","CR-0000087469","0","0","0","0","21-220-0507","False","False","0","8/8/2021 12:53:00 PM","No Pedestrians Involved","Dry","No Unusual Conditions","Daylight","Violation Driver 1","Controls Functioning","Clear","Hit Object","Intersection","Fixed Object","Not Applicable","Not Applicable","At","VTA signal pole"
"678288","CR-0000087470","0","0","0","0","21-220-0908","False","False","44","8/8/2021 9:33:00 PM","No Pedestrians Involved","Dry","No Unusual Conditions","Dark - Street Light","Violation Driver 1","No Controls Present/Factor","Clear","Sideswipe","Related","Parked Vehicle","Not Applicable","Not Applicable","East Of",""
"678289","CR-0000087468","0","0","0","0","21-220-0260","True","False","0","8/8/2021 5:55:00 AM","No Pedestrians Involved","Dry","No Unusual Conditions","Dusk - Dawn","Violation Driver 1","No Controls Present/Factor","Clear","Rear End","Intersection","Parked Vehicle","Not Applicable","Not Applicable","At","Tree"
"678290","CR-0000087471","0","0","0","0","21-220-0518","False","False","30","8/8/2021 1:15:00 PM","No Pedestrians Involved","Dry","No Unusual Conditions","Daylight","Violation Driver 1","Unknown","Clear","Rear End","Related","Parked Vehicle","Not Applicable","Not Applicable","West Of",""
"678291","CR-0000087472","0","0","0","0","21-220-0565","False","False","68","8/8/2021 2:16:00 PM","No Pedestrians Involved","Dry","No Unusual Conditions","Daylight","Violation Driver 1","Controls Functioning","Clear","Sideswipe","Non-Related","Other Vehicle","Not Applicable","Not Applicable","West Of",""
"678292","CR-0000087473","1","0","1","0","21-220-0844","False","False","0","8/8/2021 7:55:00 PM","No Pedestrians Involved","Dry","No Unusual Conditions","Dusk - Dawn","Violation Driver 1","No Controls Present/Factor","Clear","Hit Object","Intersection","Fixed Object","Not Applicable","Not Applicable","At","Fence"
"678293","CR-0000087474","1","0","0","0","21-220-0025","False","False","22","8/8/2021 12:14:00 AM","No Pedestrians Involved","Dry","No Unusual Conditions","Dark - Street Light","Violation Driver 1","Controls Functioning","Clear","Rear End","Related","Other Vehicle","Not Applicable","Not Applicable","East Of",""
"678294","CR-0000087475","1","0","0","0","21-220-0761","False","False","0","8/8/2021 6:24:00 PM","No Pedestrians Involved","Dry","No Unusual Conditions","Daylight","Unknown","Controls Functioning","Clear","Rear End","Intersection","Other Vehicle","Not Applicable","Not Applicable","At",""
"678295","CR-0000087476","4","0","0","0","21-220-0862","False","False","0","8/8/2021 8:20:00 PM","No Pedestrians Involved","Dry","No Unusual Conditions","Daylight","Violation Driver 1","Controls Functioning","Clear","Rear End","Intersection","Other Vehicle","Not Applicable","Not Applicable","At",""
"678296","CR-0000087477","0","1","0","0","21-220-0982","False","False","0","8/8/2021 10:59:00 PM","No Pedestrians Involved","Dry","No Unusual Conditions","Dark - Street Light","Violation Driver 1","Controls Functioning","Clear","Broadside","Intersection","Other Vehicle","Not Applicable","Not Applicable","At",""
"678297","CR-0000087478","0","0","1","0","21-204-0551","False","False","104","7/23/2021 3:17:00 PM","No Pedestrians Involved","Dry","No Unusual Conditions","Daylight","Violation Driver 1","No Controls Present/Factor","Clear","Sideswipe","Non-Related","Parked Vehicle","Not Applicable","Not Applicable","West Of",""
"678298","CR-0000087479","1","0","0","0","21-204-0718","False","False","60","7/23/2021 6:15:00 PM","No Pedestrians Involved","Dry","No Unusual Conditions","Daylight","Violation Driver 1","No Controls Present/Factor","Clear","Sideswipe","Non-Related","Parked Vehicle","Not Applicable","Not Applicable","East Of",""