"CrashFactId","Name","MinorInjuries","ModerateInjuries","SevereInjuries","FatalInjuries","TcrNumber","CityDamageFlag","ShortFormFlag","Distance","CrashDateTime","PedestrianAction","RoadwaySurface","RoadwayCondition","Lighting","PrimaryCollisionFactor","TrafficControl","Weather","CollisionType","ProximityToIntersection","VehicleInvolvedWith","PedestrianDirectionFrom","PedestrianDirectionTo","DirectionFromIntersection","Comment"
"678397","CR-0000087579","0","0","0","0","21-204-0942","False","False","51","7/23/2021 9:43:00 PM","No Pedestrians Involved","Dry","No Unusual Conditions","Dark - Street Light","Violation Driver 1","No Controls Present/Factor","Clear","Rear End","Non-Related","Parked Vehicle","Not Applicable","Not Applicable","East Of",""
"678398","CR-0000087580","0","0","0","0","21-205-0099","True","False","0","7/24/2021 1:48:00 AM","No Pedestrians Involved","Dry","No Unusual Conditions","Dark - Street Light","Violation Driver 1","No Controls Present/Factor","Clear","Head On","Intersection","Fixed Object","Not Applicable","Not Applicable","At","Curb, Tree"
"678399","CR-0000087581","0","0","0","0","21-206-0211","False","False","0","7/25/2021 7:15:00 AM","No Pedestrians Involved","Dry","No Unusual Conditions","Daylight","Violation Driver 1","Controls Functioning","Clear","Sideswipe","Intersection","Other Vehicle","Not Applicable","Not Applicable","At",""
"678400","CR-0000087582","0","0","0","0","21-208-9707","False","True","51","7/25/2021 9:45:00 PM","No Pedestrians Involved","Dry","Unknown","Dusk - Dawn","Unknown","Unknown","Clear","Rear End","Non-Related","Parked Vehicle","Not Applicable","Not Applicable","North Of",""
"678401","CR-0000087583","0","0","0","0","21-206-1006","True","False","289","7/25/2021 11:53:00 PM","No Pedestrians Involved","Dry","No Unusual Conditions","Dark - Street Light","Violation Driver 1","No Controls Present/Factor","Clear","Hit Object","Non-Related","Fixed Object","Not Applicable","Not Applicable","North Of","Light Pole"
"678402","CR-0000087584","0","0","0","0","21-207-9706","False","True","0","7/26/2021 4:00:00 PM","No Pedestrians Involved","Dry","No Unusual Conditions","Daylight","Unknown","Unknown","Clear","Sideswipe","Intersection","Parked Vehicle","Not Applicable","Not Applicable","At",""
"678403","CR-0000087585","1","0","0","0","21-207-0691","False","False","0","7/26/2021 4:52:00 PM","No Pedestrians Involved","Dry","No Unusual Conditions","Daylight","Violation Driver 1","No Controls Present/Factor","Clear","Broadside","Intersection","Other Vehicle","Not Applicable","Not Applicable","At",""
"678404","CR-0000087586","0","0","0","0","21-209-0193","True","False","30","7/28/2021 7:45:00 AM","No Pedestrians Involved","Dry","No Unusual Conditions","Daylight","Violation Driver 1","No Controls Present/Factor","Clear","Sideswipe","Related","Parked Vehicle","Not Applicable","Not Applicable","North Of","City Veh PRNS"
"678405","CR-0000087587","2","0","0","0","21-209-0403","False","False","62","7/28/2021 10:56:00 AM","No Pedestrians Involved","Dry","No Unusual Conditions","Daylight","Violation Driver 1","Controls Functioning","Clear","Rear End","Non-Related","Other Vehicle","Not Applicable","Not Applicable","North Of",""
"678406","CR-0000087588","0","0","0","0","21-216-9713","False","True","0","7/28/2021 6:00:00 PM","No Pedestrians Involved","Dry","Unknown","Daylight","Unknown","Controls Functioning","Clear","Other","Intersection","Unknown","Not Applicable","Not Applicable","At",""
"678407","CR-0000087591","1","0","0","0","21-214-9706","False","True","","7/30/2021 11:55:00 AM","No Pedestrians Involved","Dry","No Unusual Conditions","Daylight","Unknown","Controls Functioning","Clear","Broadside","Related","Other Vehicle","Not Applicable","Not Applicable","West Of",""
"678408","CR-0000087642","0","0","0","0","21-217-0602","False","False","0","8/5/2021 2:40:00 PM","No Pedestrians Involved","Dry","No Unusual Conditions","Daylight","Violation Driver 1","Controls Functioning","Clear","Rear End","Intersection","Other Vehicle","Not Applicable","Not Applicable","At",""
"678409","CR-0000087651","0","0","0","0","21-219-0266","True","False","18","8/7/2021 9:28:00 AM","No Pedestrians Involved","Dry","No Unusual Conditions","Daylight","Violation Driver 1","No Controls Present/Factor","Clear","Hit Object","Related","Fixed Object","Not Applicable","Not Applicable","East Of","Light Pole"
"678410","CR-0000087632","0","2","0","0","21-214-0887","False","False","0","8/2/2021 7:50:00 PM","No Pedestrians Involved","Dry","No Unusual Conditions","Daylight","Violation Driver 1","Controls Functioning","Clear","Broadside","Intersection","Other Vehicle","Not Applicable","Not Applicable","At",""
"678411","CR-0000087613","2","0","0","0","21-206-0046","False","False","0","7/25/2021 12:41:00 AM","No Pedestrians Involved","Dry","No Unusual Conditions","Dark - Street Light","Violation Driver 1","Controls Functioning","Clear","Broadside","Intersection","Other Vehicle","Not Applicable","Not Applicable","At",""
"678412","CR-0000087640","0","0","0","0","21-225-9702","False","True","","8/5/2021 2:00:00 PM","No Pedestrians Involved","Dry","No Unusual Conditions","Daylight","Violation Driver 1","No Controls Present/Factor","Clear","Sideswipe","Non-Related","Parked Vehicle","Not Applicable","Not Applicable","Unknown",""
"678413","CR-0000087602","0","0","0","0","21-212-0132","False","False","0","7/31/2021 2:45:00 AM","No Pedestrians Involved","Dry","No Unusual Conditions","Dark - Street Light","Unknown","Controls Functioning","Clear","Sideswipe","Intersection","Other Vehicle","Not Applicable","Not Applicable","At",""
"678414","CR-0000087636","2","0","0","0","21-215-0678","False","False","50","8/3/2021 2:38:00 PM","No Pedestrians Involved","Dry","No Unusual Conditions","Daylight","Violation Driver 1","No Controls Present/Factor","Clear","Sideswipe","Related","Other Vehicle","Not Applicable","Not Applicable","East Of",""
"678415","CR-0000087606","0","0","0","0","21-211-0741","False","False","0","7/30/2021 5:50:00 PM","No Pedestrians Involved","Dry","No Unusual Conditions","Daylight","Violation Driver 1","Controls Functioning","Clear","Broadside","Intersection","Other Vehicle","Not Applicable","Not Applicable","At",""
"678416","CR-0000087589","0","0","0","0","21-211-9701","False","True","","7/29/2021 7:20:00 PM","No Pedestrians Involved","Dry","No Unusual Conditions","Dusk - Dawn","Unknown","Controls Functioning","Clear","Rear End","Related","Other Vehicle","Not Applicable","Not Applicable","North Of",""
"678417","CR-0000087607","1","0","0","0","21-211-0442","False","False","143","7/30/2021 1:01:00 PM","In Road - Includes Shoulder","Dry","No Unusual Conditions","Daylight","Violation Driver 1","No Controls Present/Factor","Clear","Vehicle/Bike","Non-Related","Bike","Not Applicable","Not Applicable","East Of","Bike"
"678418","CR-0000087634","3","0","0","0","21-215-0070","False","False","0","8/3/2021 2:04:00 AM","No Pedestrians Involved","Dry","No Unusual Conditions","Dark - Street Light","Violation Driver 1","Controls Functioning","Clear","Sideswipe","Intersection","Other Vehicle","Not Applicable","Not Applicable","At",""
"678419","CR-0000087629","0","0","0","0","21-214-0837","False","False","0","8/2/2021 6:20:00 PM","No Pedestrians Involved","Dry","No Unusual Conditions","Daylight","Violation Driver 1","No Controls Present/Factor","Clear","Head On","Intersection","Parked Vehicle","Not Applicable","Not Applicable","At",""
"678420","CR-0000087637","1","0","0","0","21-215-0892","False","False","0","8/3/2021 6:06:00 PM","No Pedestrians Involved","Dry","No Unusual Conditions","Daylight","Violation Driver 1","Controls Functioning","Clear","Broadside","Intersection","Other Vehicle","Not Applicable","Not Applicable","At",""
"678421","CR-0000087644","1","0","0","0","21-218-0597","False","False","0","8/6/2021 4:40:00 PM","No Pedestrians Involved","Dry","No Unusual Conditions","Daylight","Violation Driver 1","Controls Functioning","Clear","Broadside","Intersection","Bike","Not Applicable","Not Applicable","At","Bike"
"678422","CR-0000087645","0","0","0","0","21-218-0313","False","False","0","8/6/2021 10:49:00 AM","No Pedestrians Involved","Dry","No Unusual Conditions","Daylight","Violation Driver 1","Controls Functioning","Clear","Sideswipe","Intersection","Other Vehicle","Not Applicable","Not Applicable","At",""
"678423","CR-0000087599","0","0","0","0","21-212-1042","False","False","51","7/31/2021 11:21:00 PM","No Pedestrians Involved","Dry","No Unusual Conditions","Dark - Street Light","Violation Driver 1","Controls Functioning","Clear","Broadside","Non-Related","Parked Vehicle","Not Applicable","Not Applicable","South Of",""
"678424","CR-0000087616","2","0","0","0","21-205-0600","False","False","0","7/24/2021 3:57:00 PM","No Pedestrians Involved","Dry","No Unusual Conditions","Daylight","Violation Driver 1","No Controls Present/Factor","Clear","Broadside","Intersection","Other Vehicle","Not Applicable","Not Applicable","At",""
"678425","CR-0000087647","0","0","0","0","21-218-0444","False","False","51","8/6/2021 1:00:00 PM","No Pedestrians Involved","Dry","No Unusual Conditions","Daylight","Violation Driver 1","Controls Functioning","Clear","Rear End","Non-Related","Other Vehicle","Not Applicable","Not Applicable","East Of",""
"678426","CR-0000087648","0","0","0","0","21-218-0756","False","False","205","8/6/2021 6:51:00 PM","No Pedestrians Involved","Dry","No Unusual Conditions","Daylight","Violation Driver 1","Controls Functioning","Clear","Other","Non-Related","Other Vehicle","Not Applicable","Not Applicable","West Of",""
"678427","CR-0000087590","0","0","0","0","21-211-0299","False","False","","7/30/2021 9:49:00 AM","No Pedestrians Involved","Dry","No Unusual Conditions","Daylight","Violation Driver 1","Controls Functioning","Clear","Sideswipe","Non-Related","Other Vehicle","Not Applicable","Not Applicable","East Of",""
"678428","CR-0000087604","2","0","0","0","21-211-0982","False","False","164","7/30/2021 9:15:00 PM","No Pedestrians Involved","Dry","Unknown","Dark - Street Light","Violation Driver 1","Controls Functioning","Clear","Head On","Non-Related","Other Vehicle","Not Applicable","Not Applicable","East Of",""
"678429","CR-0000087638","1","0","0","0","21-216-0428","False","False","88","8/4/2021 12:48:00 PM","No Pedestrians Involved","Dry","No Unusual Conditions","Daylight","Violation Driver 1","No Controls Present/Factor","Clear","Sideswipe","Non-Related","Other Vehicle","Not Applicable","Not Applicable","East Of",""
"678430","CR-0000087608","0","1","0","0","21-210-0656","False","False","470","7/29/2021 4:31:00 PM","In Road - Includes Shoulder","Dry","No Unusual Conditions","Daylight","Pedestrian At Fault","No Controls Present/Factor","Clear","Vehicle/Pedestrian","Non-Related","Pedestrian","East","East","North Of","PED"
"678431","CR-0000087610","1","0","0","0","21-209-1072","False","False","0","7/28/2021 11:02:00 PM","No Pedestrians Involved","Dry","No Unusual Conditions","Dark - Street Light","Violation Driver 1","Controls Functioning","Clear","Broadside","Intersection","Other Vehicle","Not Applicable","Not Applicable","At",""
"678432","CR-0000087643","0","0","0","0","21-217-0945","False","False","","8/5/2021 9:13:00 PM","No Pedestrians Involved","Dry","No Unusual Conditions","Dark - Street Light","Violation Driver 1","Controls Functioning","Clear","Sideswipe","Non-Related","Other Vehicle","Not Applicable","Not Applicable","South Of",""
"678433","CR-0000087611","0","1","0","0","21-209-0731","False","False","0","7/28/2021 8:50:00 PM","No Pedestrians Involved","Dry","No Unusual Conditions","Daylight","Violation Driver 1","Controls Functioning","Clear","Broadside","Intersection","Other Vehicle","Not Applicable","Not Applicable","At",""
"678434","CR-0000087612","0","0","0","0","21-207-0403","False","False","20","7/26/2021 11:20:00 AM","No Pedestrians Involved","Dry","No Unusual Conditions","Daylight","Violation Driver 1","Controls Functioning","Clear","Hit Object","Related","Other Object","Not Applicable","Not Applicable","South Of",""
"678435","CR-0000087624","4","0","0","0","21-213-0416","False","False","0","8/1/2021 12:40:00 PM","No Pedestrians Involved","Dry","No Unusual Conditions","Daylight","Violation Driver 1","Controls Functioning","Clear","Broadside","Intersection","Other Vehicle","Not Applicable","Not Applicable","At",""
"678436","CR-0000087625","0","0","0","0","21-213-0377","False","False","111","8/1/2021 11:58:00 AM","No Pedestrians Involved","Dry","No Unusual Conditions","Dark - Street Light","Violation Driver 1","No Controls Present/Factor","Clear","Sideswipe","Non-Related","Parked Vehicle","Not Applicable","Not Applicable","West Of",""
"678437","CR-0000087600","1","0","0","0","21-212-0989","False","False","0","7/31/2021 10:35:00 PM","No Pedestrians Involved","Dry","No Unusual Conditions","Dark - Street Light","Violation Driver 1","Controls Functioning","Clear","Other","Intersection","Other Vehicle","Not Applicable","Not Applicable","At",""
"678438","CR-0000087630","1","0","1","0","21-214-0059","False","False","0","8/2/2021 1:20:00 AM","No Pedestrians Involved","Dry","No Unusual Conditions","Dark - Street Light","Violation Driver 1","Controls Functioning","Clear","Broadside","Intersection","Other Vehicle","Not Applicable","Not Applicable","At",""
"678439","CR-0000087594","0","0","0","0","21-211-0826","False","False","","7/30/2021 7:06:00 PM","No Pedestrians Involved","Dry","No Unusual Conditions","Daylight","Violation Driver 1","Controls Functioning","Clear","Sideswipe","Non-Related","Other Vehicle","Not Applicable","Not Applicable","West Of",""
"678440","CR-0000087617","0","1","0","0","21-205-0414","False","False","336","7/24/2021 11:57:00 AM","No Pedestrians Involved","Dry","No Unusual Conditions","Daylight","Violation Driver 1","No Controls Present/Factor","Clear","Vehicle/Bike","Non-Related","Bike","Not Applicable","Not Applicable","South Of","Bike"
"678441","CR-0000087633","0","0","0","0","21-214-0630","True","False","140","8/2/2021 3:01:00 PM","No Pedestrians Involved","Dry","No Unusual Conditions","Daylight","Violation Driver 1","Controls Functioning","Clear","Other","Non-Related","Other Vehicle","Not Applicable","Not Applicable","West Of",""
"678442","CR-0000087618","0","0","1","0","21-204-0980","False","False","0","7/23/2021 10:17:00 PM","No Pedestrians Involved","Dry","No Unusual Conditions","Dark - Street Light","Violation Driver 1","No Controls Present/Factor","Clear","Broadside","Intersection","Motorcycle","Not Applicable","Not Applicable","At","Motorcycle"
"678443","CR-0000087603","1","0","0","0","21-211-1010","False","False","36","7/30/2021 9:53:00 PM","No Pedestrians Involved","Dry","No Unusual Conditions","Dark - Street Light","Violation Driver 1","Unknown","Clear","Rear End","Related","Other Vehicle","Not Applicable","Not Applicable","West Of",""
"678444","CR-0000087641","0","0","0","0","21-217-1033","True","False","150","8/5/2021 11:15:00 PM","No Pedestrians Involved","Dry","No Unusual Conditions","Dark - Street Light","Unknown","No Controls Present/Factor","Clear","Sideswipe","Non-Related","Parked Vehicle","Not Applicable","Not Applicable","West Of","Police Vehicle"
"678445","CR-0000087639","1","0","0","0","21-217-0553","False","False","0","8/5/2021 1:55:00 PM","No Pedestrians Involved","Dry","No Unusual Conditions","Daylight","Violation Driver 1","Controls Functioning","Clear","Broadside","Intersection","Other Vehicle","Not Applicable","Not Applicable","At",""
"678446","CR-0000087592","0","0","0","0","21-211-0603","False","False","0","7/30/2021 4:08:00 PM","No Pedestrians Involved","Dry","No Unusual Conditions","Daylight","Violation Driver 1","Controls Not Functioning","Clear","Head On","Intersection","Other Vehicle","Not Applicable","Not Applicable","At",""
"678447","CR-0000087609","0","1","0","0","21-210-0539","False","False","0","7/29/2021 2:00:00 PM","No Pedestrians Involved","Dry","No Unusual Conditions","Daylight","Violation Driver 1","Unknown","Clear","Head On","Intersection","Other Vehicle","Not Applicable","Not Applicable","At",""
"678448","CR-0000087598","0","0","0","0","21-212-0770","True","False","40","7/31/2021 7:34:00 PM","No Pedestrians Involved","Dry","No Unusual Conditions","Daylight","Violation Driver 1","Unknown","Clear","Hit Object","Related","Other Object","Not Applicable","Not Applicable","South Of","Tree, Speed Limit sign"
"678449","CR-0000087654","0","0","0","0","21-219-0790","False","False","51","8/7/2021 8:05:00 PM","No Pedestrians Involved","Dry","No Unusual Conditions","Dark - Street Light","Violation Driver 1","No Controls Present/Factor","Clear","Rear End","Non-Related","Parked Vehicle","Not Applicable","Not Applicable","South Of",""
"678450","CR-0000087649","0","1","0","0","21-219-0903","False","False","0","8/7/2021 10:00:00 PM","No Pedestrians Involved","Dry","No Unusual Conditions","Dark - Street Light","Violation Driver 1","Controls Functioning","Clear","Broadside","Intersection","Motorcycle","Not Applicable","Not Applicable","At",""
"678451","CR-0000087615","0","1","0","0","21-206-0557","False","False","450","7/25/2021 3:19:00 PM","Not In Road","Dry","No Unusual Conditions","Daylight","Violation Driver 1","No Controls Present/Factor","Clear","Vehicle/Bike","Non-Related","Bike","Not Applicable","Not Applicable","North Of","Bike"
"678452","CR-0000087623","1","0","0","0","21-213-0392","False","False","65","8/1/2021 12:14:00 PM","Unknown","Dry","No Unusual Conditions","Daylight","Violation Driver 1","No Controls Present/Factor","Clear","Rear End","Non-Related","Other Vehicle","Not Applicable","Not Applicable","East Of",""
"678453","CR-0000087650","2","0","0","0","21-218-0466","False","False","19","8/7/2021 7:24:00 AM","No Pedestrians Involved","Dry","No Unusual Conditions","Daylight","Violation Driver 1","No Controls Present/Factor","Clear","Broadside","Related","Other Vehicle","Not Applicable","Not Applicable","North Of",""
"678454","CR-0000087652","0","0","0","0","21-219-0369","False","False","0","8/7/2021 2:46:00 PM","No Pedestrians Involved","Dry","No Unusual Conditions","Daylight","Violation Driver 1","Controls Functioning","Clear","Head On","Intersection","Other Vehicle","Not Applicable","Not Applicable","At",""
"678455","CR-0000087601","0","1","0","0","21-212-0723","False","False","217","7/31/2021 6:44:00 PM","No Pedestrians Involved","Dry","No Unusual Conditions","Daylight","Violation Driver 1","Controls Functioning","Clear","Head On","Non-Related","Other Vehicle","Not Applicable","Not Applicable","South Of",""
"678456","CR-0000087631","0","0","0","0","21-214-0982","False","False","655","8/2/2021 2:30:00 AM","No Pedestrians Involved","Dry","No Unusual Conditions","Dusk - Dawn","Violation Driver 1","Controls Not Functioning","Clear","Rear End","Non-Related","Parked Vehicle","Not Applicable","Not Applicable","West Of",""
"678457","CR-0000087655","0","0","0","0","21-220-1002","False","False","25","8/7/2021 11:27:00 PM","No Pedestrians Involved","Dry","No Unusual Conditions","Dark - Street Light","Violation Driver 1","No Controls Present/Factor","Clear","Sideswipe","Related","Parked Vehicle","Not Applicable","Not Applicable","East Of",""
"678458","CR-0000087626","0","0","1","0","21-213-0803","False","False","136","8/1/2021 9:01:00 PM","Crossing - Not In Crosswalk","Dry","No Unusual Conditions","Dark - Street Light","Violation Driver 1","No Controls Present/Factor","Clear","Vehicle/Pedestrian","Non-Related","Pedestrian","North","North","East Of","Ped"
"678459","CR-0000087627","0","0","0","0","21-213-0921","False","False","0","8/1/2021 11:02:00 PM","No Pedestrians Involved","Dry","No Unusual Conditions","Dark - Street Light","Violation Driver 1","No Controls Present/Factor","Clear","Sideswipe","Intersection","Parked Vehicle","Not Applicable","Not Applicable","At","City Veh PP"
"678460","CR-0000087620","1","0","0","0","21-203-0890","False","False","0","7/22/2021 9:38:00 PM","No Pedestrians Involved","Dry","No Unusual Conditions","Dark - Street Light","Violation Driver 1","Controls Functioning","Clear","Broadside","Intersection","Other Vehicle","Not Applicable","Not Applicable","At",""
"678461","CR-0000087653","0","0","0","0","21-219-0740","False","False","0","8/7/2021 7:18:00 PM","No Pedestrians Involved","Dry","No Unusual Conditions","Daylight","Violation Driver 1","No Controls Present/Factor","Clear","Broadside","Intersection","Other Vehicle","Not Applicable","Not Applicable","At",""
"678462","CR-0000087595","0","0","0","0","21-212-0122","False","False","51","7/31/2021 2:36:00 AM","No Pedestrians Involved","Dry","No Unusual Conditions","Dark - Street Light","Violation Driver 1","Unknown","Clear","Sideswipe","Non-Related","Parked Vehicle","Not Applicable","Not Applicable","East Of",""
"678463","CR-0000087593","0","1","1","0","21-211-0643","False","False","0","7/30/2021 4:45:00 PM","No Pedestrians Involved","Dry","No Unusual Conditions","Daylight","Violation Driver 1","Controls Functioning","Clear","Head On","Intersection","Other Vehicle","Not Applicable","Not Applicable","At",""
"678464","CR-0000087621","1","0","0","0","21-203-0511","False","False","0","7/22/2021 2:11:00 PM","No Pedestrians Involved","Dry","No Unusual Conditions","Daylight","Violation Driver 1","Controls Functioning","Clear","Other","Intersection","Other Vehicle","Not Applicable","Not Applicable","At",""
"678465","CR-0000087622","1","1","0","0","21-213-0324","False","False","75","8/1/2021 10:44:00 AM","No Pedestrians Involved","Dry","No Unusual Conditions","Daylight","Violation Driver 1","No Controls Present/Factor","Clear","Rear End","Non-Related","Parked Vehicle","Not Applicable","Not Applicable","South Of",""
"678466","CR-0000087619","0","1","0","0","21-204-0408","False","False","0","7/23/2021 12:24:00 PM","No Pedestrians Involved","Dry","No Unusual Conditions","Daylight","Violation Driver 1","Controls Functioning","Clear","Vehicle/Bike","Intersection","Bike","Not Applicable","Not Applicable","At","Bike"
"678467","CR-0000087635","0","0","0","0","21-215-0220","False","False","0","8/3/2021 7:46:00 AM","No Pedestrians Involved","Dry","No Unusual Conditions","Daylight","Violation Driver 1","Controls Functioning","Clear","Broadside","Intersection","Other Vehicle","Not Applicable","Not Applicable","At",""
"678468","CR-0000087605","0","0","0","0","21-211-0835","True","False","156","7/30/2021 7:14:00 PM","No Pedestrians Involved","Dry","No Unusual Conditions","Daylight","Violation Driver 1","No Controls Present/Factor","Clear","Head On","Non-Related","Fixed Object","Not Applicable","Not Applicable","East Of","Tree/Sign Pole"
"678469","CR-0000087646","0","0","0","0","21-218-0359","False","False","","8/6/2021 11:42:00 AM","No Pedestrians Involved","Dry","No Unusual Conditions","Daylight","Violation Driver 1","No Controls Present/Factor","Clear","Sideswipe","Non-Related","Other Vehicle","Not Applicable","Not Applicable","North Of",""
"678470","CR-0000087628","0","1","0","0","21-213-0937","False","False","0","8/1/2021 11:22:00 PM","No Pedestrians Involved","Dry","No Unusual Conditions","Dark - Street Light","Violation Driver 1","Controls Functioning","Clear","Overturned","Intersection","Non-Collision","Not Applicable","Not Applicable","At",""
"678471","CR-0000087614","0","1","0","0","21-206-0755","False","False","0","7/25/2021 7:39:00 PM","No Pedestrians Involved","Dry","No Unusual Conditions","Daylight","Unknown","Controls Functioning","Clear","Vehicle/Bike","Intersection","Bike","Not Applicable","Not Applicable","At","Bike"
"678472","CR-0000087656","0","1","0","0","21-228-0187","False","False","0","8/16/2021 8:07:00 AM","No Pedestrians Involved","Dry","No Unusual Conditions","Daylight","Violation Driver 1","Controls Functioning","Clear","Broadside","Intersection","Other Vehicle","Not Applicable","Not Applicable","At",""
"678473","CR-0000087657","1","0","0","0","21-230-9707","False","False","51","8/16/2021 8:30:00 AM","Crossing - Not In Crosswalk","Dry","No Unusual Conditions","Daylight","Unknown","No Controls Present/Factor","Clear","Vehicle/Pedestrian","Non-Related","Pedestrian","Unknown","Unknown","South Of",""
"678474","CR-0000087658","0","0","0","0","21-228-0425","False","False","583","8/16/2021 10:30:00 AM","No Pedestrians Involved","Dry","No Unusual Conditions","Daylight","Violation Driver 1","No Controls Present/Factor","Clear","Hit Object","Non-Related","Fixed Object","Not Applicable","Not Applicable","West Of","Fire hydrant"
"678475","CR-0000087659","0","0","0","0","21-228-0386","False","False","0","8/16/2021 11:00:00 AM","No Pedestrians Involved","Dry","No Unusual Conditions","Daylight","Violation Driver 1","Controls Functioning","Clear","Head On","Intersection","Other Vehicle","Not Applicable","Not Applicable","At",""
"678476","CR-0000087660","2","0","0","0","21-228-0414","False","False","0","8/16/2021 11:27:00 AM","No Pedestrians Involved","Dry","No Unusual Conditions","Daylight","Unknown","Controls Functioning","Clear","Sideswipe","Intersection","Other Vehicle","Not Applicable","Not Applicable","At",""
"678477","CR-0000087661","2","0","0","0","21-228-0563","False","False","21","8/16/2021 1:30:00 PM","No Pedestrians Involved","Dry","No Unusual Conditions","Daylight","Violation Driver 1","Controls Not Functioning","Clear","Rear End","Related","Other Vehicle","Not Applicable","Not Applicable","West Of",""
"678478","CR-0000087662","1","0","0","0","21-228-0734","False","False","0","8/16/2021 4:34:00 PM","No Pedestrians Involved","Dry","No Unusual Conditions","Daylight","Violation Driver 1","Controls Functioning","Clear","Broadside","Intersection","Other Vehicle","Not Applicable","Not Applicable","At",""
"678479","CR-0000087663","0","1","0","0","21-228-0813","False","False","0","8/16/2021 5:55:00 PM","No Pedestrians Involved","Dry","No Unusual Conditions","Daylight","Violation Driver 1","Controls Functioning","Clear","Head On","Intersection","Other Vehicle","Not Applicable","Not Applicable","At",""
"678480","CR-0000087664","0","0","1","0","21-228-0821","False","False","149","8/16/2021 6:07:00 PM","No Pedestrians Involved","Dry","No Unusual Conditions","Daylight","Violation Driver 1","Controls Functioning","Clear","Head On","Non-Related","Parked Vehicle","Not Applicable","Not Applicable","North Of",""
"678481","CR-0000087665","0","0","0","0","21-228-0853","True","False","51","8/16/2021 6:32:00 PM","No Pedestrians Involved","Dry","No Unusual Conditions","Daylight","Unknown","Unknown","Clear","Hit Object","Non-Related","Fixed Object","Not Applicable","Not Applicable","East Of",""
"678482","CR-0000087666","1","1","0","0","21-228-0881","False","False","1250","8/16/2021 6:58:00 PM","No Pedestrians Involved","Dry","No Unusual Conditions","Daylight","Violation Driver 1","Unknown","Clear","Rear End","Non-Related","Other Vehicle","Not Applicable","Not Applicable","West Of",""
"678483","CR-0000087667","2","0","0","0","21-228-0968","False","False","0","8/16/2021 8:20:00 PM","No Pedestrians Involved","Dry","No Unusual Conditions","Daylight","Violation Driver 1","Controls Functioning","Clear","Broadside","Intersection","Other Vehicle","Not Applicable","Not Applicable","At",""
"678484","CR-0000087668","0","0","0","0","21-228-1029","False","False","0","8/16/2021 8:56:00 PM","No Pedestrians Involved","Dry","No Unusual Conditions","Dusk - Dawn","Violation Driver 1","No Controls Present/Factor","Clear","Broadside","Intersection","Other Vehicle","Not Applicable","Not Applicable","At",""
"678485","CR-0000087669","3","0","0","0","21-202-0606","False","False","150","7/21/2021 3:16:00 PM","No Pedestrians Involved","Dry","No Unusual Conditions","Daylight","Violation Driver 1","Controls Functioning","Clear","Sideswipe","Non-Related","Other Vehicle","Not Applicable","Not Applicable","West Of",""
"678486","CR-0000087670","2","0","0","0","21-202-0384","False","False","194","7/21/2021 11:25:00 AM","No Pedestrians Involved","Dry","No Unusual Conditions","Daylight","Violation Driver 1","No Controls Present/Factor","Clear","Broadside","Non-Related","Other Vehicle","Not Applicable","Not Applicable","South Of",""
"678487","CR-0000087689","0","2","0","0","21-221-0024","True","False","141","8/9/2021 12:32:00 AM","No Pedestrians Involved","Dry","No Unusual Conditions","Dark - Street Light","Violation Driver 1","Controls Functioning","Clear","Head On","Non-Related","Fixed Object","Not Applicable","Not Applicable","North Of","Tree"
"678488","CR-0000087676","0","2","0","0","21-201-0162","False","False","0","7/20/2021 7:17:00 AM","No Pedestrians Involved","Dry","No Unusual Conditions","Daylight","Violation Driver 1","Controls Functioning","Clear","Sideswipe","Intersection","Other Vehicle","Not Applicable","Not Applicable","At",""
"678489","CR-0000087699","0","0","0","0","21-222-0649","False","True","","8/10/2021 3:30:00 PM","No Pedestrians Involved","Dry","No Unusual Conditions","Daylight","Violation Driver 1","Controls Functioning","Clear","Rear End","Non-Related","Other Vehicle","Not Applicable","Not Applicable","North Of",""
"678490","CR-0000087720","1","1","0","0","21-214-0196","True","False","0","8/2/2021 7:30:00 AM","No Pedestrians Involved","Dry","No Unusual Conditions","Daylight","Violation Driver 1","Controls Functioning","Clear","Other","Intersection","Other Vehicle","Not Applicable","Not Applicable","At","City Vehicle Pw"
"678491","CR-0000087691","1","0","2","0","21-221-0203","False","False","0","8/9/2021 7:03:00 AM","No Pedestrians Involved","Dry","No Unusual Conditions","Daylight","Violation Driver 1","No Controls Present/Factor","Clear","Broadside","Intersection","Other Vehicle","Not Applicable","Not Applicable","At",""
"678492","CR-0000087721","0","0","0","0","21-214-0047","False","False","0","8/2/2021 12:56:00 AM","No Pedestrians Involved","Dry","No Unusual Conditions","Dark - Street Light","Violation Driver 1","Controls Functioning","Clear","Sideswipe","Intersection","Other Vehicle","Not Applicable","Not Applicable","At",""
"678493","CR-0000087681","0","0","0","0","21-220-0329","False","False","160","8/8/2021 8:55:00 AM","No Pedestrians Involved","Dry","No Unusual Conditions","Daylight","Violation Driver 1","Controls Functioning","Clear","Hit Object","Non-Related","Fixed Object","Not Applicable","Not Applicable","South Of","2 Signs, tree"
"678494","CR-0000087703","0","0","0","0","21-222-0705","True","False","45","8/10/2021 5:00:00 PM","No Pedestrians Involved","Dry","No Unusual Conditions","Daylight","Violation Driver 1","Controls Functioning","Clear","Hit Object","Related","Fixed Object","Not Applicable","Not Applicable","East Of","Trash can"