"CrashFactId","Name","MinorInjuries","ModerateInjuries","SevereInjuries","FatalInjuries","TcrNumber","CityDamageFlag","ShortFormFlag","Distance","CrashDateTime","PedestrianAction","RoadwaySurface","RoadwayCondition","Lighting","PrimaryCollisionFactor","TrafficControl","Weather","CollisionType","ProximityToIntersection","VehicleInvolvedWith","PedestrianDirectionFrom","PedestrianDirectionTo","DirectionFromIntersection","Comment"
"678691","CR-0000087879","0","0","0","0","21-231-0676","True","False","100","8/19/2021 5:18:00 PM","No Pedestrians Involved","Dry","No Unusual Conditions","Daylight","Unknown","No Controls Present/Factor","Clear","Sideswipe","Non-Related","Other Vehicle","Not Applicable","Not Applicable","North Of","FD"
"678692","CR-0000087880","0","0","0","0","21-231-0943","False","False","71","8/19/2021 9:31:00 PM","No Pedestrians Involved","Dry","Unknown","Dark - Street Light","Unknown","Controls Functioning","Clear","Sideswipe","Non-Related","Other Vehicle","Not Applicable","Not Applicable","East Of",""
"678693","CR-0000087881","1","0","0","0","21-234-0406","False","False","0","8/22/2021 11:05:00 AM","No Pedestrians Involved","Dry","No Unusual Conditions","Daylight","Violation Driver 1","Controls Functioning","Clear","Broadside","Intersection","Other Vehicle","Not Applicable","Not Applicable","At",""
"678694","CR-0000087882","1","0","0","0","21-235-0991","False","False","210","8/23/2021 11:59:00 PM","In Road - Includes Shoulder","Dry","No Unusual Conditions","Dark - Street Light","Unknown","No Controls Present/Factor","Clear","Vehicle/Pedestrian","Non-Related","Skateboard","Unknown","Unknown","North Of",""
"678695","CR-0000087883","0","1","0","0","21-236-0129","False","False","126","8/24/2021 7:33:00 AM","No Pedestrians Involved","Dry","No Unusual Conditions","Daylight","Violation Driver 1","No Controls Present/Factor","Clear","Vehicle/Bike","Non-Related","Bike","Not Applicable","Not Applicable","North Of",""
"678696","CR-0000087884","0","0","0","0","21-237-0704","False","False","0","8/25/2021 5:24:00 PM","No Pedestrians Involved","Dry","No Unusual Conditions","Daylight","Violation Driver 1","No Controls Present/Factor","Clear","Sideswipe","Intersection","Other Vehicle","Not Applicable","Not Applicable","At",""
"678697","CR-0000087885","0","0","0","0","21-238-0602","False","False","0","8/26/2021 2:47:00 PM","No Pedestrians Involved","Dry","No Unusual Conditions","Daylight","Violation Driver 1","Controls Functioning","Clear","Sideswipe","Intersection","Other Vehicle","Not Applicable","Not Applicable","At",""
"678698","CR-0000087886","0","0","0","0","21-241-0011","False","False","33","8/29/2021 12:05:00 AM","No Pedestrians Involved","Dry","Unknown","Dark - Street Light","Violation Driver 1","Unknown","Clear","Rear End","Related","Parked Vehicle","Not Applicable","Not Applicable","North Of",""
"678699","CR-0000087887","0","1","0","0","21-241-0968","False","False","80","8/29/2021 11:24:00 PM","In Road - Includes Shoulder","Dry","No Unusual Conditions","Dark - Street Light","Violation Driver 1","No Controls Present/Factor","Clear","Vehicle/Pedestrian","Non-Related","Pedestrian","North","South","South Of",""
"678700","CR-0000087888","0","1","0","0","21-243-0926","False","False","0","8/31/2021 6:21:00 PM","No Pedestrians Involved","Dry","No Unusual Conditions","Daylight","Violation Driver 1","No Controls Present/Factor","Cloudy","Rear End","Intersection","Other Vehicle","Not Applicable","Not Applicable","At",""
"678701","CR-0000087889","1","0","0","0","21-243-1130","False","False","0","8/31/2021 10:44:00 PM","No Pedestrians Involved","Dry","No Unusual Conditions","Dark - Street Light","Violation Driver 1","Controls Functioning","Clear","Head On","Intersection","Other Vehicle","Not Applicable","Not Applicable","At",""
"678702","CR-0000087890","0","0","0","0","21-250-0187","False","False","80","9/7/2021 7:13:00 AM","No Pedestrians Involved","Dry","No Unusual Conditions","Daylight","Violation Driver 1","No Controls Present/Factor","Clear","Sideswipe","Non-Related","Parked Vehicle","Not Applicable","Not Applicable","West Of",""
"678703","CR-0000087891","2","0","0","0","21-250-0572","False","False","181","9/7/2021 1:57:00 PM","No Pedestrians Involved","Dry","No Unusual Conditions","Daylight","Violation Driver 1","Unknown","Clear","Broadside","Non-Related","Other Vehicle","Not Applicable","Not Applicable","East Of",""
"678704","CR-0000087892","1","0","0","0","21-250-0622","False","False","0","9/7/2021 2:52:00 PM","No Pedestrians Involved","Dry","No Unusual Conditions","Daylight","Violation Driver 1","Controls Functioning","Clear","Rear End","Intersection","Other Vehicle","Not Applicable","Not Applicable","At",""
"678705","CR-0000087893","1","0","0","0","21-250-0681","False","False","0","9/7/2021 4:14:00 PM","No Pedestrians Involved","Dry","No Unusual Conditions","Daylight","Violation Driver 1","Controls Functioning","Clear","Broadside","Intersection","Other Vehicle","Not Applicable","Not Applicable","At",""
"678706","CR-0000087894","0","0","0","0","21-250-0923","False","False","69","9/7/2021 9:21:00 PM","No Pedestrians Involved","Dry","No Unusual Conditions","Dark - Street Light","Violation Driver 1","Controls Functioning","Clear","Rear End","Non-Related","Other Vehicle","Not Applicable","Not Applicable","South Of",""
"678707","CR-0000087895","0","0","0","0","21-250-0942","False","False","135","9/7/2021 9:42:00 PM","No Pedestrians Involved","Dry","No Unusual Conditions","Dark - Street Light","Violation Driver 1","No Controls Present/Factor","Clear","Broadside","Non-Related","Parked Vehicle","Not Applicable","Not Applicable","South Of",""
"678708","CR-0000087896","0","0","0","0","21-250-0957","False","False","","9/7/2021 10:03:00 PM","No Pedestrians Involved","Dry","No Unusual Conditions","Dark - Street Light","Violation Driver 1","Controls Functioning","Clear","Rear End","Related","Other Vehicle","Not Applicable","Not Applicable","North Of",""
"678709","CR-0000087897","0","0","0","0","21-251-9706","False","True","0","9/7/2021 6:40:00 PM","No Pedestrians Involved","Dry","No Unusual Conditions","Daylight","Unknown","Controls Functioning","Clear","Head On","Intersection","Other Vehicle","Not Applicable","Not Applicable","At",""
"678710","CR-0000087898","0","0","0","0","21-250-9701","False","True","0","9/7/2021 8:20:00 AM","No Pedestrians Involved","Dry","No Unusual Conditions","Daylight","Unknown","Controls Functioning","Clear","Rear End","Intersection","Other Vehicle","Not Applicable","Not Applicable","At",""
"678711","CR-0000087899","0","0","0","0","21-250-4003","False","True","","9/7/2021 7:50:00 AM","No Pedestrians Involved","Unknown","Unknown","Daylight","Unknown","Unknown","Unknown","Sideswipe","Related","Other Vehicle","Not Applicable","Not Applicable","Unknown",""
"678712","CR-0000087900","0","0","0","0","21-250-4004","False","True","51","9/7/2021 7:20:00 AM","No Pedestrians Involved","Unknown","Unknown","Daylight","Unknown","Unknown","Unknown","Vehicle/Bike","Non-Related","Bike","Not Applicable","Not Applicable","East Of",""
"678713","CR-0000087901","1","0","0","0","21-251-0169","False","False","51","9/8/2021 7:56:00 AM","No Pedestrians Involved","Dry","No Unusual Conditions","Daylight","Violation Driver 1","Controls Functioning","Clear","Rear End","Non-Related","Other Vehicle","Not Applicable","Not Applicable","South Of",""
"678714","CR-0000087902","0","0","0","0","21-251-0224","False","False","50","9/8/2021 8:57:00 AM","No Pedestrians Involved","Dry","No Unusual Conditions","Daylight","Violation Driver 1","Controls Functioning","Clear","Other","Related","Other Vehicle","Not Applicable","Not Applicable","North Of",""
"678715","CR-0000087903","0","0","0","0","21-251-0362","False","False","0","9/8/2021 11:22:00 AM","No Pedestrians Involved","Dry","No Unusual Conditions","Daylight","Violation Driver 1","Controls Functioning","Clear","Broadside","Intersection","Other Vehicle","Not Applicable","Not Applicable","At",""
"678716","CR-0000087904","1","1","0","0","21-251-0531","False","False","0","9/8/2021 2:41:00 PM","No Pedestrians Involved","Dry","No Unusual Conditions","Daylight","Violation Driver 1","Controls Not Functioning","Clear","Broadside","Intersection","Other Vehicle","Not Applicable","Not Applicable","At",""
"678717","CR-0000087905","1","1","0","0","21-251-0554","False","False","51","9/8/2021 3:11:00 PM","No Pedestrians Involved","Dry","No Unusual Conditions","Daylight","Violation Driver 1","No Controls Present/Factor","Clear","Rear End","Non-Related","Other Vehicle","Not Applicable","Not Applicable","South Of",""
"678718","CR-0000087906","1","0","0","0","21-251-0583","False","False","0","9/8/2021 3:53:00 PM","No Pedestrians Involved","Dry","No Unusual Conditions","Daylight","Bike At Fault","No Controls Present/Factor","Clear","Vehicle/Bike","Intersection","Bike","Not Applicable","Not Applicable","At",""
"678719","CR-0000087907","0","0","0","0","21-251-0586","False","False","70","9/8/2021 4:00:00 PM","No Pedestrians Involved","Dry","No Unusual Conditions","Daylight","Violation Driver 1","No Controls Present/Factor","Clear","Sideswipe","Non-Related","Other Vehicle","Not Applicable","Not Applicable","East Of",""
"678720","CR-0000087908","2","0","0","0","21-251-0661","False","False","176","9/8/2021 5:21:00 PM","No Pedestrians Involved","Dry","No Unusual Conditions","Daylight","Violation Driver 1","No Controls Present/Factor","Clear","Broadside","Non-Related","Other Vehicle","Not Applicable","Not Applicable","South Of",""
"678721","CR-0000087909","1","0","0","0","21-251-0854","False","False","0","9/8/2021 8:55:00 PM","Crossing In Crosswalk - At Intersection","Dry","No Unusual Conditions","Dark - Street Light","Pedestrian At Fault","Controls Functioning","Clear","Vehicle/Pedestrian","Intersection","Pedestrian","North","South","At",""
"678722","CR-0000087910","3","3","0","0","21-251-0926","False","False","0","9/8/2021 11:34:00 PM","No Pedestrians Involved","Dry","No Unusual Conditions","Dark - Street Light","Violation Driver 1","Controls Functioning","Clear","Broadside","Intersection","Other Vehicle","Not Applicable","Not Applicable","At",""
"678723","CR-0000087911","0","0","0","0","21-252-4001","False","True","51","9/8/2021 5:15:00 PM","No Pedestrians Involved","Unknown","Unknown","Dusk - Dawn","Unknown","Unknown","Unknown","Rear End","Non-Related","Other Vehicle","Not Applicable","Not Applicable","South Of",""
"678724","CR-0000087912","0","0","0","0","21-251-4004","False","True","","9/8/2021 2:00:00 PM","No Pedestrians Involved","Unknown","Unknown","Daylight","Unknown","Unknown","Unknown","Sideswipe","Related","Other Vehicle","Not Applicable","Not Applicable","North Of",""
"678725","CR-0000087913","0","0","0","0","21-251-4000","False","True","51","9/8/2021 12:15:00 AM","No Pedestrians Involved","Unknown","Unknown","Unknown","Unknown","Unknown","Unknown","Sideswipe","Non-Related","Other Vehicle","Not Applicable","Not Applicable","West Of",""
"678726","CR-0000087914","0","0","0","0","21-251-4003","False","True","51","9/8/2021 11:15:00 AM","No Pedestrians Involved","Unknown","Unknown","Daylight","Unknown","Unknown","Unknown","Sideswipe","Non-Related","Parked Vehicle","Not Applicable","Not Applicable","West Of",""
"678727","CR-0000087915","0","0","0","0","21-251-9705","False","True","51","9/8/2021 9:30:00 AM","No Pedestrians Involved","Dry","Unknown","Daylight","Unknown","Unknown","Clear","Broadside","Non-Related","Parked Vehicle","Not Applicable","Not Applicable","North Of",""
"678728","CR-0000087916","0","0","1","0","21-251-0055","False","False","152","9/8/2021 1:39:00 AM","In Road - Includes Shoulder","Dry","No Unusual Conditions","Dark - Street Light","Violation Driver 1","Controls Functioning","Clear","Vehicle/Pedestrian","Non-Related","Pedestrian","No Direction (Not Walking)","No Direction (Not Walking)","East Of",""
"678729","CR-0000087917","0","1","0","0","21-251-0669","False","False","0","9/8/2021 5:33:00 PM","No Pedestrians Involved","Dry","No Unusual Conditions","Daylight","Violation Driver 1","No Controls Present/Factor","Clear","Vehicle/Bike","Intersection","Bike","Not Applicable","Not Applicable","At",""
"678730","CR-0000087918","0","0","0","0","21-252-0289","False","False","0","9/9/2021 9:50:00 AM","No Pedestrians Involved","Dry","No Unusual Conditions","Daylight","Unknown","Unknown","Clear","Vehicle/Bike","Intersection","Bike","Not Applicable","Not Applicable","At",""
"678731","CR-0000087919","1","0","0","0","21-252-0398","False","False","0","9/9/2021 11:25:00 AM","Crossing In Crosswalk - At Intersection","Dry","No Unusual Conditions","Daylight","Violation Driver 1","Controls Functioning","Clear","Vehicle/Pedestrian","Intersection","Pedestrian","South","North","At",""
"678732","CR-0000087920","0","0","0","0","21-252-0655","False","False","0","9/9/2021 4:56:00 PM","No Pedestrians Involved","Dry","No Unusual Conditions","Daylight","Violation Driver 1","Controls Functioning","Clear","Sideswipe","Intersection","Other Vehicle","Not Applicable","Not Applicable","At",""
"678733","CR-0000087921","0","0","0","0","21-252-0874","False","False","0","9/9/2021 8:57:00 PM","No Pedestrians Involved","Dry","No Unusual Conditions","Dark - Street Light","Violation Driver 1","No Controls Present/Factor","Clear","Broadside","Intersection","Other Vehicle","Not Applicable","Not Applicable","At",""
"678734","CR-0000087922","1","0","0","0","21-252-0164","False","False","0","9/9/2021 10:52:00 AM","No Pedestrians Involved","Dry","No Unusual Conditions","Daylight","Violation Driver 1","Controls Functioning","Clear","Broadside","Intersection","Other Vehicle","Not Applicable","Not Applicable","At",""
"678735","CR-0000087923","0","0","0","0","21-253-4004","False","True","","9/9/2021 9:10:00 AM","No Pedestrians Involved","Unknown","Unknown","Daylight","Unknown","Unknown","Unknown","Rear End","Related","Other Vehicle","Not Applicable","Not Applicable","South Of",""
"678736","CR-0000087924","0","1","0","0","21-253-0111","False","False","51","9/10/2021 4:07:00 AM","No Pedestrians Involved","Dry","No Unusual Conditions","Dark - Street Light","Violation Driver 1","No Controls Present/Factor","Clear","Broadside","Non-Related","Parked Vehicle","Not Applicable","Not Applicable","North Of",""
"678737","CR-0000087925","0","1","0","0","21-253-0597","False","False","186","9/10/2021 4:23:00 PM","No Pedestrians Involved","Dry","No Unusual Conditions","Daylight","Violation Driver 1","Controls Functioning","Clear","Rear End","Non-Related","Other Vehicle","Not Applicable","Not Applicable","West Of",""
"678738","CR-0000087926","0","1","0","0","21-253-0977","False","False","18","9/10/2021 10:44:00 PM","No Pedestrians Involved","Dry","No Unusual Conditions","Dark - Street Light","Violation Driver 1","Controls Functioning","Clear","Vehicle/Bike","Related","Bike","Not Applicable","Not Applicable","West Of",""
"678739","CR-0000087927","2","0","0","0","21-253-0487","False","False","62","9/10/2021 1:44:00 PM","No Pedestrians Involved","Dry","No Unusual Conditions","Daylight","Violation Driver 1","Controls Functioning","Clear","Rear End","Non-Related","Other Vehicle","Not Applicable","Not Applicable","South Of",""
"678740","CR-0000087928","0","1","0","0","21-253-0528","False","False","0","9/10/2021 2:40:00 PM","No Pedestrians Involved","Dry","No Unusual Conditions","Daylight","Violation Driver 1","Unknown","Clear","Vehicle/Bike","Intersection","Bike","Not Applicable","Not Applicable","At",""
"678741","CR-0000087929","0","1","0","0","21-253-0561","False","False","20","9/10/2021 4:33:00 PM","No Pedestrians Involved","Dry","No Unusual Conditions","Daylight","Violation Driver 1","Controls Functioning","Clear","Rear End","Related","Other Vehicle","Not Applicable","Not Applicable","North Of",""
"678742","CR-0000087930","0","2","0","0","21-253-0901","False","False","210","9/10/2021 9:10:00 PM","No Pedestrians Involved","Dry","No Unusual Conditions","Dark - Street Light","Violation Driver 1","No Controls Present/Factor","Clear","Head On","Non-Related","Other Vehicle","Not Applicable","Not Applicable","North Of",""
"678743","CR-0000087931","0","1","0","0","21-253-0926","True","False","0","9/10/2021 9:53:00 PM","No Pedestrians Involved","Dry","No Unusual Conditions","Dark - Street Light","Violation Driver 1","No Controls Present/Factor","Clear","Hit Object","Intersection","Fixed Object","Not Applicable","Not Applicable","At","street sign"
"678744","CR-0000087932","2","0","0","0","21-253-1021","False","False","93","9/10/2021 11:36:00 PM","No Pedestrians Involved","Dry","No Unusual Conditions","Dark - Street Light","Violation Driver 1","Controls Functioning","Clear","Rear End","Non-Related","Other Vehicle","Not Applicable","Not Applicable","South Of",""
"678745","CR-0000087933","0","0","0","0","21-256-4001","False","True","51","9/10/2021 2:33:00 PM","No Pedestrians Involved","Unknown","Unknown","Daylight","Violation Driver 1","Unknown","Unknown","Rear End","Non-Related","Other Vehicle","Not Applicable","Not Applicable","North Of",""
"678746","CR-0000087934","0","0","0","0","21-254-0303","False","False","51","9/10/2021 10:00:00 AM","No Pedestrians Involved","Dry","No Unusual Conditions","Dark - Street Light","Violation Driver 1","No Controls Present/Factor","Clear","Rear End","Non-Related","Other Vehicle","Not Applicable","Not Applicable","South Of",""
"678747","CR-0000087935","0","0","0","0","21-257-9712","False","True","","9/10/2021 7:00:00 PM","No Pedestrians Involved","Dry","No Unusual Conditions","Dusk - Dawn","Unknown","No Controls Present/Factor","Clear","Head On","Related","Parked Vehicle","Not Applicable","Not Applicable","North Of",""
"678748","CR-0000087936","0","0","0","0","21-258-0945","False","False","0","9/15/2021 9:27:00 PM","No Pedestrians Involved","Dry","No Unusual Conditions","Dark - Street Light","Violation Driver 2","No Controls Present/Factor","Clear","Broadside","Intersection","Other Vehicle","Not Applicable","Not Applicable","At",""
"678749","CR-0000087937","0","0","0","0","21-223-0696","True","False","117","8/11/2021 3:06:00 PM","No Pedestrians Involved","Dry","No Unusual Conditions","Daylight","Unknown","No Controls Present/Factor","Clear","Rear End","Non-Related","Other Object","Not Applicable","Not Applicable","West Of","PD Vehicle"
"678750","CR-0000087938","1","0","0","0","21-223-0740","False","False","51","8/11/2021 3:48:00 PM","No Pedestrians Involved","Dry","No Unusual Conditions","Daylight","Violation Driver 1","No Controls Present/Factor","Clear","Sideswipe","Non-Related","Other Vehicle","Not Applicable","Not Applicable","North Of",""
"678751","CR-0000087939","0","0","0","0","21-224-9708","False","True","51","8/11/2021 6:40:00 AM","No Pedestrians Involved","Dry","No Unusual Conditions","Daylight","Unknown","No Controls Present/Factor","Clear","Rear End","Non-Related","Other Vehicle","Not Applicable","Not Applicable","South Of",""
"678752","CR-0000087940","0","0","0","0","21-223-0061","True","False","0","8/11/2021 1:49:00 AM","No Pedestrians Involved","Dry","No Unusual Conditions","Dark - Street Light","Violation Driver 1","Controls Functioning","Clear","Head On","Intersection","Fixed Object","Not Applicable","Not Applicable","At","Curb"
"678753","CR-0000087941","0","0","0","0","21-223-0333","False","False","0","8/11/2021 9:30:00 AM","No Pedestrians Involved","Dry","Construction - Repair Zone","Daylight","Violation Driver 1","Controls Functioning","Clear","Sideswipe","Intersection","Other Vehicle","Not Applicable","Not Applicable","At",""
"678754","CR-0000087942","1","0","0","0","21-223-0723","False","False","0","8/11/2021 3:32:00 PM","No Pedestrians Involved","Dry","No Unusual Conditions","Daylight","Violation Driver 1","No Controls Present/Factor","Clear","Rear End","Intersection","Other Vehicle","Not Applicable","Not Applicable","At",""
"678755","CR-0000087943","0","0","0","0","21-223-0862","False","False","0","8/11/2021 5:20:00 PM","No Pedestrians Involved","Dry","No Unusual Conditions","Daylight","Violation Driver 1","No Controls Present/Factor","Clear","Hit Object","Intersection","Parked Vehicle","Not Applicable","Not Applicable","At","Curb, Fence"
"678756","CR-0000087944","1","0","0","0","21-223-0870","True","False","150","8/11/2021 5:35:00 PM","No Pedestrians Involved","Dry","No Unusual Conditions","Daylight","Violation Driver 1","No Controls Present/Factor","Clear","Head On","Non-Related","Fixed Object","Not Applicable","Not Applicable","North Of","Tree"
"678757","CR-0000087945","2","0","0","0","21-224-0125","False","False","0","8/12/2021 6:41:00 AM","No Pedestrians Involved","Dry","No Unusual Conditions","Daylight","Violation Driver 1","Controls Functioning","Clear","Broadside","Intersection","Other Vehicle","Not Applicable","Not Applicable","At",""
"678758","CR-0000087946","1","0","0","0","21-224-0527","False","False","34","8/12/2021 8:25:00 AM","No Pedestrians Involved","Dry","No Unusual Conditions","Daylight","Violation Driver 1","Controls Functioning","Clear","Sideswipe","Related","Bike","Not Applicable","Not Applicable","North Of","Bike"
"678759","CR-0000087947","2","0","0","0","21-224-0536","False","False","36","8/12/2021 1:35:00 PM","No Pedestrians Involved","Dry","No Unusual Conditions","Daylight","Violation Driver 1","No Controls Present/Factor","Clear","Rear End","Related","Other Vehicle","Not Applicable","Not Applicable","West Of",""
"678760","CR-0000087948","0","0","0","0","21-224-9709","False","True","","8/12/2021 3:00:00 PM","No Pedestrians Involved","Dry","No Unusual Conditions","Daylight","Unknown","Unknown","Clear","Rear End","Related","Other Vehicle","Not Applicable","Not Applicable","East Of",""
"678761","CR-0000087949","0","1","0","0","21-224-1052","False","False","0","8/12/2021 4:30:00 PM","No Pedestrians Involved","Dry","No Unusual Conditions","Daylight","Violation Driver 1","Unknown","Clear","Vehicle/Bike","Intersection","Bike","Not Applicable","Not Applicable","At","Bike"
"678762","CR-0000087950","2","0","0","0","21-224-0770","False","False","0","8/12/2021 5:49:00 PM","No Pedestrians Involved","Dry","No Unusual Conditions","Daylight","Violation Driver 1","No Controls Present/Factor","Clear","Broadside","Intersection","Other Vehicle","Not Applicable","Not Applicable","South Of",""
"678763","CR-0000087951","1","0","0","0","21-224-0827","False","False","0","8/12/2021 7:25:00 PM","No Pedestrians Involved","Dry","Unknown","Daylight","Violation Driver 1","Unknown","Clear","Head On","Intersection","Other Vehicle","Not Applicable","Not Applicable","At",""
"678764","CR-0000087952","0","0","0","0","21-224-0930","False","False","27","8/12/2021 8:46:00 PM","No Pedestrians Involved","Dry","No Unusual Conditions","Dark - Street Light","Violation Driver 1","Controls Functioning","Clear","Rear End","Related","Other Vehicle","Not Applicable","Not Applicable","East Of",""
"678765","CR-0000087953","0","0","0","0","21-224-0955","False","False","52","8/12/2021 9:20:00 PM","No Pedestrians Involved","Dry","No Unusual Conditions","Dark - Street Light","Violation Driver 1","Controls Functioning","Clear","Rear End","Non-Related","Other Vehicle","Not Applicable","Not Applicable","North Of",""
"678766","CR-0000087954","1","0","1","0","21-224-0223","False","False","53","8/12/2021 8:52:00 AM","Crossing In Crosswalk - At Intersection","Dry","No Unusual Conditions","Daylight","Violation Driver 1","Controls Functioning","Clear","Vehicle/Pedestrian","Non-Related","Pedestrian","East","East","North Of","Ped"
"678767","CR-0000087955","0","1","2","1","21-271-0997","True","False","30","9/28/2021 10:10:00 PM","No Pedestrians Involved","Dry","No Unusual Conditions","Dark - Street Light","Violation Driver 1","No Controls Present/Factor","Clear","Hit Object","Related","Fixed Object","Not Applicable","Not Applicable","North Of","Tree"
"678768","CR-0000087956","0","0","0","1","21-234-0067","False","False","0","8/22/2021 12:54:00 AM","Crossing - Not In Crosswalk","Dry","No Unusual Conditions","Dark - No Street Light","Violation Driver 1","No Controls Present/Factor","Cloudy","Vehicle/Pedestrian","Intersection","Pedestrian","North","South","At","Hit and Run"
"678769","CR-0000087958","0","1","0","0","21-254-0607","False","False","248","9/11/2021 5:37:00 PM","No Pedestrians Involved","Dry","No Unusual Conditions","Daylight","Violation Driver 1","No Controls Present/Factor","Clear","Broadside","Non-Related","Motorcycle","Not Applicable","Not Applicable","North Of",""
"678770","CR-0000087959","0","0","0","0","21-261-0877","False","False","250","9/18/2021 8:00:00 PM","No Pedestrians Involved","Dry","No Unusual Conditions","Dark - Street Light","Violation Driver 1","No Controls Present/Factor","Clear","Sideswipe","Non-Related","Train","Not Applicable","Not Applicable","East Of",""
"678771","CR-0000087960","0","0","0","0","21-258-0163","False","False","0","9/15/2021 6:13:00 AM","No Pedestrians Involved","Dry","No Unusual Conditions","Dusk - Dawn","Violation Driver 1","Controls Functioning","Clear","Broadside","Intersection","Train","Not Applicable","Not Applicable","At",""
"678772","CR-0000087961","0","0","0","0","21-259-0924","False","False","25","9/16/2021 9:55:00 PM","No Pedestrians Involved","Dry","No Unusual Conditions","Daylight","Violation Driver 1","Unknown","Clear","Rear End","Related","Other Vehicle","Not Applicable","Not Applicable","East Of",""
"678773","CR-0000087962","0","0","0","0","21-264-0937","False","False","60","9/21/2021 7:06:00 PM","No Pedestrians Involved","Dry","No Unusual Conditions","Daylight","Violation Driver 1","No Controls Present/Factor","Clear","Hit Object","Non-Related","Fixed Object","Not Applicable","Not Applicable","North Of","Fire hydrant"
"678774","CR-0000087963","0","0","0","0","21-266-0936","False","False","","9/23/2021 8:56:00 PM","No Pedestrians Involved","Dry","No Unusual Conditions","Dark - Street Light","Violation Driver 1","Controls Functioning","Clear","Sideswipe","Related","Other Vehicle","Not Applicable","Not Applicable","West Of",""
"678775","CR-0000087964","0","0","0","0","21-268-0472","False","False","0","9/25/2021 2:39:00 PM","No Pedestrians Involved","Dry","No Unusual Conditions","Daylight","Violation Driver 1","Controls Functioning","Clear","Rear End","Intersection","Parked Vehicle","Not Applicable","Not Applicable","At",""
"678776","CR-0000087965","0","0","0","0","21-271-0123","False","False","176","9/28/2021 8:30:00 AM","No Pedestrians Involved","Dry","Holes Deep Rut","Daylight","Violation Driver 1","No Controls Present/Factor","Clear","Other","Non-Related","Parked Vehicle","Not Applicable","Not Applicable","South Of",""
"678777","CR-0000087966","0","0","0","0","21-268-0885","False","False","","9/25/2021 10:20:00 PM","No Pedestrians Involved","Dry","No Unusual Conditions","Dark - Street Light","Unknown","Controls Functioning","Clear","Hit Object","Related","Fixed Object","Not Applicable","Not Applicable","North Of","Center median"
"678778","CR-0000087967","1","0","0","0","21-272-0883","False","False","0","9/29/2021 9:28:00 PM","No Pedestrians Involved","Dry","No Unusual Conditions","Dark - Street Light","Violation Driver 1","Controls Functioning","Clear","Broadside","Intersection","Other Vehicle","Not Applicable","Not Applicable","At",""
"678779","CR-0000087968","0","0","0","0","21-273-0818","True","False","0","9/30/2021 6:15:00 PM","No Pedestrians Involved","Dry","No Unusual Conditions","Daylight","Violation Driver 1","No Controls Present/Factor","Clear","Broadside","Intersection","Other Vehicle","Not Applicable","Not Applicable","At","Xwalk pole"
"678780","CR-0000087969","3","0","0","0","21-273-0822","False","False","187","9/30/2021 6:20:00 PM","No Pedestrians Involved","Dry","No Unusual Conditions","Daylight","Violation Driver 1","No Controls Present/Factor","Clear","Broadside","Non-Related","Other Vehicle","Not Applicable","Not Applicable","South Of",""
"678781","CR-0000087970","0","0","0","1","21-294-0972","False","False","6038","10/21/2021 10:12:00 PM","No Pedestrians Involved","Dry","No Unusual Conditions","Dark - No Street Light","Unknown","No Controls Present/Factor","Clear","Hit Object","Non-Related","Fixed Object","Not Applicable","Not Applicable","East Of","Rockwall/embankment"
"678782","CR-0000087972","0","0","0","0","21-224-0696","False","False","0","8/12/2021 4:38:00 PM","No Pedestrians Involved","Dry","No Unusual Conditions","Daylight","Violation Driver 1","Controls Functioning","Clear","Broadside","Intersection","Other Vehicle","Not Applicable","Not Applicable","South Of",""
"678783","CR-0000087973","0","1","0","0","21-224-0744","True","False","0","8/12/2021 5:15:00 PM","No Pedestrians Involved","Dry","No Unusual Conditions","Daylight","Violation Driver 1","Controls Functioning","Clear","Hit Object","Intersection","Fixed Object","Not Applicable","Not Applicable","At","StopSign"
"678784","CR-0000087974","2","0","0","0","21-224-0766","False","False","0","8/12/2021 5:45:00 PM","No Pedestrians Involved","Dry","No Unusual Conditions","Daylight","Violation Driver 1","Controls Functioning","Clear","Head On","Intersection","Other Vehicle","Not Applicable","Not Applicable","At",""
"678785","CR-0000087975","0","0","0","0","21-225-0344","False","False","30","8/13/2021 9:00:00 AM","No Pedestrians Involved","Dry","No Unusual Conditions","Daylight","Violation Driver 1","No Controls Present/Factor","Clear","Other","Related","Fixed Object","Not Applicable","Not Applicable","South Of","Curb"
"678786","CR-0000087976","2","1","0","0","21-225-0606","False","False","42","8/13/2021 4:09:00 PM","No Pedestrians Involved","Dry","No Unusual Conditions","Daylight","Violation Driver 1","Controls Functioning","Clear","Head On","Related","Other Vehicle","Not Applicable","Not Applicable","North Of",""
"678787","CR-0000087977","1","3","0","0","21-225-0713","False","False","0","8/13/2021 6:20:00 PM","No Pedestrians Involved","Dry","No Unusual Conditions","Daylight","Violation Driver 1","Controls Functioning","Clear","Broadside","Intersection","Other Vehicle","Not Applicable","Not Applicable","At",""
"678788","CR-0000087978","1","0","0","0","21-225-0850","False","False","0","8/13/2021 8:26:00 PM","No Pedestrians Involved","Dry","No Unusual Conditions","Unknown","Violation Driver 1","Controls Functioning","Clear","Sideswipe","Intersection","Other Vehicle","Not Applicable","Not Applicable","At",""