"CrashFactId","Name","MinorInjuries","ModerateInjuries","SevereInjuries","FatalInjuries","TcrNumber","CityDamageFlag","ShortFormFlag","Distance","CrashDateTime","PedestrianAction","RoadwaySurface","RoadwayCondition","Lighting","PrimaryCollisionFactor","TrafficControl","Weather","CollisionType","ProximityToIntersection","VehicleInvolvedWith","PedestrianDirectionFrom","PedestrianDirectionTo","DirectionFromIntersection","Comment"
"678983","CR-0000088178","2","0","0","0","21-241-0858","False","False","240","8/29/2021 9:31:00 PM","No Pedestrians Involved","Dry","No Unusual Conditions","Dark - Street Light","Violation Driver 1","No Controls Present/Factor","Clear","Rear End","Non-Related","Other Vehicle","Not Applicable","Not Applicable","East Of",""
"678984","CR-0000088179","1","0","0","0","21-241-0895","False","False","0","8/29/2021 10:12:00 PM","No Pedestrians Involved","Dry","No Unusual Conditions","Daylight","Violation Driver 1","Controls Functioning","Clear","Vehicle/Bike","Intersection","Scooter Motorized","Not Applicable","Not Applicable","At","E Scooter/Bike"
"678985","CR-0000088180","0","0","0","0","21-242-0683","False","False","30","8/29/2021 11:00:00 PM","No Pedestrians Involved","Dry","No Unusual Conditions","Dark - Street Light","Violation Driver 1","No Controls Present/Factor","Clear","Rear End","Related","Parked Vehicle","Not Applicable","Not Applicable","South Of",""
"678986","CR-0000088181","2","0","0","0","21-260-0618","False","False","255","9/17/2021 4:18:00 PM","No Pedestrians Involved","Dry","No Unusual Conditions","Daylight","Violation Driver 1","Controls Functioning","Clear","Rear End","Non-Related","Other Vehicle","Not Applicable","Not Applicable","West Of",""
"678987","CR-0000088182","1","0","0","0","21-260-0167","False","False","0","9/17/2021 6:25:00 AM","No Pedestrians Involved","Dry","No Unusual Conditions","Dark - Street Light","Violation Driver 1","Controls Functioning","Cloudy","Head On","Intersection","Other Vehicle","Not Applicable","Not Applicable","At",""
"678988","CR-0000088183","1","0","0","0","21-260-0452","True","False","388","9/17/2021 7:55:00 AM","No Pedestrians Involved","Dry","No Unusual Conditions","Daylight","Violation Driver 1","Controls Functioning","Clear","Hit Object","Non-Related","Fixed Object","Not Applicable","Not Applicable","West Of","Tree"
"678989","CR-0000088184","0","0","0","0","21-260-0252","False","False","0","9/17/2021 8:55:00 AM","No Pedestrians Involved","Dry","No Unusual Conditions","Daylight","Unknown","Controls Functioning","Cloudy","Broadside","Intersection","Other Vehicle","Not Applicable","Not Applicable","At",""
"678990","CR-0000088185","2","0","0","0","21-260-0567","False","False","0","9/17/2021 3:18:00 PM","No Pedestrians Involved","Dry","No Unusual Conditions","Daylight","Violation Driver 1","No Controls Present/Factor","Clear","Sideswipe","Intersection","Other Vehicle","Not Applicable","Not Applicable","At",""
"678991","CR-0000088186","0","0","0","0","21-260-0981","False","False","51","9/17/2021 10:33:00 PM","No Pedestrians Involved","Dry","Unknown","Dark - Street Light","Violation Driver 1","Controls Functioning","Clear","Head On","Non-Related","Parked Vehicle","Not Applicable","Not Applicable","South Of",""
"678992","CR-0000088187","0","0","0","0","21-260-1062","False","False","","9/17/2021 11:49:00 PM","No Pedestrians Involved","Dry","No Unusual Conditions","Dark - Street Light","Violation Driver 1","Controls Functioning","Clear","Sideswipe","Non-Related","Other Vehicle","Not Applicable","Not Applicable","Unknown",""
"678993","CR-0000088188","0","0","0","0","21-261-4000","False","True","0","9/17/2021 6:00:00 PM","No Pedestrians Involved","Unknown","Unknown","Unknown","Unknown","Unknown","Unknown","Sideswipe","Intersection","Other Vehicle","Not Applicable","Not Applicable","At",""
"678994","CR-0000088189","0","0","0","0","21-261-4001","False","True","51","9/17/2021 10:35:00 PM","No Pedestrians Involved","Unknown","Unknown","Unknown","Unknown","Unknown","Unknown","Other","Non-Related","Other Vehicle","Not Applicable","Not Applicable","South Of",""
"678995","CR-0000088190","0","0","0","0","21-261-4002","False","True","51","9/17/2021 7:15:00 PM","No Pedestrians Involved","Unknown","Unknown","Unknown","Unknown","Unknown","Unknown","Sideswipe","Non-Related","Other Vehicle","Not Applicable","Not Applicable","North Of",""
"678996","CR-0000088191","0","0","0","0","21-261-4003","False","True","0","9/17/2021 1:40:00 PM","No Pedestrians Involved","Unknown","Unknown","Unknown","Unknown","Unknown","Unknown","Vehicle/Bike","Intersection","Bike","Not Applicable","Not Applicable","At",""
"678997","CR-0000088192","1","0","0","0","21-260-0080","False","False","38","9/17/2021 2:06:00 AM","No Pedestrians Involved","Dry","No Unusual Conditions","Dark - Street Light","Violation Driver 1","No Controls Present/Factor","Clear","Rear End","Related","Parked Vehicle","Not Applicable","Not Applicable","North Of",""
"678998","CR-0000088193","0","1","0","0","21-260-0432","False","False","51","9/17/2021 12:35:00 PM","No Pedestrians Involved","Dry","No Unusual Conditions","Daylight","Bike At Fault","No Controls Present/Factor","Clear","Vehicle/Bike","Non-Related","Bike","Not Applicable","Not Applicable","South Of","Bike"
"678999","CR-0000088194","1","1","0","0","21-260-0440","False","False","194","9/17/2021 12:44:00 PM","No Pedestrians Involved","Dry","No Unusual Conditions","Daylight","Violation Driver 1","No Controls Present/Factor","Clear","Broadside","Non-Related","Other Vehicle","Not Applicable","Not Applicable","North Of",""
"679000","CR-0000088195","1","0","0","0","21-260-0451","False","False","0","9/17/2021 12:58:00 PM","No Pedestrians Involved","Dry","No Unusual Conditions","Daylight","Unknown","Controls Functioning","Clear","Broadside","Intersection","Other Vehicle","Not Applicable","Not Applicable","At",""
"679001","CR-0000088196","0","0","0","0","21-260-0776","False","False","","9/17/2021 4:15:00 PM","No Pedestrians Involved","Dry","Other","Daylight","Violation Driver 1","Controls Functioning","Clear","Broadside","Non-Related","Other Vehicle","Not Applicable","Not Applicable","South Of",""
"679002","CR-0000088197","0","0","0","0","21-260-0717","False","False","0","9/17/2021 6:00:00 PM","No Pedestrians Involved","Dry","No Unusual Conditions","Daylight","Violation Driver 1","Controls Functioning","Clear","Sideswipe","Intersection","Other Vehicle","Not Applicable","Not Applicable","At",""
"679003","CR-0000088198","1","0","0","0","21-256-0921","False","False","0","9/13/2021 6:54:00 PM","No Pedestrians Involved","Dry","No Unusual Conditions","Daylight","Violation Driver 1","Controls Functioning","Clear","Sideswipe","Intersection","Other Vehicle","Not Applicable","Not Applicable","At",""
"679004","CR-0000088199","1","0","0","0","21-256-0978","False","False","39","9/13/2021 7:43:00 PM","No Pedestrians Involved","Unknown","No Unusual Conditions","Dark - Street Light","Violation Driver 1","No Controls Present/Factor","Clear","Vehicle/Pedestrian","Related","Pedestrian","Not Applicable","Not Applicable","North Of","Ped"
"679005","CR-0000088200","0","0","0","0","21-256-0017","False","False","48","9/13/2021 12:26:00 AM","No Pedestrians Involved","Dry","No Unusual Conditions","Dark - Street Light","Violation Driver 1","No Controls Present/Factor","Clear","Sideswipe","Related","Parked Vehicle","Not Applicable","Not Applicable","North Of",""
"679006","CR-0000088201","0","0","0","0","21-256-0516","False","False","200","9/13/2021 1:37:00 AM","No Pedestrians Involved","Dry","No Unusual Conditions","Dark - Street Light","Violation Driver 1","No Controls Present/Factor","Clear","Rear End","Non-Related","Parked Vehicle","Not Applicable","Not Applicable","South Of",""
"679007","CR-0000088202","0","2","0","0","21-256-0070","True","False","82","9/13/2021 1:45:00 AM","No Pedestrians Involved","Dry","No Unusual Conditions","Dark - Street Light","Violation Driver 1","Controls Functioning","Clear","Hit Object","Non-Related","Fixed Object","Not Applicable","Not Applicable","West Of","Tree"
"679008","CR-0000088203","0","0","0","0","21-256-0124","False","False","46","9/13/2021 3:39:00 AM","No Pedestrians Involved","Dry","No Unusual Conditions","Dark - Street Light","Violation Driver 1","No Controls Present/Factor","Clear","Sideswipe","Related","Parked Vehicle","Not Applicable","Not Applicable","South Of",""
"679009","CR-0000088204","0","0","0","0","21-256-0143","False","False","250","9/13/2021 4:42:00 AM","No Pedestrians Involved","Unknown","No Unusual Conditions","Dark - Street Light","Violation Driver 1","No Controls Present/Factor","Clear","Head On","Non-Related","Other Vehicle","Not Applicable","Not Applicable","North Of",""
"679010","CR-0000088205","0","0","0","0","21-256-0498","False","False","","9/13/2021 11:54:00 AM","No Pedestrians Involved","Dry","No Unusual Conditions","Daylight","Violation Driver 1","Controls Functioning","Clear","Rear End","Non-Related","Other Vehicle","Not Applicable","Not Applicable","North Of",""
"679011","CR-0000088206","1","0","0","0","21-256-0697","False","False","","9/13/2021 3:06:00 PM","No Pedestrians Involved","Dry","No Unusual Conditions","Daylight","Violation Driver 1","Controls Functioning","Clear","Rear End","Non-Related","Other Vehicle","Not Applicable","Not Applicable","North Of",""
"679012","CR-0000088207","0","0","0","0","21-256-0757","False","False","0","9/13/2021 4:21:00 PM","No Pedestrians Involved","Dry","No Unusual Conditions","Daylight","Violation Driver 1","No Controls Present/Factor","Clear","Broadside","Intersection","Other Vehicle","Not Applicable","Not Applicable","At",""
"679013","CR-0000088208","0","0","0","0","21-256-0843","False","False","56","9/13/2021 5:53:00 PM","No Pedestrians Involved","Dry","No Unusual Conditions","Daylight","Violation Driver 1","Controls Functioning","Clear","Sideswipe","Non-Related","Parked Vehicle","Not Applicable","Not Applicable","East Of",""
"679014","CR-0000088209","0","0","0","0","21-256-1027","False","False","530","9/13/2021 8:45:00 PM","No Pedestrians Involved","Dry","No Unusual Conditions","Dark - No Street Light","Violation Driver 1","No Controls Present/Factor","Clear","Rear End","Non-Related","Parked Vehicle","Not Applicable","Not Applicable","North Of",""
"679015","CR-0000088210","0","0","0","0","21-256-1050","False","False","0","9/13/2021 10:08:00 PM","No Pedestrians Involved","Dry","No Unusual Conditions","Dark - Street Light","Violation Driver 1","No Controls Present/Factor","Clear","Sideswipe","Intersection","Other Vehicle","Not Applicable","Not Applicable","At",""
"679016","CR-0000088211","0","0","0","0","21-256-0779","True","False","125","9/13/2021 11:58:00 PM","No Pedestrians Involved","Dry","No Unusual Conditions","Daylight","Violation Driver 1","Controls Functioning","Clear","Head On","Non-Related","Fixed Object","Not Applicable","Not Applicable","South Of","Electric Box Street Sign"
"679017","CR-0000088212","0","0","0","0","21-257-0383","True","False","155","9/14/2021 10:07:00 AM","No Pedestrians Involved","Dry","No Unusual Conditions","Daylight","Violation Driver 1","No Controls Present/Factor","Clear","Hit Object","Non-Related","Fixed Object","Not Applicable","Not Applicable","South Of","signs"
"679018","CR-0000088213","0","0","0","0","21-258-0471","False","False","347","9/14/2021 2:30:00 PM","No Pedestrians Involved","Dry","No Unusual Conditions","Daylight","Violation Driver 1","No Controls Present/Factor","Clear","Other","Non-Related","Parked Vehicle","Not Applicable","Not Applicable","South Of",""
"679019","CR-0000088214","1","0","0","0","21-257-0529","False","False","0","9/14/2021 6:40:00 AM","No Pedestrians Involved","Dry","No Unusual Conditions","Daylight","Violation Driver 1","No Controls Present/Factor","Clear","Vehicle/Bike","Intersection","Bike","Not Applicable","Not Applicable","At","Electric Scooter Bike"
"679020","CR-0000088215","1","0","0","0","21-257-0297","False","False","0","9/14/2021 8:46:00 AM","No Pedestrians Involved","Dry","No Unusual Conditions","Daylight","Violation Driver 1","No Controls Present/Factor","Clear","Vehicle/Bike","Intersection","Bike","Not Applicable","Not Applicable","At","Bike"
"679021","CR-0000088216","2","0","0","0","21-257-0433","False","False","0","9/14/2021 11:04:00 AM","No Pedestrians Involved","Dry","No Unusual Conditions","Daylight","Violation Driver 1","Controls Functioning","Clear","Broadside","Intersection","Other Vehicle","Not Applicable","Not Applicable","At",""
"679022","CR-0000088217","2","0","0","0","21-257-0511","False","False","72","9/14/2021 12:26:00 PM","No Pedestrians Involved","Dry","No Unusual Conditions","Daylight","Violation Driver 1","Controls Functioning","Clear","Broadside","Non-Related","Other Vehicle","Not Applicable","Not Applicable","North Of",""
"679023","CR-0000088218","1","0","0","0","21-257-0803","True","False","0","9/14/2021 5:04:00 PM","No Pedestrians Involved","Dry","No Unusual Conditions","Daylight","Violation Driver 1","Controls Functioning","Clear","Broadside","Intersection","Other Vehicle","Not Applicable","Not Applicable","At","Light Pole"
"679024","CR-0000088219","1","0","0","0","21-257-0970","False","False","200","9/14/2021 8:01:00 PM","Not In Road","Dry","No Unusual Conditions","Dark - Street Light","Pedestrian At Fault","Unknown","Clear","Vehicle/Pedestrian","Non-Related","Skateboard","East","East","North Of","SkateBoard"
"679025","CR-0000088220","3","0","0","0","21-267-9801","False","False","1760","9/13/2021 2:40:00 PM","No Pedestrians Involved","Dry","No Unusual Conditions","Daylight","Violation Driver 1","No Controls Present/Factor","Clear","Broadside","Non-Related","Other Vehicle","Not Applicable","Not Applicable","West Of",""
"679026","CR-0000088221","1","0","0","0","21-256-0762","False","False","0","9/13/2021 4:28:00 PM","No Pedestrians Involved","Unknown","Unknown","Unknown","Violation Driver 1","Unknown","Unknown","Rear End","Intersection","Other Vehicle","Not Applicable","Not Applicable","At",""
"679027","CR-0000088222","1","0","0","0","21-256-0844","False","False","40","9/13/2021 6:18:00 PM","No Pedestrians Involved","Dry","No Unusual Conditions","Daylight","Violation Driver 1","Unknown","Clear","Sideswipe","Related","Other Vehicle","Not Applicable","Not Applicable","East Of",""
"679028","CR-0000088223","0","0","0","0","21-254-0119","False","False","30","9/11/2021 3:27:00 AM","No Pedestrians Involved","Dry","No Unusual Conditions","Dark - Street Light","Violation Driver 1","Controls Functioning","Clear","Sideswipe","Related","Other Vehicle","Not Applicable","Not Applicable","North Of",""
"679029","CR-0000088224","0","1","0","0","21-254-0192","False","False","87","9/11/2021 7:27:00 AM","No Pedestrians Involved","Dry","No Unusual Conditions","Daylight","Violation Driver 1","No Controls Present/Factor","Clear","Sideswipe","Non-Related","Parked Vehicle","Not Applicable","Not Applicable","West Of",""
"679030","CR-0000088225","1","1","0","0","21-254-0229","False","False","0","9/11/2021 8:59:00 AM","No Pedestrians Involved","Dry","No Unusual Conditions","Daylight","Violation Driver 1","Controls Functioning","Clear","Broadside","Intersection","Other Vehicle","Not Applicable","Not Applicable","At",""
"679031","CR-0000088226","1","0","0","0","21-254-0512","False","False","0","9/11/2021 3:37:00 PM","No Pedestrians Involved","Dry","No Unusual Conditions","Daylight","Violation Driver 1","No Controls Present/Factor","Clear","Head On","Intersection","Parked Vehicle","Not Applicable","Not Applicable","At",""
"679032","CR-0000088227","0","0","1","0","21-254-0676","False","False","93","9/11/2021 6:31:00 PM","No Pedestrians Involved","Dry","No Unusual Conditions","Daylight","Violation Driver 1","No Controls Present/Factor","Clear","Broadside","Non-Related","Other Vehicle","Not Applicable","Not Applicable","East Of",""
"679033","CR-0000088228","0","1","0","0","21-254-0984","True","False","240","9/11/2021 7:37:00 PM","No Pedestrians Involved","Dry","No Unusual Conditions","Daylight","Violation Driver 1","No Controls Present/Factor","Clear","Hit Object","Non-Related","Fixed Object","Not Applicable","Not Applicable","South Of","Tree"
"679034","CR-0000088229","0","0","0","0","21-255-0673","False","False","80","9/12/2021 5:36:00 PM","No Pedestrians Involved","Dry","No Unusual Conditions","Daylight","Violation Driver 1","No Controls Present/Factor","Clear","Head On","Non-Related","Parked Vehicle","Not Applicable","Not Applicable","East Of","PD"
"679035","CR-0000088230","2","0","0","0","21-255-0442","False","False","1276","9/12/2021 12:22:00 PM","No Pedestrians Involved","Dry","No Unusual Conditions","Daylight","Violation Driver 1","No Controls Present/Factor","Clear","Broadside","Non-Related","Other Vehicle","Not Applicable","Not Applicable","South Of",""
"679036","CR-0000088231","1","0","0","0","21-255-0564","False","False","0","9/12/2021 3:34:00 PM","No Pedestrians Involved","Dry","No Unusual Conditions","Daylight","Violation Driver 1","Controls Functioning","Clear","Broadside","Intersection","Other Vehicle","Not Applicable","Not Applicable","At",""
"679037","CR-0000088232","0","0","0","0","21-255-0604","False","False","170","9/12/2021 3:57:00 PM","No Pedestrians Involved","Dry","No Unusual Conditions","Daylight","Violation Driver 1","Controls Functioning","Clear","Sideswipe","Non-Related","Other Vehicle","Not Applicable","Not Applicable","East Of",""
"679038","CR-0000088233","0","0","0","0","21-255-0774","False","False","39","9/12/2021 8:00:00 PM","No Pedestrians Involved","Dry","No Unusual Conditions","Daylight","Violation Driver 1","Controls Functioning","Clear","Rear End","Related","Parked Vehicle","Not Applicable","Not Applicable","South Of",""
"679039","CR-0000088234","0","1","0","0","21-254-0597","False","False","45","9/11/2021 5:28:00 PM","In Road - Includes Shoulder","Dry","No Unusual Conditions","Daylight","Violation Driver 1","Controls Functioning","Cloudy","Vehicle/Bike","Related","Bike","East","East","East Of","Bike"
"679040","CR-0000088235","0","0","0","0","21-254-0768","False","False","330","9/11/2021 8:09:00 PM","No Pedestrians Involved","Dry","No Unusual Conditions","Dark - Street Light","Violation Driver 1","No Controls Present/Factor","Clear","Rear End","Non-Related","Other Vehicle","Not Applicable","Not Applicable","West Of","Sheriffs Office Vehicle"
"679041","CR-0000088236","0","1","0","0","21-254-0787","False","False","0","9/11/2021 8:23:00 PM","In Road - Includes Shoulder","Dry","No Unusual Conditions","Dusk - Dawn","Pedestrian At Fault","No Controls Present/Factor","Clear","Head On","Intersection","Pedestrian","Not Applicable","Not Applicable","At","Ped"
"679042","CR-0000088237","0","1","0","0","21-259-0112","False","False","40","9/16/2021 5:01:00 AM","No Pedestrians Involved","Dry","No Unusual Conditions","Dark - Street Light","Violation Driver 1","Controls Functioning","Clear","Broadside","Related","Other Vehicle","Not Applicable","Not Applicable","West Of",""
"679043","CR-0000088238","1","0","0","0","21-259-0197","False","False","65","9/16/2021 11:12:00 AM","No Pedestrians Involved","Dry","No Unusual Conditions","Daylight","Violation Driver 1","No Controls Present/Factor","Clear","Rear End","Non-Related","Other Vehicle","Not Applicable","Not Applicable","North Of",""
"679044","CR-0000088284","1","0","0","0","21-266-0477","False","False","0","9/23/2021 12:21:00 PM","No Pedestrians Involved","Dry","No Unusual Conditions","Daylight","Violation Driver 1","Controls Functioning","Clear","Vehicle/Bike","Intersection","Bike","Not Applicable","Not Applicable","At","Bike"
"679045","CR-0000088247","1","0","0","0","21-258-0782","False","False","90","9/15/2021 6:17:00 PM","No Pedestrians Involved","Dry","No Unusual Conditions","Daylight","Violation Driver 1","Unknown","Clear","Rear End","Non-Related","Other Vehicle","Not Applicable","Not Applicable","East Of",""
"679046","CR-0000088278","0","0","0","0","21-264-9707","False","True","51","9/16/2021 1:00:00 PM","No Pedestrians Involved","Dry","No Unusual Conditions","Daylight","Unknown","No Controls Present/Factor","Clear","Other","Non-Related","Other Vehicle","Not Applicable","Not Applicable","North Of",""
"679047","CR-0000088268","0","0","2","0","21-232-0924","True","False","190","8/20/2021 9:55:00 PM","No Pedestrians Involved","Dry","No Unusual Conditions","Dark - Street Light","Violation Driver 1","No Controls Present/Factor","Clear","Hit Object","Non-Related","Fixed Object","Not Applicable","Not Applicable","North Of","Light pole Tree"
"679048","CR-0000088258","0","0","0","0","21-233-9706","False","True","0","8/20/2021 4:00:00 PM","No Pedestrians Involved","Dry","No Unusual Conditions","Daylight","Unknown","Controls Functioning","Clear","Rear End","Intersection","Other Vehicle","Not Applicable","Not Applicable","At",""
"679049","CR-0000088285","1","0","0","0","21-266-0509","False","False","250","9/23/2021 12:57:00 PM","No Pedestrians Involved","Dry","No Unusual Conditions","Daylight","Violation Driver 1","No Controls Present/Factor","Clear","Rear End","Driveway","Parked Vehicle","Not Applicable","Not Applicable","West Of",""
"679050","CR-0000088264","2","0","0","0","21-232-0556","False","False","90","8/20/2021 3:41:00 PM","No Pedestrians Involved","Dry","No Unusual Conditions","Daylight","Violation Driver 1","No Controls Present/Factor","Clear","Rear End","Non-Related","Other Vehicle","Not Applicable","Not Applicable","North Of",""
"679051","CR-0000088274","0","0","0","0","21-259-9704","False","False","0","9/15/2021 1:45:00 PM","No Pedestrians Involved","Dry","No Unusual Conditions","Daylight","Violation Driver 1","Controls Functioning","Clear","Sideswipe","Intersection","Other Vehicle","Not Applicable","Not Applicable","At",""
"679052","CR-0000088243","0","0","0","0","21-258-0347","False","False","475","9/15/2021 10:24:00 AM","No Pedestrians Involved","Dry","No Unusual Conditions","Daylight","Violation Driver 1","No Controls Present/Factor","Clear","Broadside","Non-Related","Parked Vehicle","Not Applicable","Not Applicable","West Of",""
"679053","CR-0000088259","0","0","0","0","21-232-0973","False","False","50","8/20/2021 10:48:00 PM","No Pedestrians Involved","Dry","No Unusual Conditions","Dark - Street Light","Violation Driver 1","Controls Functioning","Clear","Sideswipe","Related","Other Vehicle","Not Applicable","Not Applicable","South Of",""
"679054","CR-0000088267","3","0","0","0","21-232-0895","False","False","0","8/20/2021 9:16:00 PM","No Pedestrians Involved","Dry","No Unusual Conditions","Dark - Street Light","Violation Driver 1","Controls Functioning","Clear","Rear End","Intersection","Other Vehicle","Not Applicable","Not Applicable","At",""
"679055","CR-0000088277","0","0","0","0","21-260-9703","False","True","0","9/16/2021 12:40:00 PM","No Pedestrians Involved","Dry","No Unusual Conditions","Daylight","Unknown","Controls Functioning","Clear","Sideswipe","Intersection","Other Vehicle","Not Applicable","Not Applicable","At",""
"679056","CR-0000088257","1","0","0","0","21-264-0182","False","False","0","9/21/2021 6:17:00 AM","No Pedestrians Involved","Dry","No Unusual Conditions","Dusk - Dawn","Violation Driver 1","Controls Functioning","Clear","Broadside","Intersection","Other Vehicle","Not Applicable","Not Applicable","At",""
"679057","CR-0000088240","0","1","0","0","21-259-0639","False","False","26","9/16/2021 4:10:00 PM","Crossing In Crosswalk - At Intersection","Dry","No Unusual Conditions","Daylight","Violation Driver 1","Controls Functioning","Clear","Vehicle/Pedestrian","Related","Pedestrian","West","West","North Of","PED"
"679058","CR-0000088279","0","0","0","0","21-264-9708","False","True","300","9/16/2021 4:58:00 PM","No Pedestrians Involved","Dry","No Unusual Conditions","Daylight","Unknown","Controls Functioning","Clear","Broadside","Non-Related","Other Vehicle","Not Applicable","Not Applicable","East Of",""
"679059","CR-0000088269","0","0","0","0","21-232-9701","False","True","","8/20/2021 7:50:00 AM","No Pedestrians Involved","Dry","No Unusual Conditions","Daylight","Unknown","No Controls Present/Factor","Clear","Sideswipe","Non-Related","Parked Vehicle","Not Applicable","Not Applicable","Unknown",""
"679060","CR-0000088263","0","1","0","0","21-232-0529","False","False","60","8/20/2021 3:22:00 PM","No Pedestrians Involved","Dry","No Unusual Conditions","Daylight","Violation Driver 1","No Controls Present/Factor","Clear","Sideswipe","Non-Related","Other Vehicle","Not Applicable","Not Applicable","West Of",""
"679061","CR-0000088273","0","0","0","0","21-256-4006","False","True","0","9/13/2021 2:20:00 PM","No Pedestrians Involved","Unknown","Unknown","Unknown","Unknown","Unknown","Unknown","Sideswipe","Intersection","Other Vehicle","Not Applicable","Not Applicable","At",""
"679062","CR-0000088253","1","0","0","0","21-259-0157","False","False","0","9/16/2021 7:34:00 AM","No Pedestrians Involved","Unknown","No Unusual Conditions","Daylight","Violation Driver 1","Controls Functioning","Clear","Broadside","Intersection","Other Vehicle","Not Applicable","Not Applicable","At",""
"679063","CR-0000088261","0","0","0","0","21-232-0273","True","False","0","8/20/2021 10:30:00 AM","No Pedestrians Involved","Dry","No Unusual Conditions","Daylight","Violation Driver 1","Controls Functioning","Clear","Sideswipe","Intersection","Motor Vehicle On Other Roadway","Not Applicable","Not Applicable","At","City Vehicle"
"679064","CR-0000088271","0","0","0","0","21-257-4004","False","True","","9/14/2021 11:30:00 AM","No Pedestrians Involved","Unknown","Unknown","Unknown","Unknown","Unknown","Unknown","Broadside","Non-Related","Other Vehicle","Not Applicable","Not Applicable","Unknown",""
"679065","CR-0000088251","0","0","0","0","21-259-0175","False","False","1332","9/16/2021 7:57:00 AM","No Pedestrians Involved","Dry","No Unusual Conditions","Daylight","Violation Driver 1","Controls Functioning","Clear","Sideswipe","Non-Related","Other Vehicle","Not Applicable","Not Applicable","East Of",""
"679066","CR-0000088242","0","0","0","0","21-259-0714","False","False","43","9/16/2021 5:29:00 PM","No Pedestrians Involved","Dry","No Unusual Conditions","Daylight","Violation Driver 1","Controls Functioning","Clear","Rear End","Related","Other Vehicle","Not Applicable","Not Applicable","East Of","Emergency Vehicle SO"
"679067","CR-0000088246","0","0","0","0","21-258-0239","True","False","0","9/15/2021 8:32:00 AM","No Pedestrians Involved","Dry","No Unusual Conditions","Daylight","Violation Driver 1","No Controls Present/Factor","Clear","Other","Intersection","Fixed Object","Not Applicable","Not Applicable","At","Curb"
"679068","CR-0000088283","2","0","0","0","21-266-0390","True","False","148","9/23/2021 10:48:00 AM","No Pedestrians Involved","Dry","No Unusual Conditions","Daylight","Violation Driver 1","Controls Functioning","Clear","Sideswipe","Non-Related","Other Vehicle","Not Applicable","Not Applicable","East Of","TREE"
"679069","CR-0000088245","0","0","0","0","21-258-0094","True","False","0","9/15/2021 2:39:00 AM","No Pedestrians Involved","Dry","No Unusual Conditions","Dark - Street Light","Violation Driver 1","No Controls Present/Factor","Clear","Hit Object","Intersection","Fixed Object","Not Applicable","Not Applicable","At","Curb/Tree"
"679070","CR-0000088249","1","0","2","0","21-258-0339","False","False","0","9/15/2021 10:15:00 AM","No Pedestrians Involved","Dry","No Unusual Conditions","Daylight","Violation Driver 1","Controls Functioning","Clear","Head On","Intersection","Other Vehicle","Not Applicable","Not Applicable","At",""
"679071","CR-0000088260","0","0","0","0","21-232-0905","False","False","540","8/20/2021 9:30:00 PM","No Pedestrians Involved","Dry","No Unusual Conditions","Dark - Street Light","Violation Driver 1","Controls Functioning","Clear","Overturned","Non-Related","Fixed Object","Not Applicable","Not Applicable","North Of","Curb"
"679072","CR-0000088241","0","1","0","0","21-259-0693","False","False","183","9/16/2021 5:01:00 PM","No Pedestrians Involved","Dry","No Unusual Conditions","Daylight","Violation Driver 1","Controls Functioning","Clear","Rear End","Non-Related","Other Vehicle","Not Applicable","Not Applicable","South Of",""
"679073","CR-0000088270","0","0","0","0","21-256-9707","False","True","0","9/12/2021 7:30:00 PM","No Pedestrians Involved","Dry","No Unusual Conditions","Daylight","Unknown","No Controls Present/Factor","Clear","Sideswipe","Intersection","Other Vehicle","Not Applicable","Not Applicable","At",""
"679074","CR-0000088250","1","0","0","0","21-258-0853","False","False","48","9/15/2021 7:35:00 PM","Crossing In Crosswalk - At Intersection","Dry","No Unusual Conditions","Dusk - Dawn","Violation Driver 1","Controls Functioning","Clear","Other","Related","Pedestrian","South","South","West Of","Ped"
"679075","CR-0000088256","0","0","0","0","21-232-0141","False","False","290","8/20/2021 7:13:00 AM","No Pedestrians Involved","Dry","No Unusual Conditions","Daylight","Unknown","No Controls Present/Factor","Clear","Head On","Non-Related","Other Vehicle","Not Applicable","Not Applicable","West Of",""
"679076","CR-0000088272","0","0","0","0","21-257-4003","False","True","","9/14/2021 2:20:00 PM","No Pedestrians Involved","Unknown","Unknown","Unknown","Unknown","Unknown","Clear","Rear End","Non-Related","Other Vehicle","Not Applicable","Not Applicable","West Of",""
"679077","CR-0000088262","0","0","0","0","21-232-0539","False","False","51","8/20/2021 3:13:00 PM","No Pedestrians Involved","Dry","No Unusual Conditions","Daylight","Violation Driver 1","Controls Functioning","Clear","Rear End","Non-Related","Other Vehicle","Not Applicable","Not Applicable","West Of",""
"679078","CR-0000088254","3","1","0","0","21-257-1046","False","False","23","9/14/2021 10:03:00 PM","No Pedestrians Involved","Dry","No Unusual Conditions","Dark - Street Light","Violation Driver 1","Controls Functioning","Clear","Broadside","Related","Other Vehicle","Not Applicable","Not Applicable","South Of",""
"679079","CR-0000088252","0","0","0","0","21-259-0042","True","False","60","9/16/2021 1:12:00 AM","No Pedestrians Involved","Dry","No Unusual Conditions","Unknown","Unknown","Controls Functioning","Clear","Hit Object","Non-Related","Fixed Object","Not Applicable","Not Applicable","North Of","Tree"
"679080","CR-0000088266","0","0","0","0","21-232-0667","False","False","40","8/20/2021 7:00:00 PM","No Pedestrians Involved","Dry","No Unusual Conditions","Daylight","Violation Driver 1","No Controls Present/Factor","Clear","Rear End","Related","Parked Vehicle","Not Applicable","Not Applicable","West Of",""