"CrashFactId","Name","MinorInjuries","ModerateInjuries","SevereInjuries","FatalInjuries","TcrNumber","CityDamageFlag","ShortFormFlag","Distance","CrashDateTime","PedestrianAction","RoadwaySurface","RoadwayCondition","Lighting","PrimaryCollisionFactor","TrafficControl","Weather","CollisionType","ProximityToIntersection","VehicleInvolvedWith","PedestrianDirectionFrom","PedestrianDirectionTo","DirectionFromIntersection","Comment"
"679178","CR-0000088375","0","0","0","0","21-277-4004","False","True","51","10/3/2021 9:00:00 PM","No Pedestrians Involved","Unknown","Unknown","Unknown","Unknown","Unknown","Unknown","Other","Non-Related","Parked Vehicle","Not Applicable","Not Applicable","East Of",""
"679179","CR-0000088376","0","1","0","0","21-277-0811","False","False","36","10/4/2021 5:32:00 PM","No Pedestrians Involved","Dry","No Unusual Conditions","Daylight","Bike At Fault","No Controls Present/Factor","Clear","Vehicle/Bike","Related","Bike","Not Applicable","Not Applicable","North Of",""
"679180","CR-0000088377","2","0","0","0","21-277-0199","False","False","237","10/4/2021 8:03:00 AM","No Pedestrians Involved","Dry","No Unusual Conditions","Daylight","Violation Driver 1","No Controls Present/Factor","Cloudy","Rear End","Non-Related","Other Vehicle","Not Applicable","Not Applicable","East Of",""
"679181","CR-0000088378","3","0","0","0","21-277-0517","False","False","182","10/4/2021 12:42:00 PM","No Pedestrians Involved","Dry","No Unusual Conditions","Daylight","Violation Driver 1","Controls Functioning","Clear","Rear End","Non-Related","Other Vehicle","Not Applicable","Not Applicable","South Of",""
"679182","CR-0000088379","3","0","0","0","21-277-0663","False","False","60","10/4/2021 3:05:00 PM","No Pedestrians Involved","Dry","Holes Deep Rut","Daylight","Violation Driver 1","No Controls Present/Factor","Clear","Rear End","Non-Related","Other Vehicle","Not Applicable","Not Applicable","West Of",""
"679183","CR-0000088380","0","0","0","1","21-312-0152","True","False","190","11/8/2021 6:20:00 AM","No Pedestrians Involved","Dry","No Unusual Conditions","Dusk - Dawn","Violation Driver 1","Controls Functioning","Clear","Hit Object","Non-Related","Other Object","Not Applicable","Not Applicable","West Of","Rocks, tree"
"679184","CR-0000088382","0","0","1","0","21-277-0922","False","False","0","10/4/2021 7:28:00 PM","No Pedestrians Involved","Dry","No Unusual Conditions","Dark - Street Light","Violation Driver 1","Controls Functioning","Clear","Broadside","Intersection","Motorcycle","Not Applicable","Not Applicable","At",""
"679185","CR-0000088383","3","0","0","0","21-277-0994","False","False","0","10/4/2021 8:56:00 PM","No Pedestrians Involved","Dry","No Unusual Conditions","Dark - Street Light","Violation Driver 1","Controls Functioning","Clear","Head On","Intersection","Other Vehicle","Not Applicable","Not Applicable","At",""
"679186","CR-0000088384","0","0","0","0","21-277-0084","False","False","16","10/4/2021 1:48:00 AM","No Pedestrians Involved","Dry","Other","Dark - Street Light","Violation Driver 1","Controls Functioning","Clear","Broadside","Related","Parked Vehicle","Not Applicable","Not Applicable","North Of",""
"679187","CR-0000088385","0","0","0","0","21-277-0328","False","False","51","10/4/2021 9:30:00 AM","No Pedestrians Involved","Dry","No Unusual Conditions","Daylight","Violation Driver 1","No Controls Present/Factor","Clear","Rear End","Non-Related","Other Vehicle","Not Applicable","Not Applicable","South Of",""
"679188","CR-0000088386","0","0","0","0","21-277-0730","False","False","25","10/4/2021 4:18:00 PM","No Pedestrians Involved","Dry","No Unusual Conditions","Daylight","Violation Driver 1","Controls Functioning","Clear","Sideswipe","Related","Other Vehicle","Not Applicable","Not Applicable","East Of",""
"679189","CR-0000088387","0","0","3","0","21-277-0028","True","False","694","10/4/2021 12:22:00 AM","No Pedestrians Involved","Dry","No Unusual Conditions","Dark - Street Light","Violation Driver 1","No Controls Present/Factor","Clear","Rear End","Non-Related","Other Vehicle","Not Applicable","Not Applicable","North Of","Tree"
"679190","CR-0000088388","0","0","0","0","21-276-0136","False","False","44","10/3/2021 2:33:00 AM","No Pedestrians Involved","Dry","No Unusual Conditions","Dark - Street Light","Violation Driver 1","No Controls Present/Factor","Clear","Sideswipe","Related","Parked Vehicle","Not Applicable","Not Applicable","East Of",""
"679191","CR-0000088389","0","0","0","0","21-277-0216","False","False","69","10/4/2021 8:04:00 AM","No Pedestrians Involved","Dry","No Unusual Conditions","Daylight","Violation Driver 1","No Controls Present/Factor","Clear","Sideswipe","Non-Related","Other Vehicle","Not Applicable","Not Applicable","South Of",""
"679192","CR-0000088390","0","0","0","0","21-277-4005","False","True","51","10/4/2021 12:35:00 PM","No Pedestrians Involved","Unknown","Unknown","Daylight","Unknown","Unknown","Unknown","Hit Object","Non-Related","Parked Vehicle","Not Applicable","Not Applicable","South Of","Tree trimming resulted in branches falling on the car and damaging it"
"679193","CR-0000088391","0","0","0","0","21-278-4000","False","True","51","10/4/2021 10:25:00 AM","No Pedestrians Involved","Unknown","Unknown","Daylight","Unknown","Unknown","Unknown","Sideswipe","Non-Related","Parked Vehicle","Not Applicable","Not Applicable","South Of",""
"679194","CR-0000088392","1","0","0","0","21-278-0171","False","False","102","10/5/2021 6:59:00 AM","No Pedestrians Involved","Dry","No Unusual Conditions","Daylight","Other Improper Driving","No Controls Present/Factor","Clear","Vehicle/Bike","Non-Related","Bike","Not Applicable","Not Applicable","North Of",""
"679195","CR-0000088393","1","0","0","0","21-278-0211","False","False","50","10/5/2021 8:11:00 AM","No Pedestrians Involved","Dry","No Unusual Conditions","Daylight","Violation Driver 1","Controls Functioning","Clear","Rear End","Related","Other Vehicle","Not Applicable","Not Applicable","East Of",""
"679196","CR-0000088394","2","0","0","0","21-278-0907","False","False","0","10/5/2021 7:00:00 PM","No Pedestrians Involved","Dry","No Unusual Conditions","Dark - Street Light","Violation Driver 1","No Controls Present/Factor","Clear","Head On","Intersection","Other Vehicle","Not Applicable","Not Applicable","At",""
"679197","CR-0000088395","0","0","1","0","21-279-0234","False","False","69","10/6/2021 8:16:00 AM","Crossing - Not In Crosswalk","Dry","No Unusual Conditions","Daylight","Pedestrian At Fault","Controls Functioning","Clear","Vehicle/Pedestrian","Non-Related","Pedestrian","West","West","South Of","Ped"
"679198","CR-0000088396","0","0","0","0","21-279-9705","False","True","0","10/5/2021 4:30:00 PM","No Pedestrians Involved","Dry","No Unusual Conditions","Daylight","Unknown","No Controls Present/Factor","Clear","Rear End","Intersection","Other Vehicle","Not Applicable","Not Applicable","At",""
"679199","CR-0000088398","0","0","0","0","21-278-0540","False","False","24","10/5/2021 1:37:00 PM","No Pedestrians Involved","Dry","No Unusual Conditions","Daylight","Violation Driver 1","Controls Functioning","Clear","Head On","Related","Other Vehicle","Not Applicable","Not Applicable","North Of",""
"679200","CR-0000088397","1","0","0","0","21-279-0613","False","False","0","10/6/2021 2:52:00 PM","No Pedestrians Involved","Dry","Unknown","Daylight","Violation Driver 1","Controls Functioning","Cloudy","Broadside","Intersection","Other Vehicle","Not Applicable","Not Applicable","At",""
"679201","CR-0000088399","0","0","0","0","21-278-1089","False","False","35","10/5/2021 10:46:00 PM","No Pedestrians Involved","Dry","No Unusual Conditions","Dark - Street Light","Other Improper Driving","No Controls Present/Factor","Clear","Sideswipe","Related","Parked Vehicle","Not Applicable","Not Applicable","South Of","Fence"
"679202","CR-0000088400","0","1","0","0","21-279-0771","False","False","47","10/6/2021 4:53:00 PM","No Pedestrians Involved","Dry","No Unusual Conditions","Daylight","Violation Driver 1","Controls Functioning","Cloudy","Rear End","Driveway","Bike","Not Applicable","Not Applicable","West Of","Bike"
"679203","CR-0000088401","1","0","0","0","21-279-0832","False","False","0","10/6/2021 5:20:00 PM","No Pedestrians Involved","Dry","No Unusual Conditions","Daylight","Violation Driver 1","Controls Functioning","Cloudy","Broadside","Intersection","Other Vehicle","Not Applicable","Not Applicable","At",""
"679204","CR-0000088402","0","0","0","0","21-281-4003","False","True","","10/6/2021 7:08:00 PM","No Pedestrians Involved","Unknown","Unknown","Unknown","Unknown","Unknown","Unknown","Rear End","Related","Other Vehicle","Not Applicable","Not Applicable","Unknown",""
"679205","CR-0000088403","0","0","0","0","21-280-4000","False","True","","10/6/2021 7:30:00 PM","No Pedestrians Involved","Unknown","Unknown","Unknown","Unknown","Unknown","Unknown","Rear End","Related","Other Vehicle","Not Applicable","Not Applicable","East Of",""
"679206","CR-0000088404","0","0","0","0","21-279-0837","False","True","","10/6/2021 5:05:00 PM","No Pedestrians Involved","Unknown","Unknown","Dusk - Dawn","Unknown","Unknown","Unknown","Sideswipe","Related","Other Vehicle","Not Applicable","Not Applicable","North Of",""
"679207","CR-0000088405","5","0","0","0","21-281-0640","False","False","135","10/8/2021 3:15:00 PM","No Pedestrians Involved","Dry","No Unusual Conditions","Daylight","Violation Driver 1","No Controls Present/Factor","Clear","Rear End","Non-Related","Other Vehicle","Not Applicable","Not Applicable","West Of",""
"679208","CR-0000088406","0","0","1","0","21-281-0842","False","False","480","10/8/2021 7:16:00 PM","In Road - Includes Shoulder","Dry","No Unusual Conditions","Dark - Street Light","Pedestrian At Fault","No Controls Present/Factor","Clear","Vehicle/Pedestrian","Non-Related","Pedestrian","No Direction (Not Walking)","No Direction (Not Walking)","West Of",""
"679209","CR-0000088407","0","0","0","0","21-281-4001","False","True","","10/8/2021 7:00:00 AM","No Pedestrians Involved","Unknown","Unknown","Daylight","Unknown","Unknown","Unknown","Rear End","Related","Parked Vehicle","Not Applicable","Not Applicable","South Of",""
"679210","CR-0000088408","1","1","0","0","21-283-0312","False","False","74","10/10/2021 9:21:00 AM","No Pedestrians Involved","Dry","No Unusual Conditions","Daylight","Violation Driver 1","No Controls Present/Factor","Clear","Hit Object","Non-Related","Fixed Object","Not Applicable","Not Applicable","North Of","PGE pole"
"679211","CR-0000088409","1","0","0","0","21-283-0425","False","False","215","10/10/2021 12:27:00 PM","No Pedestrians Involved","Dry","No Unusual Conditions","Daylight","Violation Driver 1","Controls Functioning","Clear","Vehicle/Bike","Non-Related","Bike","Not Applicable","Not Applicable","South Of",""
"679212","CR-0000088410","0","0","0","0","21-283-0439","False","False","142","10/10/2021 12:13:00 PM","No Pedestrians Involved","Dry","No Unusual Conditions","Daylight","Violation Driver 1","No Controls Present/Factor","Clear","Sideswipe","Non-Related","Parked Vehicle","Not Applicable","Not Applicable","South Of",""
"679213","CR-0000088411","1","0","0","0","21-283-0793","False","False","520","10/10/2021 7:00:00 PM","No Pedestrians Involved","Dry","No Unusual Conditions","Dusk - Dawn","Violation Driver 1","No Controls Present/Factor","Clear","Broadside","Non-Related","Other Vehicle","Not Applicable","Not Applicable","South Of",""
"679214","CR-0000088412","0","1","0","0","21-283-0881","False","False","0","10/10/2021 8:30:00 PM","Crossing In Crosswalk - At Intersection","Dry","No Unusual Conditions","Dark - Street Light","Violation Driver 1","Controls Functioning","Clear","Vehicle/Pedestrian","Intersection","Parked Vehicle","South","North","At",""
"679215","CR-0000088413","1","0","0","0","21-284-0165","False","False","75","10/11/2021 6:50:00 AM","In Road - Includes Shoulder","Dry","No Unusual Conditions","Daylight","Violation Driver 1","Controls Functioning","Clear","Vehicle/Pedestrian","Non-Related","Pedestrian","No Direction (Not Walking)","No Direction (Not Walking)","West Of",""
"679216","CR-0000088414","0","1","0","0","21-284-0218","False","False","0","10/11/2021 8:27:00 AM","No Pedestrians Involved","Dry","No Unusual Conditions","Daylight","Bike At Fault","Controls Functioning","Clear","Vehicle/Bike","Intersection","Bike","Not Applicable","Not Applicable","At",""
"679217","CR-0000088422","1","0","0","0","21-279-0981","False","False","0","10/6/2021 7:43:00 PM","Crossing In Crosswalk - At Intersection","Dry","No Unusual Conditions","Dark - Street Light","Pedestrian At Fault","Controls Functioning","Clear","Head On","Intersection","Pedestrian","West","West","At","Ped"
"679218","CR-0000088423","1","0","0","0","21-279-1031","False","False","18","10/6/2021 8:29:00 PM","No Pedestrians Involved","Dry","No Unusual Conditions","Dark - Street Light","Violation Driver 1","Controls Functioning","Clear","Sideswipe","Related","Other Vehicle","Not Applicable","Not Applicable","West Of",""
"679219","CR-0000088424","0","0","0","0","21-279-1166","False","False","0","10/6/2021 11:50:00 PM","No Pedestrians Involved","Dry","No Unusual Conditions","Dark - Street Light","Violation Driver 1","No Controls Present/Factor","Clear","Rear End","Intersection","Parked Vehicle","Not Applicable","Not Applicable","At",""
"679220","CR-0000088425","0","1","0","0","21-279-0577","False","False","314","10/6/2021 2:27:00 PM","No Pedestrians Involved","Dry","No Unusual Conditions","Daylight","Violation Driver 1","No Controls Present/Factor","Clear","Sideswipe","Non-Related","Other Vehicle","Not Applicable","Not Applicable","East Of",""
"679221","CR-0000088426","0","1","1","0","21-279-0685","False","False","416","10/6/2021 3:30:00 PM","No Pedestrians Involved","Dry","No Unusual Conditions","Daylight","Violation Driver 1","Controls Functioning","Clear","Broadside","Non-Related","Other Vehicle","Not Applicable","Not Applicable","South Of",""
"679222","CR-0000088427","0","0","0","0","21-279-0995","False","False","","10/6/2021 5:10:00 PM","No Pedestrians Involved","Dry","No Unusual Conditions","Daylight","Violation Driver 1","Controls Functioning","Clear","Sideswipe","Non-Related","Other Vehicle","Not Applicable","Not Applicable","North Of",""
"679223","CR-0000088428","0","0","1","0","21-279-1101","False","False","16","10/6/2021 10:05:00 PM","No Pedestrians Involved","Dry","No Unusual Conditions","Dark - Street Light","Violation Driver 1","Controls Functioning","Clear","Other","Related","Non-Collision","Not Applicable","Not Applicable","South Of",""
"679224","CR-0000088429","0","0","0","0","21-279-1115","False","False","225","10/6/2021 10:31:00 PM","No Pedestrians Involved","Dry","No Unusual Conditions","Dark - Street Light","Violation Driver 1","No Controls Present/Factor","Clear","Sideswipe","Non-Related","Other Vehicle","Not Applicable","Not Applicable","South Of","S.D"
"679225","CR-0000088430","0","1","0","0","21-280-0701","True","False","1240","10/7/2021 4:18:00 PM","No Pedestrians Involved","Dry","Unknown","Daylight","Violation Driver 1","No Controls Present/Factor","Clear","Hit Object","Non-Related","Fixed Object","Not Applicable","Not Applicable","South Of","Light Pole"
"679226","CR-0000088431","1","0","0","0","21-290-0128","True","False","","10/17/2021 2:18:00 AM","No Pedestrians Involved","Dry","No Unusual Conditions","Dark - Street Light","Other Than Driver","Controls Functioning","Clear","Hit Object","Related","Fixed Object","Not Applicable","Not Applicable","West Of","Median island. Mechanical trouble in MC distracted D1"
"679227","CR-0000088432","1","0","0","0","21-280-0910","False","False","0","10/7/2021 7:09:00 PM","No Pedestrians Involved","Dry","No Unusual Conditions","Dark - Street Light","Violation Driver 1","Controls Functioning","Clear","Head On","Intersection","Motor Vehicle On Other Roadway","Not Applicable","Not Applicable","At",""
"679228","CR-0000088433","0","0","0","0","21-280-0267","False","False","0","10/7/2021 9:21:00 AM","No Pedestrians Involved","Dry","No Unusual Conditions","Daylight","Violation Driver 1","Controls Functioning","Clear","Broadside","Intersection","Other Vehicle","Not Applicable","Not Applicable","At",""
"679229","CR-0000088434","0","0","1","0","21-280-0566","False","False","0","10/7/2021 1:29:00 PM","No Pedestrians Involved","Dry","No Unusual Conditions","Daylight","Violation Driver 1","Controls Functioning","Clear","Broadside","Intersection","Other Vehicle","Not Applicable","Not Applicable","At",""
"679230","CR-0000088435","0","0","0","0","21-280-0712","True","False","166","10/7/2021 4:06:00 PM","No Pedestrians Involved","Dry","No Unusual Conditions","Daylight","Violation Driver 1","No Controls Present/Factor","Clear","Hit Object","Non-Related","Fixed Object","Not Applicable","Not Applicable","South Of","Light"
"679231","CR-0000088436","0","0","0","0","21-280-0020","True","False","0","10/7/2021 12:27:00 AM","No Pedestrians Involved","Dry","No Unusual Conditions","Dark - Street Light","Violation Driver 1","No Controls Present/Factor","Clear","Hit Object","Intersection","Fixed Object","Not Applicable","Not Applicable","At","Curb"
"679232","CR-0000088437","1","0","0","0","21-280-0573","False","False","90","10/7/2021 1:29:00 PM","No Pedestrians Involved","Dry","No Unusual Conditions","Daylight","Violation Driver 1","No Controls Present/Factor","Clear","Other","Non-Related","Other Vehicle","Not Applicable","Not Applicable","East Of",""
"679233","CR-0000088438","0","0","0","0","21-280-0065","True","False","290","10/7/2021 2:03:00 AM","No Pedestrians Involved","Dry","No Unusual Conditions","Dark - Street Light","Violation Driver 1","Controls Functioning","Clear","Head On","Non-Related","Other Object","Not Applicable","Not Applicable","South Of","Median Island Tree"
"679234","CR-0000088439","0","1","0","0","21-280-0487","False","False","110","10/7/2021 12:08:00 PM","No Pedestrians Involved","Dry","No Unusual Conditions","Daylight","Bike At Fault","Controls Functioning","Clear","Rear End","Non-Related","Bike","Not Applicable","Not Applicable","North Of","Bike"
"679235","CR-0000088440","0","0","0","1","21-280-1011","False","False","0","10/7/2021 9:24:00 PM","No Pedestrians Involved","Dry","No Unusual Conditions","Dark - Street Light","Bike At Fault","Unknown","Clear","Vehicle/Bike","Intersection","Bike","Not Applicable","Not Applicable","At","Delayed Fatal. 01/17/2022"
"679236","CR-0000088441","0","0","0","0","21-280-0237","False","False","","10/7/2021 8:30:00 AM","No Pedestrians Involved","Dry","No Unusual Conditions","Daylight","Violation Driver 1","Controls Functioning","Clear","Rear End","Non-Related","Motor Vehicle On Other Roadway","Not Applicable","Not Applicable","East Of","State Vehicle"
"679237","CR-0000088442","0","1","0","0","21-282-0632","False","False","54","10/9/2021 4:17:00 PM","No Pedestrians Involved","Dry","No Unusual Conditions","Daylight","Violation Driver 1","Controls Functioning","Clear","Head On","Non-Related","Bike","Not Applicable","Not Applicable","South Of","Bike"
"679238","CR-0000088443","2","0","0","0","21-282-0802","False","False","0","10/9/2021 7:21:00 PM","No Pedestrians Involved","Dry","No Unusual Conditions","Dark - Street Light","Violation Driver 1","Controls Functioning","Clear","Head On","Intersection","Other Vehicle","Not Applicable","Not Applicable","At",""
"679239","CR-0000088444","1","0","0","0","21-282-0334","False","False","0","10/9/2021 10:20:00 AM","Crossing In Crosswalk - At Intersection","Dry","No Unusual Conditions","Daylight","Violation Driver 1","Controls Functioning","Clear","Vehicle/Pedestrian","Intersection","Pedestrian","Not Applicable","Not Applicable","At","Ped"
"679240","CR-0000088450","2","0","0","0","21-282-0774","False","False","200","10/9/2021 6:47:00 PM","No Pedestrians Involved","Dry","No Unusual Conditions","Daylight","Violation Driver 1","No Controls Present/Factor","Clear","Rear End","Non-Related","Other Vehicle","Not Applicable","Not Applicable","East Of",""
"679241","CR-0000088449","1","1","0","0","21-282-0559","False","False","174","10/9/2021 2:58:00 PM","No Pedestrians Involved","Dry","No Unusual Conditions","Daylight","Violation Driver 1","No Controls Present/Factor","Clear","Head On","Non-Related","Other Vehicle","Not Applicable","Not Applicable","West Of",""
"679242","CR-0000088470","0","0","0","0","21-286-9703","False","True","","10/12/2021 1:00:00 PM","No Pedestrians Involved","Dry","No Unusual Conditions","Daylight","Unknown","Controls Functioning","Cloudy","Rear End","Non-Related","Other Vehicle","Not Applicable","Not Applicable","East Of",""
"679243","CR-0000088462","0","0","0","0","21-284-0083","True","False","22","10/11/2021 1:57:00 AM","No Pedestrians Involved","Dry","No Unusual Conditions","Dark - Street Light","Violation Driver 1","No Controls Present/Factor","Clear","Hit Object","Related","Fixed Object","Not Applicable","Not Applicable","East Of","XWalk Sign"
"679244","CR-0000088460","1","0","0","0","21-284-0335","True","False","295","10/11/2021 10:39:00 AM","No Pedestrians Involved","Dry","No Unusual Conditions","Daylight","Violation Driver 1","Controls Functioning","Clear","Hit Object","Non-Related","Fixed Object","Not Applicable","Not Applicable","West Of","Tree"
"679245","CR-0000088445","1","0","0","0","21-282-0469","False","False","0","10/9/2021 1:16:00 PM","Crossing In Crosswalk - Not At Intersection","Dry","No Unusual Conditions","Daylight","Violation Driver 1","Controls Functioning","Clear","Broadside","Intersection","Other Vehicle","Not Applicable","Not Applicable","At",""
"679246","CR-0000088451","0","1","0","0","21-282-0853","False","False","47","10/9/2021 8:16:00 PM","No Pedestrians Involved","Dry","No Unusual Conditions","Dark - Street Light","Violation Driver 1","No Controls Present/Factor","Clear","Sideswipe","Related","Parked Vehicle","Not Applicable","Not Applicable","North Of",""
"679247","CR-0000088461","1","0","0","0","21-284-0045","False","False","0","10/11/2021 12:51:00 AM","No Pedestrians Involved","Dry","No Unusual Conditions","Dark - Street Light","Other Improper Driving","Controls Functioning","Clear","Head On","Intersection","Other Vehicle","Not Applicable","Not Applicable","At",""
"679248","CR-0000088482","1","0","0","0","21-286-0667","False","False","175","10/13/2021 3:21:00 PM","No Pedestrians Involved","Dry","No Unusual Conditions","Daylight","Violation Driver 1","No Controls Present/Factor","Clear","Broadside","Non-Related","Other Vehicle","Not Applicable","Not Applicable","South Of",""
"679249","CR-0000088471","0","0","0","0","21-286-9702","False","True","","10/12/2021 4:15:00 PM","No Pedestrians Involved","Dry","No Unusual Conditions","Daylight","Unknown","Controls Functioning","Clear","Rear End","Non-Related","Other Vehicle","Not Applicable","Not Applicable","East Of",""
"679250","CR-0000088446","1","0","0","0","21-282-0241","False","False","","10/9/2021 10:09:00 AM","No Pedestrians Involved","Dry","No Unusual Conditions","Daylight","Violation Driver 1","No Controls Present/Factor","Clear","Rear End","Related","Other Vehicle","Not Applicable","Not Applicable","West Of",""
"679251","CR-0000088465","0","0","0","0","21-285-9703","False","True","","10/11/2021 3:15:00 PM","No Pedestrians Involved","Dry","No Unusual Conditions","Daylight","Unknown","Controls Functioning","Clear","Rear End","Non-Related","Other Vehicle","Not Applicable","Not Applicable","East Of",""
"679252","CR-0000088475","0","0","0","0","21-285-1001","False","False","114","10/12/2021 10:13:00 PM","No Pedestrians Involved","Dry","No Unusual Conditions","Dark - Street Light","Violation Driver 1","No Controls Present/Factor","Clear","Hit Object","Non-Related","Fixed Object","Not Applicable","Not Applicable","West Of","Light Pole"
"679253","CR-0000088480","0","0","0","0","21-285-0461","False","False","39","10/12/2021 12:06:00 PM","No Pedestrians Involved","Dry","No Unusual Conditions","Daylight","Violation Driver 1","Controls Functioning","Clear","Rear End","Related","Other Vehicle","Not Applicable","Not Applicable","East Of",""
"679254","CR-0000088447","0","0","0","0","21-282-0134","False","False","0","10/9/2021 3:51:00 AM","No Pedestrians Involved","Unknown","No Unusual Conditions","Dark - Street Light","Violation Driver 1","Controls Functioning","Clear","Head On","Intersection","Other Vehicle","Not Applicable","Not Applicable","At",""
"679255","CR-0000088459","0","0","0","0","21-285-9708","False","True","51","10/10/2021 6:00:00 PM","No Pedestrians Involved","Dry","No Unusual Conditions","Dusk - Dawn","Unknown","Controls Functioning","Clear","Sideswipe","Non-Related","Other Vehicle","Not Applicable","Not Applicable","West Of",""
"679256","CR-0000088448","1","0","0","0","21-285-0016","True","False","45","10/9/2021 11:01:00 AM","No Pedestrians Involved","Dry","No Unusual Conditions","Dark - Street Light","Violation Driver 1","No Controls Present/Factor","Clear","Hit Object","Related","Fixed Object","Not Applicable","Not Applicable","South Of","Median & Monument"
"679257","CR-0000088466","0","0","0","0","21-285-9704","False","True","","10/11/2021 2:30:00 PM","No Pedestrians Involved","Dry","No Unusual Conditions","Daylight","Unknown","Controls Functioning","Clear","Rear End","Non-Related","Other Vehicle","Not Applicable","Not Applicable","West Of",""
"679258","CR-0000088452","1","0","0","0","21-283-0694","False","False","","10/10/2021 5:28:00 PM","No Pedestrians Involved","Dry","No Unusual Conditions","Daylight","Violation Driver 1","Controls Functioning","Clear","Rear End","Non-Related","Other Vehicle","Not Applicable","Not Applicable","South Of",""
"679259","CR-0000088476","0","1","0","0","21-285-0113","True","False","110","10/12/2021 4:50:00 AM","No Pedestrians Involved","Dry","No Unusual Conditions","Dark - Street Light","Violation Driver 1","Unknown","Clear","Head On","Non-Related","Parked Vehicle","Not Applicable","Not Applicable","East Of","PD"
"679260","CR-0000088456","0","0","0","0","21-283-9701","False","True","0","10/10/2021 7:40:00 AM","No Pedestrians Involved","Dry","No Unusual Conditions","Daylight","Unknown","Controls Functioning","Clear","Broadside","Intersection","Other Vehicle","Not Applicable","Not Applicable","At",""
"679261","CR-0000088455","0","1","0","0","21-283-0045","True","False","240","10/10/2021 12:28:00 AM","No Pedestrians Involved","Dry","No Unusual Conditions","Dark - Street Light","Violation Driver 1","No Controls Present/Factor","Clear","Hit Object","Non-Related","Fixed Object","Not Applicable","Not Applicable","West Of","Tree"
"679262","CR-0000088469","1","1","0","0","21-285-0442","False","False","0","10/12/2021 11:46:00 AM","No Pedestrians Involved","Dry","No Unusual Conditions","Daylight","Violation Driver 1","Controls Functioning","Clear","Broadside","Intersection","Other Vehicle","Not Applicable","Not Applicable","At",""
"679263","CR-0000088479","1","0","0","0","21-285-0418","False","False","0","10/12/2021 11:24:00 AM","No Pedestrians Involved","Dry","No Unusual Conditions","Daylight","Violation Driver 1","Controls Functioning","Clear","Head On","Intersection","Other Vehicle","Not Applicable","Not Applicable","At",""
"679264","CR-0000088472","0","0","1","0","21-285-0487","False","False","0","10/12/2021 12:30:00 PM","No Pedestrians Involved","Dry","No Unusual Conditions","Daylight","Violation Driver 1","Controls Functioning","Clear","Vehicle/Bike","Intersection","Bike","Not Applicable","Not Applicable","At","Bike"
"679265","CR-0000088477","1","0","0","0","21-285-0202","False","False","0","10/12/2021 8:01:00 AM","No Pedestrians Involved","Dry","No Unusual Conditions","Daylight","Violation Driver 1","Controls Functioning","Clear","Broadside","Intersection","Other Vehicle","Not Applicable","Not Applicable","At",""
"679266","CR-0000088453","0","2","0","0","21-283-0829","False","False","0","10/10/2021 7:32:00 PM","No Pedestrians Involved","Dry","No Unusual Conditions","Dark - Street Light","Violation Driver 1","No Controls Present/Factor","Clear","Head On","Intersection","Other Vehicle","Not Applicable","Not Applicable","At",""
"679267","CR-0000088467","0","0","0","0","21-286-9709","False","True","51","10/12/2021 9:29:00 AM","No Pedestrians Involved","Dry","No Unusual Conditions","Daylight","Unknown","No Controls Present/Factor","Clear","Sideswipe","Non-Related","Parked Vehicle","Not Applicable","Not Applicable","South Of",""
"679268","CR-0000088457","0","0","0","0","21-284-9702","False","True","51","10/10/2021 10:20:00 PM","No Pedestrians Involved","Dry","No Unusual Conditions","Dark - Street Light","Unknown","No Controls Present/Factor","Clear","Sideswipe","Non-Related","Parked Vehicle","Not Applicable","Not Applicable","South Of",""
"679269","CR-0000088486","0","0","0","0","21-286-0370","False","False","42","10/13/2021 10:38:00 AM","No Pedestrians Involved","Dry","No Unusual Conditions","Daylight","Violation Driver 1","Controls Functioning","Clear","Rear End","Related","Other Vehicle","Not Applicable","Not Applicable","West Of",""
"679270","CR-0000088458","0","0","0","0","21-283-1031","False","True","51","10/10/2021 11:30:00 PM","No Pedestrians Involved","Dry","No Unusual Conditions","Dark - Street Light","Unknown","No Controls Present/Factor","Clear","Sideswipe","Non-Related","Parked Vehicle","Not Applicable","Not Applicable","North Of",""
"679271","CR-0000088464","1","0","0","0","21-284-0199","False","False","0","10/11/2021 7:52:00 AM","No Pedestrians Involved","Dry","Unknown","Daylight","Violation Driver 1","Controls Functioning","Clear","Rear End","Intersection","Other Vehicle","Not Applicable","Not Applicable","At",""
"679272","CR-0000088485","0","1","0","0","21-286-0565","False","False","290","10/13/2021 1:46:00 PM","No Pedestrians Involved","Dry","No Unusual Conditions","Daylight","Violation Driver 1","No Controls Present/Factor","Clear","Sideswipe","Non-Related","Parked Vehicle","Not Applicable","Not Applicable","South Of",""
"679273","CR-0000088474","0","1","0","0","21-285-0788","False","False","152","10/12/2021 5:30:00 PM","No Pedestrians Involved","Dry","No Unusual Conditions","Daylight","Violation Driver 1","No Controls Present/Factor","Clear","Broadside","Non-Related","Bike","Not Applicable","Not Applicable","West Of","Bike"
"679274","CR-0000088454","0","0","0","0","21-283-0049","False","False","158","10/10/2021 12:35:00 AM","No Pedestrians Involved","Dry","Unknown","Dark - Street Light","Violation Driver 1","Unknown","Clear","Sideswipe","Non-Related","Parked Vehicle","Not Applicable","Not Applicable","West Of",""