"CrashFactId","Name","MinorInjuries","ModerateInjuries","SevereInjuries","FatalInjuries","TcrNumber","CityDamageFlag","ShortFormFlag","Distance","CrashDateTime","PedestrianAction","RoadwaySurface","RoadwayCondition","Lighting","PrimaryCollisionFactor","TrafficControl","Weather","CollisionType","ProximityToIntersection","VehicleInvolvedWith","PedestrianDirectionFrom","PedestrianDirectionTo","DirectionFromIntersection","Comment"
"679275","CR-0000088478","0","1","0","0","21-285-0416","False","False","0","10/12/2021 11:23:00 AM","No Pedestrians Involved","Dry","No Unusual Conditions","Daylight","Violation Driver 1","Controls Functioning","Clear","Sideswipe","Intersection","Other Vehicle","Not Applicable","Not Applicable","At",""
"679276","CR-0000088468","0","0","0","1","21-333-0328","False","False","350","11/29/2021 10:22:00 AM","No Pedestrians Involved","Dry","No Unusual Conditions","Daylight","Unknown","No Controls Present/Factor","Clear","Vehicle/Bike","Non-Related","Bike","Not Applicable","Not Applicable","South Of",""
"679277","CR-0000088483","1","0","0","0","21-286-0345","False","False","0","10/13/2021 10:26:00 AM","No Pedestrians Involved","Dry","No Unusual Conditions","Daylight","Violation Driver 1","No Controls Present/Factor","Clear","Head On","Intersection","Other Vehicle","Not Applicable","Not Applicable","At",""
"679278","CR-0000088481","0","0","1","0","21-285-0911","False","False","51","10/12/2021 8:00:00 PM","No Pedestrians Involved","Dry","No Unusual Conditions","Dark - Street Light","Violation Driver 1","No Controls Present/Factor","Clear","Head On","Non-Related","Other Vehicle","Not Applicable","Not Applicable","North Of",""
"679279","CR-0000088484","0","0","0","0","21-286-0052","False","False","51","10/13/2021 1:12:00 AM","No Pedestrians Involved","Dry","No Unusual Conditions","Dark - Street Light","Violation Driver 1","No Controls Present/Factor","Clear","Rear End","Non-Related","Other Vehicle","Not Applicable","Not Applicable","East Of",""
"679280","CR-0000088463","1","0","0","0","21-284-0390","False","False","0","10/11/2021 11:35:00 AM","No Pedestrians Involved","Dry","No Unusual Conditions","Daylight","Violation Driver 1","Controls Functioning","Clear","Vehicle/Pedestrian","Intersection","Pedestrian","Not Applicable","Not Applicable","At","Ped"
"679281","CR-0000088473","3","0","0","0","21-285-0633","False","False","502","10/12/2021 3:14:00 PM","No Pedestrians Involved","Dry","No Unusual Conditions","Daylight","Violation Driver 1","No Controls Present/Factor","Clear","Rear End","Non-Related","Other Vehicle","Not Applicable","Not Applicable","North Of",""
"679282","CR-0000088488","0","0","0","0","21-291-0029","True","False","0","10/18/2021 1:37:00 AM","No Pedestrians Involved","Wet","No Unusual Conditions","Dark - Street Light","Violation Driver 1","Controls Functioning","Cloudy","Hit Object","Intersection","Fixed Object","Not Applicable","Not Applicable","At","Curb"
"679283","CR-0000088487","1","0","0","0","21-291-0188","False","False","35","10/18/2021 8:16:00 AM","No Pedestrians Involved","Slippery (Muddy Oily etc.)","No Unusual Conditions","Daylight","Violation Driver 1","Controls Functioning","Clear","Rear End","Related","Other Vehicle","Not Applicable","Not Applicable","North Of",""
"679284","CR-0000088489","1","1","0","0","21-291-0483","False","False","0","10/18/2021 8:48:00 AM","No Pedestrians Involved","Dry","No Unusual Conditions","Daylight","Violation Driver 1","No Controls Present/Factor","Cloudy","Broadside","Intersection","Other Vehicle","Not Applicable","Not Applicable","At",""
"679285","CR-0000088490","2","1","0","0","21-291-0542","False","False","256","10/18/2021 2:39:00 PM","No Pedestrians Involved","Dry","No Unusual Conditions","Daylight","Violation Driver 1","No Controls Present/Factor","Clear","Broadside","Non-Related","Parked Vehicle","Not Applicable","Not Applicable","South Of",""
"679286","CR-0000088491","0","0","0","0","21-292-9705","False","True","","10/18/2021 8:25:00 AM","No Pedestrians Involved","Wet","No Unusual Conditions","Daylight","Unknown","No Controls Present/Factor","Clear","Sideswipe","Related","Other Vehicle","Not Applicable","Not Applicable","North Of",""
"679287","CR-0000088492","0","0","0","0","21-292-9707","False","True","","10/18/2021 9:00:00 PM","No Pedestrians Involved","Dry","No Unusual Conditions","Dark - Street Light","Unknown","No Controls Present/Factor","Clear","Other","Related","Parked Vehicle","Not Applicable","Not Applicable","West Of","Collision type: backed into"
"679288","CR-0000088493","0","0","0","0","21-292-0177","False","False","102","10/19/2021 7:15:00 AM","No Pedestrians Involved","Dry","No Unusual Conditions","Dusk - Dawn","Violation Driver 1","No Controls Present/Factor","Clear","Sideswipe","Non-Related","Other Vehicle","Not Applicable","Not Applicable","East Of",""
"679289","CR-0000088494","0","0","0","0","21-292-0458","False","False","0","10/19/2021 1:22:00 PM","No Pedestrians Involved","Dry","No Unusual Conditions","Daylight","Violation Driver 1","Controls Functioning","Clear","Rear End","Intersection","Train","Not Applicable","Not Applicable","At",""
"679290","CR-0000088495","0","0","0","0","21-292-0548","False","False","105","10/19/2021 3:00:00 PM","No Pedestrians Involved","Dry","No Unusual Conditions","Daylight","Violation Driver 1","No Controls Present/Factor","Clear","Broadside","Non-Related","Parked Vehicle","Not Applicable","Not Applicable","East Of",""
"679291","CR-0000088496","0","0","0","0","21-292-0834","False","False","0","10/19/2021 8:20:00 PM","No Pedestrians Involved","Dry","No Unusual Conditions","Dark - Street Light","Violation Driver 1","Unknown","Clear","Broadside","Intersection","Other Vehicle","Not Applicable","Not Applicable","At",""
"679292","CR-0000088497","0","0","0","0","21-292-0836","True","False","0","10/19/2021 8:24:00 PM","No Pedestrians Involved","Dry","No Unusual Conditions","Dark - Street Light","Violation Driver 1","Controls Functioning","Clear","Broadside","Intersection","Other Vehicle","Not Applicable","Not Applicable","At","Traffic Pole"
"679293","CR-0000088498","0","0","0","0","21-292-0895","False","False","204","10/19/2021 9:54:00 PM","No Pedestrians Involved","Dry","No Unusual Conditions","Dark - Street Light","Violation Driver 1","No Controls Present/Factor","Cloudy","Sideswipe","Non-Related","Parked Vehicle","Not Applicable","Not Applicable","East Of",""
"679294","CR-0000088499","0","0","0","0","21-291-0651","False","False","232","10/19/2021 5:04:00 PM","No Pedestrians Involved","Dry","No Unusual Conditions","Daylight","Bike At Fault","Controls Functioning","Clear","Broadside","Non-Related","Other Vehicle","Not Applicable","Not Applicable","East Of","VTA bus/Bike"
"679295","CR-0000088500","0","0","0","0","21-292-0165","False","False","","10/19/2021 7:16:00 AM","No Pedestrians Involved","Dry","No Unusual Conditions","Daylight","Violation Driver 1","No Controls Present/Factor","Clear","Broadside","Related","Other Vehicle","Not Applicable","Not Applicable","North Of",""
"679296","CR-0000088501","0","0","0","0","21-292-0627","False","False","27","10/19/2021 4:34:00 PM","Crossing In Crosswalk - At Intersection","Dry","Unknown","Daylight","Violation Driver 1","No Controls Present/Factor","Clear","Hit Object","Related","Fixed Object","Unknown","Unknown","South Of","ATT utility box"
"679297","CR-0000088502","0","0","0","0","21-292-0759","False","False","720","10/19/2021 6:45:00 PM","No Pedestrians Involved","Dry","No Unusual Conditions","Daylight","Violation Driver 1","No Controls Present/Factor","Clear","Head On","Non-Related","Other Vehicle","Not Applicable","Not Applicable","North Of",""
"679298","CR-0000088503","3","0","0","0","21-290-0788","False","False","0","10/17/2021 8:15:00 PM","No Pedestrians Involved","Wet","No Unusual Conditions","Dark - Street Light","Violation Driver 1","Controls Functioning","Rain","Broadside","Intersection","Other Vehicle","Not Applicable","Not Applicable","At","Light rain"
"679299","CR-0000088504","0","0","0","0","21-291-0518","False","False","60","10/18/2021 2:15:00 PM","In Road - Includes Shoulder","Dry","No Unusual Conditions","Daylight","Violation Driver 1","No Controls Present/Factor","Clear","Rear End","Non-Related","Other Vehicle","Unknown","Unknown","South Of","Pedestrian"
"679300","CR-0000088505","0","1","0","0","21-292-0215","False","False","220","10/19/2021 8:32:00 AM","No Pedestrians Involved","Dry","No Unusual Conditions","Daylight","Bike At Fault","Controls Functioning","Clear","Vehicle/Bike","Non-Related","Bike","Not Applicable","Not Applicable","East Of",""
"679301","CR-0000088506","0","1","0","0","21-292-0551","True","False","120","10/19/2021 3:03:00 PM","No Pedestrians Involved","Dry","No Unusual Conditions","Daylight","Violation Driver 1","Controls Functioning","Clear","Hit Object","Non-Related","Fixed Object","Not Applicable","Not Applicable","North Of","Concrete Divider Wall"
"679302","CR-0000088507","0","1","0","0","21-292-0725","False","False","0","10/19/2021 6:26:00 PM","No Pedestrians Involved","Dry","No Unusual Conditions","Dark - Street Light","Violation Driver 1","Unknown","Clear","Head On","Intersection","Motor Vehicle On Other Roadway","Not Applicable","Not Applicable","At",""
"679303","CR-0000088508","2","1","0","0","21-292-0864","False","False","0","10/19/2021 9:01:00 PM","No Pedestrians Involved","Dry","No Unusual Conditions","Dark - Street Light","Violation Driver 1","Controls Functioning","Clear","Head On","Intersection","Other Vehicle","Not Applicable","Not Applicable","At",""
"679304","CR-0000088509","0","1","0","0","21-292-0878","False","False","0","10/19/2021 9:27:00 PM","Crossing In Crosswalk - At Intersection","Dry","No Unusual Conditions","Dark - Street Light","Violation Driver 1","Controls Functioning","Clear","Broadside","Intersection","Pedestrian","East","West","At","Pedestrian"
"679305","CR-0000088510","0","0","0","0","21-293-0264","False","False","0","10/20/2021 9:01:00 AM","No Pedestrians Involved","Dry","No Unusual Conditions","Daylight","Violation Driver 1","Controls Functioning","Cloudy","Rear End","Related","Other Vehicle","Not Applicable","Not Applicable","West Of",""
"679306","CR-0000088511","0","0","0","0","21-293-0851","False","False","0","10/20/2021 11:26:00 PM","No Pedestrians Involved","Dry","No Unusual Conditions","Dark - Street Light","Violation Driver 1","No Controls Present/Factor","Unknown","Rear End","Intersection","Parked Vehicle","Not Applicable","Not Applicable","At",""
"679307","CR-0000088512","0","0","0","0","21-293-0966","False","False","115","10/20/2021 9:33:00 PM","No Pedestrians Involved","Dry","No Unusual Conditions","Dark - Street Light","Violation Driver 1","No Controls Present/Factor","Clear","Rear End","Non-Related","Parked Vehicle","Not Applicable","Not Applicable","West Of",""
"679308","CR-0000088513","1","0","0","0","21-293-0729","False","False","80","10/20/2021 5:08:00 PM","Crossing - Not In Crosswalk","Wet","No Unusual Conditions","Daylight","Unknown","No Controls Present/Factor","Cloudy","Vehicle/Pedestrian","Non-Related","Pedestrian","Unknown","Unknown","West Of","Pedestrian"
"679309","CR-0000088514","1","0","0","0","21-293-0212","False","False","293","10/20/2021 8:14:00 AM","No Pedestrians Involved","Dry","No Unusual Conditions","Daylight","Violation Driver 1","Controls Functioning","Cloudy","Broadside","Non-Related","Other Vehicle","Not Applicable","Not Applicable","West Of",""
"679310","CR-0000088515","3","0","0","0","21-293-0737","False","False","0","10/20/2021 6:07:00 PM","No Pedestrians Involved","Wet","No Unusual Conditions","Dusk - Dawn","Violation Driver 1","Controls Functioning","Clear","Broadside","Intersection","Other Vehicle","Not Applicable","Not Applicable","At",""
"679311","CR-0000088516","0","0","0","0","21-293-0488","False","False","0","10/20/2021 12:52:00 PM","No Pedestrians Involved","Dry","No Unusual Conditions","Daylight","Violation Driver 1","Controls Functioning","Cloudy","Rear End","Intersection","Other Vehicle","Not Applicable","Not Applicable","At",""
"679312","CR-0000088517","0","0","0","0","21-293-0514","False","False","130","10/20/2021 1:17:00 PM","No Pedestrians Involved","Dry","No Unusual Conditions","Daylight","Violation Driver 1","No Controls Present/Factor","Cloudy","Rear End","Non-Related","Other Vehicle","Not Applicable","Not Applicable","East Of",""
"679313","CR-0000088518","0","0","0","0","21-293-0572","False","False","0","10/20/2021 2:19:00 PM","No Pedestrians Involved","Dry","No Unusual Conditions","Daylight","Violation Driver 1","No Controls Present/Factor","Clear","Broadside","Intersection","Other Vehicle","Not Applicable","Not Applicable","At",""
"679314","CR-0000088519","1","0","0","0","21-295-9707","False","True","0","10/20/2021 3:55:00 PM","No Pedestrians Involved","Dry","No Unusual Conditions","Daylight","Unknown","No Controls Present/Factor","Clear","Rear End","Intersection","Other Vehicle","Not Applicable","Not Applicable","At",""
"679315","CR-0000088520","1","0","0","0","21-293-0635","False","False","0","10/20/2021 4:00:00 PM","No Pedestrians Involved","Wet","No Unusual Conditions","Daylight","Violation Driver 1","Unknown","Rain","Broadside","Intersection","Other Vehicle","Not Applicable","Not Applicable","At",""
"679316","CR-0000088521","1","0","0","0","21-286-0899","False","False","0","10/13/2021 7:01:00 PM","No Pedestrians Involved","Dry","No Unusual Conditions","Dark - Street Light","Violation Driver 1","Controls Functioning","Clear","Broadside","Intersection","Other Vehicle","Not Applicable","Not Applicable","At",""
"679317","CR-0000088522","0","0","0","0","21-286-0933","True","False","0","10/13/2021 7:45:00 PM","No Pedestrians Involved","Dry","No Unusual Conditions","Dark - Street Light","Violation Driver 1","Unknown","Clear","Hit Object","Intersection","Fixed Object","Not Applicable","Not Applicable","At","Stop Sign"
"679318","CR-0000088523","0","0","0","0","21-286-0122","False","False","51","10/13/2021 4:04:00 AM","No Pedestrians Involved","Dry","No Unusual Conditions","Dark - Street Light","Violation Driver 1","No Controls Present/Factor","Clear","Head On","Non-Related","Parked Vehicle","Not Applicable","Not Applicable","South Of",""
"679319","CR-0000088524","2","0","0","0","21-286-0692","False","False","230","10/13/2021 4:00:00 PM","No Pedestrians Involved","Dry","No Unusual Conditions","Daylight","Violation Driver 1","No Controls Present/Factor","Clear","Rear End","Non-Related","Other Vehicle","Not Applicable","Not Applicable","South Of",""
"679320","CR-0000088525","1","0","0","0","21-286-0751","False","False","0","10/13/2021 4:51:00 PM","No Pedestrians Involved","Dry","No Unusual Conditions","Daylight","Violation Driver 1","Controls Functioning","Clear","Broadside","Intersection","Other Vehicle","Not Applicable","Not Applicable","At",""
"679321","CR-0000088526","0","1","0","0","21-286-0827","False","False","500","10/13/2021 7:18:00 PM","No Pedestrians Involved","Dry","No Unusual Conditions","Daylight","Violation Driver 1","Controls Functioning","Clear","Other","Non-Related","Non-Collision","Not Applicable","Not Applicable","East Of",""
"679322","CR-0000088527","1","0","0","0","21-286-0957","False","False","0","10/13/2021 8:13:00 PM","No Pedestrians Involved","Dry","No Unusual Conditions","Dark - Street Light","Violation Driver 1","Controls Functioning","Clear","Head On","Intersection","Other Vehicle","Not Applicable","Not Applicable","At",""
"679323","CR-0000088528","0","1","0","0","21-287-0345","False","False","60","10/14/2021 11:04:00 AM","No Pedestrians Involved","Dry","No Unusual Conditions","Daylight","Violation Driver 1","Controls Functioning","Clear","Sideswipe","Non-Related","Motorcycle","Not Applicable","Not Applicable","South Of",""
"679324","CR-0000088529","0","1","0","0","21-287-0600","False","False","0","10/14/2021 3:23:00 PM","No Pedestrians Involved","Dry","No Unusual Conditions","Daylight","Bike At Fault","Controls Functioning","Clear","Vehicle/Bike","Intersection","Bike","Not Applicable","Not Applicable","At","Bike"
"679325","CR-0000088530","0","0","1","0","21-287-0857","False","False","51","10/14/2021 7:15:00 PM","Crossing - Not In Crosswalk","Dry","No Unusual Conditions","Dark - Street Light","Pedestrian At Fault","No Controls Present/Factor","Clear","Head On","Non-Related","Pedestrian","Not Applicable","Not Applicable","South Of",""
"679326","CR-0000088531","0","0","0","0","21-287-1066","False","False","162","10/14/2021 11:55:00 PM","No Pedestrians Involved","Dry","No Unusual Conditions","Dark - Street Light","Violation Driver 1","No Controls Present/Factor","Clear","Rear End","Non-Related","Parked Vehicle","Not Applicable","Not Applicable","South Of",""
"679327","CR-0000088532","0","0","0","0","21-287-0149","False","False","19","10/14/2021 12:01:00 AM","No Pedestrians Involved","Dry","No Unusual Conditions","Dark - Street Light","Violation Driver 1","No Controls Present/Factor","Clear","Rear End","Related","Parked Vehicle","Not Applicable","Not Applicable","South Of",""
"679328","CR-0000088533","1","1","0","0","21-287-0981","False","False","81","10/14/2021 9:56:00 PM","No Pedestrians Involved","Dry","No Unusual Conditions","Dark - Street Light","Violation Driver 1","No Controls Present/Factor","Clear","Rear End","Non-Related","Other Vehicle","Not Applicable","Not Applicable","West Of","DUI"
"679329","CR-0000088534","0","0","0","0","21-287-0160","False","False","0","10/14/2021 7:15:00 AM","No Pedestrians Involved","Dry","No Unusual Conditions","Dusk - Dawn","Violation Driver 1","Controls Functioning","Clear","Broadside","Intersection","Other Vehicle","Not Applicable","Not Applicable","At",""
"679330","CR-0000088535","0","1","0","0","21-287-0197","False","False","0","10/14/2021 7:20:00 AM","Crossing In Crosswalk - At Intersection","Dry","No Unusual Conditions","Daylight","Violation Driver 1","Controls Functioning","Clear","Vehicle/Pedestrian","Intersection","Pedestrian","North","North","At","PED"
"679331","CR-0000088536","1","0","0","0","21-287-0196","False","False","0","10/14/2021 8:44:00 AM","No Pedestrians Involved","Dry","No Unusual Conditions","Daylight","Violation Driver 1","No Controls Present/Factor","Clear","Head On","Intersection","Other Vehicle","Not Applicable","Not Applicable","At",""
"679332","CR-0000088537","0","0","0","0","21-295-9706","False","True","","10/14/2021 1:10:00 PM","No Pedestrians Involved","Dry","No Unusual Conditions","Daylight","Unknown","Controls Functioning","Clear","Rear End","Non-Related","Other Vehicle","Not Applicable","Not Applicable","East Of",""
"679333","CR-0000088538","1","0","0","0","21-287-0599","False","False","250","10/14/2021 3:25:00 PM","No Pedestrians Involved","Dry","No Unusual Conditions","Daylight","Violation Driver 1","Controls Functioning","Clear","Broadside","Non-Related","Bike","Not Applicable","Not Applicable","South Of","Bike"
"679334","CR-0000088539","1","0","0","0","21-287-0627","False","False","0","10/14/2021 3:59:00 PM","No Pedestrians Involved","Dry","No Unusual Conditions","Daylight","Violation Driver 1","No Controls Present/Factor","Clear","Broadside","Intersection","Other Vehicle","Not Applicable","Not Applicable","At",""
"679335","CR-0000088540","0","0","1","0","21-287-0363","False","False","255","10/14/2021 11:18:00 AM","No Pedestrians Involved","Dry","No Unusual Conditions","Daylight","Violation Driver 1","Controls Functioning","Clear","Sideswipe","Non-Related","Motorcycle","Not Applicable","Not Applicable","East Of",""
"679336","CR-0000088541","1","0","0","0","21-287-0783","False","False","396","10/14/2021 6:06:00 PM","Crossing - Not In Crosswalk","Dry","No Unusual Conditions","Daylight","Pedestrian At Fault","No Controls Present/Factor","Clear","Vehicle/Pedestrian","Non-Related","Pedestrian","West","West","South Of","Ped"
"679337","CR-0000088543","1","0","0","0","21-289-0262","False","False","0","10/16/2021 8:59:00 AM","No Pedestrians Involved","Dry","No Unusual Conditions","Daylight","Violation Driver 1","Controls Functioning","Clear","Broadside","Intersection","Other Vehicle","Not Applicable","Not Applicable","At",""
"679338","CR-0000088544","0","0","0","0","21-303-0141","False","False","99","10/30/2021 2:36:00 AM","No Pedestrians Involved","Dry","No Unusual Conditions","Dark - Street Light","Violation Driver 1","No Controls Present/Factor","Clear","Sideswipe","Non-Related","Parked Vehicle","Not Applicable","Not Applicable","West Of",""
"679339","CR-0000088545","0","0","0","0","21-303-0278","True","False","34","10/30/2021 8:23:00 AM","No Pedestrians Involved","Dry","No Unusual Conditions","Daylight","Violation Driver 1","Controls Functioning","Clear","Hit Object","Related","Fixed Object","Not Applicable","Not Applicable","South Of","Electric box, wall"
"679340","CR-0000088546","0","0","0","0","21-303-0145","False","False","0","10/30/2021 2:40:00 AM","No Pedestrians Involved","Dry","No Unusual Conditions","Dark - Street Light","Violation Driver 1","Controls Functioning","Clear","Broadside","Intersection","Other Vehicle","Not Applicable","Not Applicable","At",""
"679341","CR-0000088547","0","0","0","0","21-303-0281","False","False","0","10/30/2021 8:27:00 AM","No Pedestrians Involved","Dry","No Unusual Conditions","Daylight","Violation Driver 1","Controls Functioning","Clear","Broadside","Intersection","Other Vehicle","Not Applicable","Not Applicable","At",""
"679342","CR-0000088548","1","0","0","0","21-303-1024","False","False","0","10/30/2021 10:24:00 PM","No Pedestrians Involved","Dry","No Unusual Conditions","Dark - Street Light","Violation Driver 1","No Controls Present/Factor","Clear","Broadside","Intersection","Other Vehicle","Not Applicable","Not Applicable","At",""
"679343","CR-0000088549","0","0","0","0","21-303-0816","False","False","60","10/30/2021 7:19:00 PM","No Pedestrians Involved","Dry","No Unusual Conditions","Dark - Street Light","Violation Driver 1","No Controls Present/Factor","Clear","Rear End","Non-Related","Parked Vehicle","Not Applicable","Not Applicable","North Of",""
"679344","CR-0000088550","0","0","0","0","21-303-0860","False","False","390","10/30/2021 7:58:00 PM","No Pedestrians Involved","Dry","No Unusual Conditions","Dark - Street Light","Violation Driver 1","No Controls Present/Factor","Clear","Sideswipe","Non-Related","Other Vehicle","Not Applicable","Not Applicable","East Of",""
"679345","CR-0000088551","0","0","0","0","21-303-0890","False","False","292","10/30/2021 8:30:00 PM","No Pedestrians Involved","Dry","No Unusual Conditions","Dark - Street Light","Violation Driver 1","Unknown","Clear","Sideswipe","Non-Related","Parked Vehicle","Not Applicable","Not Applicable","East Of",""
"679346","CR-0000088552","0","0","0","0","21-303-0897","True","False","0","10/30/2021 8:39:00 PM","No Pedestrians Involved","Dry","No Unusual Conditions","Dark - Street Light","Violation Driver 1","Controls Functioning","Clear","Broadside","Intersection","Motor Vehicle On Other Roadway","Not Applicable","Not Applicable","At","Traffic signal"
"679347","CR-0000088553","0","0","0","0","21-304-0317","False","False","120","10/30/2021 9:30:00 PM","No Pedestrians Involved","Dry","No Unusual Conditions","Daylight","Violation Driver 1","No Controls Present/Factor","Clear","Sideswipe","Non-Related","Parked Vehicle","Not Applicable","Not Applicable","North Of",""
"679348","CR-0000088554","0","0","0","0","21-303-1128","False","False","143","10/30/2021 11:36:00 PM","No Pedestrians Involved","Dry","No Unusual Conditions","Dark - Street Light","Violation Driver 1","No Controls Present/Factor","Clear","Rear End","Non-Related","Parked Vehicle","Not Applicable","Not Applicable","South Of",""
"679349","CR-0000088555","0","0","0","0","21-304-0173","False","False","89","10/31/2021 2:09:00 AM","No Pedestrians Involved","Dry","No Unusual Conditions","Unknown","Violation Driver 1","Controls Functioning","Clear","Head On","Non-Related","Other Vehicle","Not Applicable","Not Applicable","North Of",""
"679350","CR-0000088556","0","0","0","0","21-304-0175","False","False","171","10/31/2021 9:10:00 PM","No Pedestrians Involved","Dry","No Unusual Conditions","Dark - Street Light","Violation Driver 1","No Controls Present/Factor","Clear","Rear End","Non-Related","Parked Vehicle","Not Applicable","Not Applicable","South Of",""
"679351","CR-0000088557","0","0","0","0","21-304-0218","False","False","0","10/31/2021 3:09:00 AM","No Pedestrians Involved","Dry","No Unusual Conditions","Dark - Street Light","Violation Driver 1","Controls Functioning","Clear","Broadside","Intersection","Other Vehicle","Not Applicable","Not Applicable","At",""
"679352","CR-0000088558","1","0","0","0","21-304-0259","False","False","464","10/31/2021 4:12:00 AM","No Pedestrians Involved","Dry","No Unusual Conditions","Dark - Street Light","Violation Driver 1","No Controls Present/Factor","Clear","Broadside","Non-Related","Parked Vehicle","Not Applicable","Not Applicable","South Of",""
"679353","CR-0000088559","0","0","0","0","21-304-0644","False","False","0","10/31/2021 3:25:00 PM","No Pedestrians Involved","Dry","No Unusual Conditions","Daylight","Violation Driver 1","No Controls Present/Factor","Clear","Head On","Intersection","Other Vehicle","Not Applicable","Not Applicable","At",""
"679354","CR-0000088560","0","0","0","0","21-304-0682","False","False","114","10/31/2021 3:36:00 PM","No Pedestrians Involved","Dry","No Unusual Conditions","Daylight","Violation Driver 1","Controls Functioning","Clear","Sideswipe","Non-Related","Parked Vehicle","Not Applicable","Not Applicable","West Of",""
"679355","CR-0000088561","0","4","0","0","21-304-0727","False","False","75","10/31/2021 5:35:00 PM","No Pedestrians Involved","Dry","No Unusual Conditions","Daylight","Violation Driver 1","No Controls Present/Factor","Clear","Head On","Non-Related","Other Vehicle","Not Applicable","Not Applicable","North Of",""
"679356","CR-0000088562","0","0","0","0","21-292-9706","False","True","0","10/18/2021 11:30:00 AM","No Pedestrians Involved","Dry","No Unusual Conditions","Daylight","Unknown","No Controls Present/Factor","Clear","Sideswipe","Related","Other Vehicle","Not Applicable","Not Applicable","North Of",""
"679357","CR-0000088563","0","0","0","0","21-293-9703","False","True","0","10/19/2021 5:00:00 PM","No Pedestrians Involved","Dry","No Unusual Conditions","Daylight","Unknown","Controls Functioning","Clear","Rear End","Intersection","Other Vehicle","Not Applicable","Not Applicable","At",""
"679358","CR-0000088564","1","0","0","0","21-304-0371","False","False","0","10/31/2021 9:24:00 AM","No Pedestrians Involved","Dry","No Unusual Conditions","Daylight","Violation Driver 1","Controls Functioning","Clear","Broadside","Intersection","Other Vehicle","Not Applicable","Not Applicable","At",""
"679359","CR-0000088565","0","1","0","0","21-292-0538","False","False","0","10/19/2021 2:55:00 PM","Crossing In Crosswalk - At Intersection","Dry","No Unusual Conditions","Daylight","Violation Driver 1","Controls Functioning","Clear","Vehicle/Pedestrian","Intersection","Pedestrian","North","South","At","Pedestrian"
"679360","CR-0000088566","2","0","0","0","21-292-0595","False","False","66","10/19/2021 4:01:00 PM","No Pedestrians Involved","Dry","No Unusual Conditions","Daylight","Violation Driver 1","Controls Functioning","Clear","Head On","Non-Related","Other Vehicle","Not Applicable","Not Applicable","North Of",""
"679361","CR-0000088570","2","0","0","0","21-293-0705","False","False","0","10/20/2021 4:45:00 PM","No Pedestrians Involved","Dry","No Unusual Conditions","Daylight","Violation Driver 1","Controls Functioning","Cloudy","Broadside","Intersection","Other Vehicle","Not Applicable","Not Applicable","At",""
"679362","CR-0000088571","0","1","0","0","21-294-0981","False","False","0","10/21/2021 10:30:00 PM","No Pedestrians Involved","Dry","No Unusual Conditions","Dark - Street Light","Violation Driver 1","Controls Functioning","Clear","Rear End","Intersection","Motorcycle","Not Applicable","Not Applicable","At",""
"679363","CR-0000088572","0","1","0","0","21-294-0686","False","False","465","10/21/2021 5:13:00 PM","No Pedestrians Involved","Dry","No Unusual Conditions","Daylight","Violation Driver 1","Controls Functioning","Clear","Vehicle/Bike","Non-Related","Bike","Not Applicable","Not Applicable","South Of","Bike"
"679364","CR-0000088573","2","0","0","0","21-294-0725","False","False","52","10/21/2021 5:50:00 PM","No Pedestrians Involved","Dry","No Unusual Conditions","Daylight","Violation Driver 1","No Controls Present/Factor","Clear","Broadside","Non-Related","Other Vehicle","Not Applicable","Not Applicable","West Of",""
"679365","CR-0000088574","0","0","0","0","21-295-9702","False","True","0","10/21/2021 6:50:00 PM","No Pedestrians Involved","Slippery (Muddy Oily etc.)","No Unusual Conditions","Dark - Street Light","Unknown","Controls Functioning","Cloudy","Sideswipe","Intersection","Other Vehicle","Not Applicable","Not Applicable","At",""
"679366","CR-0000088576","1","0","0","0","21-300-0790","False","False","63","10/27/2021 5:58:00 PM","No Pedestrians Involved","Dry","No Unusual Conditions","Daylight","Violation Driver 1","No Controls Present/Factor","Clear","Rear End","Non-Related","Other Vehicle","Not Applicable","Not Applicable","East Of",""
"679367","CR-0000088577","1","1","0","0","21-300-0833","False","False","0","10/27/2021 6:55:00 PM","No Pedestrians Involved","Dry","No Unusual Conditions","Dark - Street Light","Violation Driver 1","Controls Functioning","Clear","Broadside","Intersection","Other Vehicle","Not Applicable","Not Applicable","At",""
"679368","CR-0000088578","0","0","1","0","21-301-0326","False","False","312","10/28/2021 10:28:00 AM","No Pedestrians Involved","Dry","No Unusual Conditions","Daylight","Violation Driver 1","Controls Functioning","Clear","Rear End","Non-Related","Other Vehicle","Not Applicable","Not Applicable","West Of",""
"679369","CR-0000088579","0","1","0","0","21-301-0546","False","False","110","10/28/2021 2:39:00 PM","No Pedestrians Involved","Dry","No Unusual Conditions","Daylight","Bike At Fault","Controls Functioning","Clear","Vehicle/Bike","Non-Related","Bike","Not Applicable","Not Applicable","North Of",""
"679370","CR-0000088580","0","1","0","0","21-301-0592","False","False","236","10/28/2021 3:24:00 PM","No Pedestrians Involved","Dry","No Unusual Conditions","Daylight","Violation Driver 1","Controls Functioning","Clear","Sideswipe","Non-Related","Parked Vehicle","Not Applicable","Not Applicable","North Of",""