"CrashFactId","Name","MinorInjuries","ModerateInjuries","SevereInjuries","FatalInjuries","TcrNumber","CityDamageFlag","ShortFormFlag","Distance","CrashDateTime","PedestrianAction","RoadwaySurface","RoadwayCondition","Lighting","PrimaryCollisionFactor","TrafficControl","Weather","CollisionType","ProximityToIntersection","VehicleInvolvedWith","PedestrianDirectionFrom","PedestrianDirectionTo","DirectionFromIntersection","Comment"
"679467","CR-0000088705","0","0","0","0","21-290-0872","False","False","42","10/17/2021 10:34:00 PM","No Pedestrians Involved","Wet","No Unusual Conditions","Dark - Street Light","Violation Driver 1","Controls Functioning","Clear","Rear End","Related","Parked Vehicle","Not Applicable","Not Applicable","East Of",""
"679468","CR-0000088687","2","0","0","0","21-289-0750","False","False","36","10/16/2021 6:16:00 PM","No Pedestrians Involved","Dry","No Unusual Conditions","Daylight","Violation Driver 1","Controls Functioning","Clear","Rear End","Related","Other Vehicle","Not Applicable","Not Applicable","East Of",""
"679469","CR-0000088692","0","1","0","0","21-289-0368","False","False","517","10/16/2021 11:03:00 AM","No Pedestrians Involved","Dry","No Unusual Conditions","Daylight","Violation Driver 1","Controls Functioning","Clear","Rear End","Non-Related","Other Vehicle","Not Applicable","Not Applicable","East Of",""
"679470","CR-0000088659","0","0","1","0","21-152-0248","True","False","36","6/1/2021 8:30:00 AM","No Pedestrians Involved","Dry","No Unusual Conditions","Daylight","Violation Driver 1","Controls Functioning","Clear","Hit Object","Related","Fixed Object","Not Applicable","North","South Of","Traffic signal"
"679471","CR-0000088666","0","0","0","0","21-287-1000","False","False","0","10/14/2021 10:15:00 PM","No Pedestrians Involved","Dry","Unknown","Dark - Street Light","Violation Driver 1","No Controls Present/Factor","Clear","Sideswipe","Intersection","Parked Vehicle","Not Applicable","Not Applicable","At",""
"679472","CR-0000088676","3","0","0","0","21-288-0831","False","False","21","10/15/2021 8:18:00 PM","No Pedestrians Involved","Dry","No Unusual Conditions","Dark - Street Light","Violation Driver 1","Controls Functioning","Clear","Rear End","Related","Other Vehicle","Not Applicable","Not Applicable","East Of",""
"679473","CR-0000088656","0","0","1","0","21-124-0423","False","False","51","5/3/2021 1:00:00 PM","No Pedestrians Involved","Dry","No Unusual Conditions","Daylight","Violation Driver 1","Controls Functioning","Clear","Vehicle/Bike","Non-Related","Bike","Not Applicable","Not Applicable","North Of",""
"679474","CR-0000088685","0","0","0","0","21-289-0590","False","False","100","10/16/2021 4:00:00 PM","No Pedestrians Involved","Dry","No Unusual Conditions","Daylight","Violation Driver 1","No Controls Present/Factor","Unknown","Sideswipe","Non-Related","Other Vehicle","Not Applicable","Not Applicable","North Of",""
"679475","CR-0000088688","3","0","0","0","21-289-0873","False","False","0","10/16/2021 8:08:00 PM","No Pedestrians Involved","Dry","No Unusual Conditions","Dark - Street Light","Violation Driver 1","Controls Functioning","Clear","Broadside","Intersection","Other Vehicle","Not Applicable","Not Applicable","At",""
"679476","CR-0000088670","1","0","0","0","21-288-0503","False","False","","10/15/2021 3:23:00 PM","No Pedestrians Involved","Dry","No Unusual Conditions","Daylight","Violation Driver 1","No Controls Present/Factor","Clear","Broadside","Non-Related","Other Vehicle","Not Applicable","Not Applicable","East Of","San Jose City Vehicle"
"679477","CR-0000088669","4","0","0","0","21-288-0330","False","False","288","10/15/2021 11:34:00 AM","No Pedestrians Involved","Dry","No Unusual Conditions","Daylight","Violation Driver 1","Controls Functioning","Clear","Rear End","Non-Related","Other Vehicle","Not Applicable","Not Applicable","North Of",""
"679478","CR-0000088660","1","0","0","0","21-168-0158","False","False","90","6/11/2021 7:06:00 AM","No Pedestrians Involved","Dry","No Unusual Conditions","Daylight","Bike At Fault","Controls Functioning","Clear","Vehicle/Bike","Non-Related","Bike","Not Applicable","Not Applicable","East Of",""
"679479","CR-0000088679","0","0","0","0","21-292-9708","False","True","51","10/15/2021 12:34:00 AM","No Pedestrians Involved","Dry","No Unusual Conditions","Dark - Street Light","Unknown","No Controls Present/Factor","Unknown","Sideswipe","Non-Related","Parked Vehicle","Not Applicable","Not Applicable","South Of",""
"679480","CR-0000088650","1","0","0","0","21-086-0780","False","False","60","3/27/2021 6:09:00 PM","No Pedestrians Involved","Dry","No Unusual Conditions","Daylight","Violation Driver 1","Controls Functioning","Clear","Sideswipe","Non-Related","Other Vehicle","Not Applicable","Not Applicable","West Of",""
"679481","CR-0000088662","0","2","0","0","21-293-1048","False","False","300","10/20/2021 11:52:00 PM","No Pedestrians Involved","Wet","No Unusual Conditions","Dark - No Street Light","Violation Driver 1","Controls Functioning","Rain","Head On","Non-Related","Other Vehicle","Not Applicable","Not Applicable","South Of",""
"679482","CR-0000088671","1","0","0","0","21-288-0554","False","False","2800","10/15/2021 4:26:00 PM","No Pedestrians Involved","Dry","No Unusual Conditions","Daylight","Violation Driver 1","No Controls Present/Factor","Clear","Head On","Non-Related","Other Vehicle","Not Applicable","Not Applicable","East Of",""
"679483","CR-0000088661","1","0","0","0","21-169-0582","False","False","0","6/18/2021 4:16:00 PM","No Pedestrians Involved","Dry","No Unusual Conditions","Daylight","Violation Driver 1","Controls Functioning","Clear","Broadside","Intersection","Motor Vehicle On Other Roadway","Not Applicable","Not Applicable","At",""
"679484","CR-0000088672","0","0","0","0","21-288-0611","True","False","0","10/15/2021 5:13:00 PM","No Pedestrians Involved","Dry","No Unusual Conditions","Daylight","Violation Driver 1","Controls Functioning","Clear","Hit Object","Intersection","Fixed Object","Not Applicable","Not Applicable","At","Street Light"
"679485","CR-0000088683","0","0","0","0","21-289-0094","False","False","48","10/16/2021 1:55:00 AM","No Pedestrians Involved","Dry","No Unusual Conditions","Dark - Street Light","Violation Driver 1","No Controls Present/Factor","Clear","Hit Object","Related","Fixed Object","Not Applicable","Not Applicable","South Of","Curb"
"679486","CR-0000088651","1","0","0","0","21-029-0198","False","False","0","1/29/2021 8:06:00 AM","No Pedestrians Involved","Wet","No Unusual Conditions","Daylight","Violation Driver 1","Controls Functioning","Cloudy","Broadside","Intersection","Other Vehicle","Not Applicable","Not Applicable","At",""
"679487","CR-0000088654","0","1","0","0","21-119-0010","False","False","0","4/29/2021 12:09:00 AM","No Pedestrians Involved","Dry","No Unusual Conditions","Dark - Street Light","Violation Driver 1","Controls Functioning","Clear","Broadside","Intersection","Train","Not Applicable","Not Applicable","At",""
"679488","CR-0000088655","4","0","1","0","21-122-0524","False","False","0","5/2/2021 2:14:00 PM","No Pedestrians Involved","Dry","No Unusual Conditions","Daylight","Violation Driver 1","No Controls Present/Factor","Clear","Broadside","Intersection","Other Vehicle","Not Applicable","Not Applicable","At",""
"679489","CR-0000088686","0","0","0","0","21-289-0627","False","False","51","10/16/2021 4:38:00 PM","No Pedestrians Involved","Dry","No Unusual Conditions","Daylight","Violation Driver 1","Controls Functioning","Clear","Rear End","Non-Related","Other Vehicle","Not Applicable","Not Applicable","West Of",""
"679490","CR-0000088706","0","1","0","0","21-301-0198","False","False","0","10/28/2021 8:20:00 AM","Crossing - Not In Crosswalk","Dry","No Unusual Conditions","Daylight","Bike At Fault","Controls Functioning","Clear","Vehicle/Bike","Intersection","Bike","West","West","At","Bike"
"679491","CR-0000088652","3","0","0","0","21-117-0294","False","False","0","4/27/2021 9:00:00 AM","No Pedestrians Involved","Dry","No Unusual Conditions","Daylight","Violation Driver 1","No Controls Present/Factor","Clear","Broadside","Intersection","Other Vehicle","Not Applicable","Not Applicable","At",""
"679492","CR-0000088689","1","0","0","0","21-289-1148","False","False","0","10/16/2021 11:40:00 PM","No Pedestrians Involved","Dry","No Unusual Conditions","Dark - Street Light","Violation Driver 1","Controls Functioning","Clear","Head On","Intersection","Other Vehicle","Not Applicable","Not Applicable","At",""
"679493","CR-0000088674","2","0","0","0","21-288-0147","False","False","","10/15/2021 7:28:00 AM","No Pedestrians Involved","Dry","No Unusual Conditions","Daylight","Violation Driver 1","Controls Functioning","Clear","Rear End","Non-Related","Other Vehicle","Not Applicable","Not Applicable","North Of",""
"679494","CR-0000088675","0","0","0","0","21-288-0797","True","False","265","10/15/2021 7:45:00 PM","No Pedestrians Involved","Dry","No Unusual Conditions","Dark - Street Light","Violation Driver 1","No Controls Present/Factor","Clear","Other","Non-Related","Other Vehicle","Not Applicable","Not Applicable","North Of","PD V PD"
"679495","CR-0000088664","0","0","0","0","21-287-0374","False","False","0","10/14/2021 11:33:00 AM","No Pedestrians Involved","Dry","No Unusual Conditions","Daylight","Violation Driver 1","Controls Functioning","Clear","Broadside","Intersection","Other Vehicle","Not Applicable","Not Applicable","At","CSO"
"679496","CR-0000088707","1","0","0","0","21-301-0276","False","False","0","10/28/2021 9:54:00 AM","In Road - Includes Shoulder","Dry","No Unusual Conditions","Daylight","Violation Driver 1","Controls Functioning","Clear","Vehicle/Bike","Intersection","Bike","North","North","At","Bike"
"679497","CR-0000088708","0","0","0","0","21-301-0105","False","False","198","10/28/2021 2:40:00 AM","No Pedestrians Involved","Dry","No Unusual Conditions","Dark - Street Light","Violation Driver 1","No Controls Present/Factor","Clear","Rear End","Non-Related","Parked Vehicle","Not Applicable","Not Applicable","North Of",""
"679498","CR-0000088709","1","0","1","0","21-301-0813","False","False","149","10/28/2021 7:00:00 PM","No Pedestrians Involved","Dry","No Unusual Conditions","Dark - Street Light","Violation Driver 1","Controls Functioning","Clear","Broadside","Non-Related","Other Vehicle","Not Applicable","Not Applicable","West Of",""
"679499","CR-0000088710","2","0","0","0","21-301-0977","False","False","335","10/28/2021 10:21:00 PM","No Pedestrians Involved","Dry","No Unusual Conditions","Dark - Street Light","Violation Driver 1","No Controls Present/Factor","Clear","Broadside","Non-Related","Other Vehicle","Not Applicable","Not Applicable","East Of",""
"679500","CR-0000088711","1","0","0","0","21-301-0055","False","False","430","10/28/2021 1:47:00 AM","No Pedestrians Involved","Dry","No Unusual Conditions","Dark - Street Light","Violation Driver 1","No Controls Present/Factor","Clear","Head On","Non-Related","Parked Vehicle","Not Applicable","Not Applicable","South Of",""
"679501","CR-0000088712","0","0","0","0","21-201-0823","False","False","0","10/28/2021 7:11:00 PM","No Pedestrians Involved","Dry","No Unusual Conditions","Dark - Street Light","Violation Driver 1","No Controls Present/Factor","Clear","Broadside","Intersection","Other Vehicle","Not Applicable","Not Applicable","At",""
"679502","CR-0000088713","0","0","0","0","21-301-0704","False","False","0","10/28/2021 7:21:00 PM","No Pedestrians Involved","Dry","No Unusual Conditions","Daylight","Violation Driver 1","Controls Functioning","Clear","Vehicle/Bike","Intersection","Bike","Not Applicable","Not Applicable","At","Bike"
"679503","CR-0000088714","5","0","0","0","21-302-0960","False","False","0","10/29/2021 8:31:00 PM","No Pedestrians Involved","Dry","No Unusual Conditions","Dark - Street Light Not Functioning","Violation Driver 1","Controls Not Functioning","Clear","Broadside","Intersection","Motor Vehicle On Other Roadway","Not Applicable","Not Applicable","West Of",""
"679504","CR-0000088715","0","0","1","0","21-302-0045","True","False","0","10/29/2021 1:14:00 AM","No Pedestrians Involved","Dry","No Unusual Conditions","Dark - Street Light","Violation Driver 1","Controls Functioning","Clear","Head On","Intersection","Fixed Object","Not Applicable","Not Applicable","At","Light pole, Electric Box"
"679505","CR-0000088716","1","0","0","0","21-302-0007","False","False","43","10/29/2021 12:06:00 AM","No Pedestrians Involved","Dry","No Unusual Conditions","Dark - Street Light","Violation Driver 1","Controls Functioning","Clear","Sideswipe","Related","Other Vehicle","Not Applicable","Not Applicable","South Of",""
"679506","CR-0000088717","4","0","0","0","21-302-0639","False","False","97","10/29/2021 4:01:00 PM","No Pedestrians Involved","Dry","No Unusual Conditions","Daylight","Violation Driver 1","Controls Functioning","Clear","Rear End","Non-Related","Other Vehicle","Not Applicable","Not Applicable","South Of",""
"679507","CR-0000088718","0","0","0","0","21-303-0285","False","False","130","10/29/2021 1:58:00 AM","No Pedestrians Involved","Unknown","Unknown","Unknown","Violation Driver 1","No Controls Present/Factor","Unknown","Rear End","Non-Related","Parked Vehicle","Not Applicable","Not Applicable","East Of",""
"679508","CR-0000088719","1","0","0","0","21-302-0659","False","False","51","10/29/2021 4:20:00 PM","No Pedestrians Involved","Dry","No Unusual Conditions","Daylight","Violation Driver 1","No Controls Present/Factor","Clear","Broadside","Non-Related","Other Vehicle","Not Applicable","Not Applicable","South Of",""
"679509","CR-0000088720","0","0","0","0","21-302-0218","True","False","0","10/29/2021 6:18:00 PM","No Pedestrians Involved","Dry","Construction - Repair Zone","Daylight","Violation Driver 1","No Controls Present/Factor","Clear","Broadside","Intersection","Other Vehicle","Not Applicable","Not Applicable","At","City of San Jose Dump Truck"
"679510","CR-0000088721","0","0","0","0","21-302-0959","False","False","20","10/29/2021 8:20:00 PM","No Pedestrians Involved","Dry","No Unusual Conditions","Dark - Street Light","Violation Driver 1","Controls Functioning","Clear","Sideswipe","Related","Parked Vehicle","Not Applicable","Not Applicable","West Of",""
"679511","CR-0000088722","1","0","0","0","21-299-0441","False","False","0","10/26/2021 12:28:00 PM","No Pedestrians Involved","Dry","No Unusual Conditions","Daylight","Violation Driver 1","Controls Functioning","Clear","Vehicle/Pedestrian","Intersection","Bike","Not Applicable","Not Applicable","At","Bike"
"679512","CR-0000088723","1","0","0","0","21-299-0608","False","False","0","10/26/2021 3:16:00 PM","No Pedestrians Involved","Dry","No Unusual Conditions","Daylight","Violation Driver 1","Controls Functioning","Clear","Rear End","Intersection","Other Vehicle","Not Applicable","Not Applicable","At",""
"679513","CR-0000088724","0","1","1","0","21-299-0024","False","False","1060","10/26/2021 12:26:00 AM","No Pedestrians Involved","Dry","No Unusual Conditions","Dark - Street Light","Violation Driver 1","No Controls Present/Factor","Clear","Head On","Non-Related","Fixed Object","No Direction (Not Walking)","Not Applicable","East Of","Wall"
"679514","CR-0000088725","0","0","0","0","21-299-0300","False","False","300","10/26/2021 9:53:00 AM","No Pedestrians Involved","Dry","No Unusual Conditions","Daylight","Violation Driver 1","Controls Functioning","Clear","Rear End","Non-Related","Other Vehicle","Not Applicable","Not Applicable","North Of",""
"679515","CR-0000088726","0","0","0","0","21-299-0950","False","False","150","10/26/2021 9:55:00 PM","No Pedestrians Involved","Dry","No Unusual Conditions","Dark - Street Light","Violation Driver 1","No Controls Present/Factor","Clear","Sideswipe","Non-Related","Parked Vehicle","Not Applicable","Not Applicable","West Of",""
"679516","CR-0000088727","0","0","0","0","21-299-1007","False","False","90","10/26/2021 11:36:00 PM","No Pedestrians Involved","Dry","No Unusual Conditions","Dark - Street Light","Violation Driver 1","No Controls Present/Factor","Clear","Rear End","Non-Related","Parked Vehicle","Not Applicable","Not Applicable","North Of",""
"679517","CR-0000088728","0","1","0","0","21-300-0523","False","False","0","10/27/2021 1:38:00 PM","No Pedestrians Involved","Dry","No Unusual Conditions","Daylight","Violation Driver 1","Controls Functioning","Clear","Broadside","Intersection","Other Vehicle","Not Applicable","Not Applicable","At",""
"679518","CR-0000088729","0","0","0","0","21-300-0178","False","False","54","10/27/2021 7:00:00 AM","No Pedestrians Involved","Unknown","No Unusual Conditions","Dusk - Dawn","Violation Driver 1","Controls Functioning","Unknown","Rear End","Non-Related","Other Vehicle","Not Applicable","Not Applicable","West Of",""
"679519","CR-0000088730","0","0","0","0","21-300-0163","False","False","0","10/27/2021 9:00:00 AM","No Pedestrians Involved","Dry","No Unusual Conditions","Dark - Street Light","Violation Driver 1","No Controls Present/Factor","Clear","Head On","Intersection","Parked Vehicle","Not Applicable","Not Applicable","At",""
"679520","CR-0000088731","1","0","0","0","21-300-0700","False","False","0","10/27/2021 6:18:00 PM","No Pedestrians Involved","Dry","No Unusual Conditions","Daylight","Violation Driver 1","No Controls Present/Factor","Clear","Broadside","Intersection","Other Vehicle","Not Applicable","Not Applicable","At",""
"679521","CR-0000088732","0","0","0","0","21-300-0243","False","False","105","10/27/2021 9:03:00 AM","No Pedestrians Involved","Dry","No Unusual Conditions","Daylight","Violation Driver 1","No Controls Present/Factor","Clear","Rear End","Non-Related","Parked Vehicle","Not Applicable","Not Applicable","South Of",""
"679522","CR-0000088733","0","0","0","0","21-300-0593","False","False","68","10/27/2021 2:54:00 PM","No Pedestrians Involved","Dry","No Unusual Conditions","Daylight","Violation Driver 1","No Controls Present/Factor","Clear","Rear End","Non-Related","Parked Vehicle","Not Applicable","Not Applicable","West Of",""
"679523","CR-0000088734","0","0","0","0","21-300-0911","False","False","150","10/27/2021 8:20:00 PM","No Pedestrians Involved","Dry","No Unusual Conditions","Dark - Street Light","Violation Driver 1","No Controls Present/Factor","Clear","Broadside","Non-Related","Parked Vehicle","Not Applicable","Not Applicable","North Of",""
"679524","CR-0000088735","0","0","0","0","21-300-0268","False","False","145","10/27/2021 3:00:00 AM","No Pedestrians Involved","Dry","No Unusual Conditions","Dark - Street Light","Violation Driver 1","No Controls Present/Factor","Clear","Rear End","Non-Related","Other Vehicle","Not Applicable","Not Applicable","West Of",""
"679525","CR-0000088736","1","0","0","0","21-300-9710","False","True","0","10/18/2021 4:30:00 PM","Crossing In Crosswalk - At Intersection","Unknown","Unknown","Unknown","Unknown","Unknown","Unknown","Vehicle/Pedestrian","Intersection","Pedestrian","Unknown","Unknown","At","Pedestrian"
"679526","CR-0000088737","1","0","0","0","21-300-0190","False","False","0","10/27/2021 7:26:00 AM","No Pedestrians Involved","Dry","No Unusual Conditions","Daylight","Violation Driver 1","No Controls Present/Factor","Clear","Broadside","Intersection","Other Vehicle","Not Applicable","Not Applicable","At",""
"679527","CR-0000088738","0","0","0","0","21-300-0193","False","False","0","10/27/2021 7:31:00 AM","No Pedestrians Involved","Dry","No Unusual Conditions","Daylight","Violation Driver 1","No Controls Present/Factor","Clear","Rear End","Intersection","Other Vehicle","Not Applicable","Not Applicable","At",""
"679528","CR-0000088739","0","0","0","0","21-300-0249","False","False","0","10/27/2021 8:00:00 AM","No Pedestrians Involved","Dry","No Unusual Conditions","Daylight","Violation Driver 2","Controls Functioning","Clear","Sideswipe","Intersection","Other Vehicle","Not Applicable","Not Applicable","At",""
"679529","CR-0000088740","0","0","0","0","21-311-9703","False","True","0","10/27/2021 5:30:00 PM","No Pedestrians Involved","Dry","No Unusual Conditions","Daylight","Unknown","Controls Functioning","Clear","Sideswipe","Intersection","Other Vehicle","Not Applicable","Not Applicable","South Of",""
"679530","CR-0000088741","0","0","0","0","21-300-1031","True","False","0","10/27/2021 10:53:00 PM","No Pedestrians Involved","Dry","No Unusual Conditions","Dark - Street Light","Violation Driver 1","No Controls Present/Factor","Clear","Hit Object","Intersection","Fixed Object","Not Applicable","Not Applicable","At","Fire hydrant, light pole"
"679531","CR-0000088742","0","0","0","0","21-300-0761","False","False","736","10/27/2021 5:32:00 PM","No Pedestrians Involved","Dry","No Unusual Conditions","Daylight","Violation Driver 1","No Controls Present/Factor","Clear","Broadside","Non-Related","Parked Vehicle","Not Applicable","Not Applicable","West Of",""
"679532","CR-0000088743","0","0","0","0","21-305-0331","False","False","220","11/1/2021 9:57:00 AM","In Road - Includes Shoulder","Wet","No Unusual Conditions","Daylight","Violation Driver 1","No Controls Present/Factor","Rain","Vehicle/Pedestrian","Non-Related","Pedestrian","No Direction (Not Walking)","No Direction (Not Walking)","South Of","Pedestrian"
"679533","CR-0000088744","4","1","0","0","21-305-0280","False","False","0","11/1/2021 8:44:00 AM","No Pedestrians Involved","Dry","No Unusual Conditions","Daylight","Violation Driver 1","Controls Functioning","Cloudy","Sideswipe","Intersection","Other Vehicle","Not Applicable","Not Applicable","At",""
"679534","CR-0000088745","0","1","0","0","21-305-0512","False","False","100","11/1/2021 1:19:00 PM","In Road - Includes Shoulder","Wet","No Unusual Conditions","Daylight","Violation Driver 1","No Controls Present/Factor","Cloudy","Vehicle/Pedestrian","Non-Related","Pedestrian","West","West","East Of","Pedestrian"
"679535","CR-0000088746","1","0","0","0","21-305-0505","False","False","0","11/1/2021 2:06:00 PM","No Pedestrians Involved","Dry","No Unusual Conditions","Daylight","Violation Driver 1","Controls Functioning","Clear","Broadside","Intersection","Other Vehicle","Not Applicable","Not Applicable","At",""
"679536","CR-0000088747","1","1","0","0","21-305-0849","False","False","0","11/1/2021 7:56:00 PM","No Pedestrians Involved","Dry","No Unusual Conditions","Dark - Street Light","Violation Driver 1","Controls Functioning","Clear","Broadside","Intersection","Train","Not Applicable","Not Applicable","At","VTA train"
"679537","CR-0000088748","0","0","0","0","21-305-0006","False","False","0","11/1/2021 12:14:00 AM","No Pedestrians Involved","Dry","No Unusual Conditions","Dark - Street Light","Violation Driver 1","Controls Functioning","Clear","Sideswipe","Intersection","Other Vehicle","Not Applicable","Not Applicable","At",""
"679538","CR-0000088749","0","0","0","0","21-305-0291","True","False","0","11/1/2021 8:56:00 AM","No Pedestrians Involved","Dry","No Unusual Conditions","Daylight","Violation Driver 1","Controls Functioning","Cloudy","Sideswipe","Intersection","Parked Vehicle","Not Applicable","Not Applicable","West Of","City Vehicle DOT"
"679539","CR-0000088750","0","0","0","0","21-305-0400","False","False","0","11/1/2021 11:04:00 AM","No Pedestrians Involved","Wet","No Unusual Conditions","Daylight","Violation Driver 1","No Controls Present/Factor","Rain","Other","Intersection","Parked Vehicle","Not Applicable","Not Applicable","At",""
"679540","CR-0000088751","0","0","0","0","21-305-0474","False","False","320","11/1/2021 1:16:00 PM","No Pedestrians Involved","Wet","Unknown","Daylight","Violation Driver 1","No Controls Present/Factor","Rain","Broadside","Non-Related","Other Vehicle","Not Applicable","Not Applicable","North Of",""
"679541","CR-0000088752","0","0","0","0","21-305-9712","False","True","0","11/1/2021 1:36:00 PM","No Pedestrians Involved","Wet","No Unusual Conditions","Daylight","Unknown","Controls Functioning","Clear","Rear End","Intersection","Other Vehicle","Not Applicable","Not Applicable","East Of",""
"679542","CR-0000088753","0","0","0","0","21-305-0751","False","False","0","11/1/2021 6:10:00 PM","No Pedestrians Involved","Dry","No Unusual Conditions","Daylight","Violation Driver 1","Controls Functioning","Clear","Rear End","Intersection","Other Vehicle","Not Applicable","Not Applicable","East Of",""
"679543","CR-0000088754","0","0","0","0","21-295-0161","False","False","0","10/22/2021 7:05:00 AM","No Pedestrians Involved","Wet","No Unusual Conditions","Daylight","Unknown","Controls Not Functioning","Rain","Other","Intersection","Other Vehicle","Not Applicable","Not Applicable","At",""
"679544","CR-0000088755","1","1","0","0","21-306-0235","False","False","0","11/2/2021 9:00:00 AM","No Pedestrians Involved","Dry","No Unusual Conditions","Daylight","Violation Driver 1","Controls Functioning","Clear","Broadside","Intersection","Other Vehicle","Not Applicable","Not Applicable","At",""
"679545","CR-0000088756","0","1","0","0","21-306-0366","False","False","230","11/2/2021 11:43:00 AM","No Pedestrians Involved","Dry","No Unusual Conditions","Daylight","Bike At Fault","No Controls Present/Factor","Clear","Vehicle/Bike","Non-Related","Bike","Not Applicable","Not Applicable","North Of","Bike"
"679546","CR-0000088757","1","0","0","0","21-306-0465","False","False","0","11/2/2021 1:11:00 PM","No Pedestrians Involved","Dry","Unknown","Daylight","Violation Driver 1","Controls Functioning","Clear","Sideswipe","Intersection","Other Vehicle","Not Applicable","Not Applicable","At",""
"679547","CR-0000088758","0","1","0","0","21-306-0628","False","False","300","11/2/2021 3:48:00 PM","No Pedestrians Involved","Dry","No Unusual Conditions","Daylight","Violation Driver 1","No Controls Present/Factor","Clear","Rear End","Non-Related","Other Vehicle","Not Applicable","Not Applicable","West Of",""
"679548","CR-0000088759","1","0","0","0","21-306-0645","False","False","0","11/2/2021 4:01:00 PM","No Pedestrians Involved","Dry","No Unusual Conditions","Daylight","Violation Driver 1","Controls Functioning","Clear","Rear End","Intersection","Other Vehicle","Not Applicable","Not Applicable","At",""
"679549","CR-0000088760","0","1","0","0","21-306-0680","False","False","0","11/2/2021 4:32:00 PM","No Pedestrians Involved","Dry","No Unusual Conditions","Daylight","Violation Driver 1","Controls Functioning","Clear","Broadside","Intersection","Other Vehicle","Not Applicable","Not Applicable","At",""
"679550","CR-0000088761","0","0","0","0","21-306-0020","False","False","210","11/2/2021 12:25:00 AM","No Pedestrians Involved","Dry","No Unusual Conditions","Dark - Street Light","Violation Driver 1","No Controls Present/Factor","Clear","Sideswipe","Non-Related","Parked Vehicle","Not Applicable","Not Applicable","North Of",""
"679551","CR-0000088762","1","0","0","0","21-306-0222","False","False","0","11/2/2021 8:37:00 AM","No Pedestrians Involved","Dry","No Unusual Conditions","Daylight","Violation Driver 1","Controls Functioning","Cloudy","Sideswipe","Intersection","Other Vehicle","Not Applicable","Not Applicable","East Of",""
"679552","CR-0000088763","1","0","0","0","21-307-0318","False","False","0","11/2/2021 11:00:00 AM","In Road - Includes Shoulder","Dry","No Unusual Conditions","Dark - Street Light","Violation Driver 1","No Controls Present/Factor","Clear","Vehicle/Pedestrian","Intersection","Pedestrian","North","North","At","Pedestrian, Electric skateboard"
"679553","CR-0000088764","0","0","0","0","21-306-0669","False","False","200","11/2/2021 4:22:00 PM","No Pedestrians Involved","Dry","No Unusual Conditions","Daylight","Violation Driver 1","Controls Functioning","Clear","Rear End","Non-Related","Other Vehicle","Not Applicable","Not Applicable","South Of",""
"679554","CR-0000088765","0","0","0","0","21-306-0675","True","False","0","11/2/2021 4:27:00 PM","No Pedestrians Involved","Dry","No Unusual Conditions","Daylight","Violation Driver 1","Controls Functioning","Clear","Hit Object","Intersection","Fixed Object","Not Applicable","Not Applicable","At","Signal light"
"679555","CR-0000088766","1","0","0","0","21-306-0888","False","False","0","11/2/2021 8:05:00 PM","No Pedestrians Involved","Dry","No Unusual Conditions","Dark - Street Light","Unknown","Controls Not Functioning","Clear","Rear End","Intersection","Other Vehicle","Not Applicable","Not Applicable","East Of",""
"679556","CR-0000088767","0","0","0","0","21-306-1019","False","False","0","11/2/2021 10:51:00 PM","No Pedestrians Involved","Dry","No Unusual Conditions","Dark - Street Light","Violation Driver 1","Controls Functioning","Clear","Hit Object","Intersection","Fixed Object","Not Applicable","Not Applicable","West Of","Fire Hydrant"
"679557","CR-0000088768","1","0","0","0","21-306-1048","False","False","318","11/2/2021 11:22:00 PM","No Pedestrians Involved","Dry","No Unusual Conditions","Dark - Street Light","Violation Driver 1","No Controls Present/Factor","Clear","Sideswipe","Non-Related","Parked Vehicle","Not Applicable","Not Applicable","East Of",""
"679558","CR-0000088769","0","1","0","0","21-307-0498","False","False","0","11/3/2021 1:45:00 PM","No Pedestrians Involved","Dry","No Unusual Conditions","Daylight","Violation Driver 1","Controls Functioning","Clear","Broadside","Intersection","Other Vehicle","Not Applicable","Not Applicable","At",""
"679559","CR-0000088770","1","1","0","0","21-307-0348","False","False","0","11/3/2021 10:48:00 AM","No Pedestrians Involved","Dry","No Unusual Conditions","Daylight","Unknown","Controls Functioning","Clear","Broadside","Intersection","Other Vehicle","Not Applicable","Not Applicable","At",""
"679560","CR-0000088771","1","1","0","0","21-307-0379","False","False","0","11/3/2021 11:30:00 AM","No Pedestrians Involved","Dry","No Unusual Conditions","Daylight","Violation Driver 1","Unknown","Clear","Rear End","Intersection","Other Vehicle","Not Applicable","Not Applicable","North Of",""
"679561","CR-0000088772","0","1","0","0","21-307-0481","False","False","0","11/3/2021 1:30:00 PM","No Pedestrians Involved","Dry","No Unusual Conditions","Daylight","Violation Driver 1","Controls Functioning","Clear","Sideswipe","Intersection","Bike","Not Applicable","Not Applicable","At","Bike"
"679562","CR-0000088773","0","1","0","0","21-307-0581","True","False","0","11/3/2021 3:00:00 PM","No Pedestrians Involved","Dry","No Unusual Conditions","Daylight","Violation Driver 1","Controls Functioning","Clear","Hit Object","Intersection","Fixed Object","Not Applicable","Not Applicable","At","Signal pole"
"679563","CR-0000088774","2","0","0","0","21-307-0658","False","False","240","11/3/2021 4:07:00 PM","No Pedestrians Involved","Dry","No Unusual Conditions","Daylight","Violation Driver 1","Unknown","Clear","Rear End","Non-Related","Other Vehicle","Not Applicable","Not Applicable","North Of",""