"CrashFactId","Name","MinorInjuries","ModerateInjuries","SevereInjuries","FatalInjuries","TcrNumber","CityDamageFlag","ShortFormFlag","Distance","CrashDateTime","PedestrianAction","RoadwaySurface","RoadwayCondition","Lighting","PrimaryCollisionFactor","TrafficControl","Weather","CollisionType","ProximityToIntersection","VehicleInvolvedWith","PedestrianDirectionFrom","PedestrianDirectionTo","DirectionFromIntersection","Comment"
"679564","CR-0000088775","1","0","0","0","21-307-0804","False","False","0","11/3/2021 6:38:00 PM","In Road - Includes Shoulder","Dry","No Unusual Conditions","Daylight","Violation Driver 1","No Controls Present/Factor","Clear","Vehicle/Pedestrian","Intersection","Pedestrian","Unknown","Unknown","North Of","Pedestrian"
"679565","CR-0000088776","0","0","0","0","21-307-0027","False","False","378","11/3/2021 12:45:00 AM","No Pedestrians Involved","Dry","No Unusual Conditions","Dark - Street Light","Violation Driver 1","No Controls Present/Factor","Clear","Sideswipe","Non-Related","Parked Vehicle","Not Applicable","Not Applicable","West Of",""
"679566","CR-0000088777","0","0","0","0","21-307-0042","False","False","85","11/3/2021 1:23:00 AM","No Pedestrians Involved","Dry","No Unusual Conditions","Dark - Street Light","Violation Driver 1","Controls Functioning","Clear","Sideswipe","Non-Related","Parked Vehicle","Not Applicable","Not Applicable","West Of",""
"679567","CR-0000088778","0","0","0","0","21-307-0122","True","False","0","11/3/2021 7:28:00 AM","No Pedestrians Involved","Dry","No Unusual Conditions","Dark - Street Light","Violation Driver 1","Controls Functioning","Clear","Hit Object","Intersection","Fixed Object","Not Applicable","Not Applicable","At","Traffic signal"
"679568","CR-0000088779","0","0","0","0","21-307-0697","True","False","830","11/3/2021 4:43:00 PM","No Pedestrians Involved","Dry","No Unusual Conditions","Daylight","Violation Driver 1","No Controls Present/Factor","Clear","Hit Object","Non-Related","Fixed Object","Not Applicable","Not Applicable","West Of","Light pole"
"679569","CR-0000088780","0","0","0","0","21-307-0819","False","False","0","11/3/2021 6:59:00 PM","No Pedestrians Involved","Dry","No Unusual Conditions","Dark - Street Light","Violation Driver 1","No Controls Present/Factor","Clear","Broadside","Intersection","Other Vehicle","Not Applicable","Not Applicable","East Of",""
"679570","CR-0000088781","0","0","0","0","21-307-0756","False","False","184","11/3/2021 5:41:00 PM","No Pedestrians Involved","Dry","No Unusual Conditions","Dusk - Dawn","Violation Driver 1","Controls Functioning","Clear","Sideswipe","Non-Related","Other Vehicle","Not Applicable","Not Applicable","East Of",""
"679626","CR-0000088861","0","0","0","0","21-311-0061","False","False","0","11/7/2021 12:59:00 AM","No Pedestrians Involved","Dry","No Unusual Conditions","Dark - Street Light","Violation Driver 1","No Controls Present/Factor","Clear","Hit Object","Intersection","Parked Vehicle","Not Applicable","Not Applicable","At",""
"679631","CR-0000088862","0","0","0","0","21-311-0108","False","False","0","11/7/2021 4:44:00 AM","No Pedestrians Involved","Dry","No Unusual Conditions","Dark - No Street Light","Violation Driver 1","Controls Functioning","Clear","Head On","Intersection","Parked Vehicle","Not Applicable","Not Applicable","West Of",""
"679635","CR-0000088860","0","0","0","0","21-310-1043","False","False","110","11/7/2021 12:12:00 AM","No Pedestrians Involved","Dry","No Unusual Conditions","Dark - Street Light","Violation Driver 1","Controls Functioning","Clear","Rear End","Non-Related","Parked Vehicle","Not Applicable","Not Applicable","South Of",""
"679636","CR-0000088859","2","0","0","0","21-311-0580","False","False","0","11/7/2021 2:16:00 PM","No Pedestrians Involved","Dry","No Unusual Conditions","Daylight","Violation Driver 1","Unknown","Cloudy","Other","Intersection","Other Vehicle","Not Applicable","Not Applicable","At",""
"679650","CR-0000088864","0","0","0","0","21-311-0242","True","False","0","11/7/2021 5:31:00 AM","No Pedestrians Involved","Dry","No Unusual Conditions","Daylight","Violation Driver 1","Controls Functioning","Clear","Hit Object","Intersection","Fixed Object","Not Applicable","Not Applicable","East Of","Tree"
"679651","CR-0000088865","0","0","0","0","21-311-0891","False","False","290","11/7/2021 8:44:00 PM","No Pedestrians Involved","Dry","No Unusual Conditions","Dark - Street Light","Violation Driver 1","No Controls Present/Factor","Clear","Rear End","Non-Related","Parked Vehicle","Not Applicable","Not Applicable","North Of",""
"679652","CR-0000088866","0","0","1","0","21-312-0507","False","False","0","11/8/2021 1:53:00 PM","No Pedestrians Involved","Dry","No Unusual Conditions","Daylight","Violation Driver 1","Controls Functioning","Clear","Broadside","Intersection","Other Vehicle","Not Applicable","Not Applicable","North Of",""
"679653","CR-0000088867","0","0","0","0","21-312-0913","False","False","0","11/8/2021 9:56:00 PM","No Pedestrians Involved","Dry","No Unusual Conditions","Dark - Street Light","Violation Driver 1","Controls Functioning","Clear","Broadside","Intersection","Other Vehicle","Not Applicable","Not Applicable","At",""
"679654","CR-0000088868","1","0","0","0","21-312-0182","False","False","880","11/8/2021 7:55:00 AM","No Pedestrians Involved","Dry","No Unusual Conditions","Daylight","Violation Driver 1","Controls Functioning","Clear","Rear End","Non-Related","Other Vehicle","Not Applicable","Not Applicable","South Of",""
"679655","CR-0000088869","4","0","0","0","21-312-0733","False","False","0","11/8/2021 5:45:00 PM","No Pedestrians Involved","Dry","No Unusual Conditions","Dark - Street Light","Violation Driver 1","Controls Functioning","Cloudy","Rear End","Intersection","Other Vehicle","Not Applicable","Not Applicable","North Of",""
"679656","CR-0000088870","0","0","0","0","21-312-0018","True","False","820","11/8/2021 12:21:00 AM","No Pedestrians Involved","Dry","No Unusual Conditions","Dark - Street Light","Violation Driver 1","No Controls Present/Factor","Clear","Hit Object","Non-Related","Fixed Object","Not Applicable","Not Applicable","East Of","Tree, Fence"
"679657","CR-0000088871","0","0","0","0","21-312-0794","False","False","134","11/8/2021 6:40:00 PM","No Pedestrians Involved","Dry","No Unusual Conditions","Dark - Street Light","Violation Driver 1","Unknown","Cloudy","Rear End","Non-Related","Other Vehicle","Not Applicable","Not Applicable","South Of",""
"679658","CR-0000088872","0","0","0","0","21-313-0228","False","False","336","11/9/2021 6:45:00 AM","No Pedestrians Involved","Dry","No Unusual Conditions","Daylight","Unknown","No Controls Present/Factor","Cloudy","Broadside","Non-Related","Other Vehicle","Not Applicable","Not Applicable","East Of",""
"679659","CR-0000088873","0","0","0","0","21-313-0184","False","False","180","11/9/2021 8:20:00 AM","No Pedestrians Involved","Wet","No Unusual Conditions","Daylight","Violation Driver 1","Unknown","Cloudy","Sideswipe","Non-Related","Parked Vehicle","Not Applicable","Not Applicable","South Of",""
"679660","CR-0000088874","1","0","0","0","21-313-0311","False","False","160","11/9/2021 10:40:00 AM","No Pedestrians Involved","Dry","No Unusual Conditions","Daylight","Violation Driver 1","Controls Functioning","Cloudy","Rear End","Non-Related","Other Vehicle","Not Applicable","Not Applicable","West Of",""
"679661","CR-0000088875","0","0","0","0","21-313-0620","False","False","300","11/9/2021 3:27:00 PM","No Pedestrians Involved","Dry","No Unusual Conditions","Daylight","Violation Driver 1","No Controls Present/Factor","Clear","Sideswipe","Non-Related","Parked Vehicle","Not Applicable","Not Applicable","East Of",""
"679662","CR-0000088876","2","0","0","0","21-313-0711","False","False","0","11/9/2021 5:29:00 PM","No Pedestrians Involved","Dry","No Unusual Conditions","Dark - Street Light","Violation Driver 1","Unknown","Clear","Rear End","Intersection","Other Vehicle","Not Applicable","Not Applicable","East Of",""
"679663","CR-0000088877","2","0","0","0","21-313-0757","False","False","0","11/9/2021 6:28:00 PM","No Pedestrians Involved","Dry","No Unusual Conditions","Daylight","Violation Driver 1","Controls Functioning","Clear","Broadside","Intersection","Other Vehicle","Not Applicable","Not Applicable","At",""
"679664","CR-0000088878","2","0","1","0","21-313-0842","False","False","0","11/9/2021 7:54:00 PM","No Pedestrians Involved","Dry","No Unusual Conditions","Dark - Street Light","Violation Driver 1","Controls Functioning","Clear","Head On","Intersection","Other Vehicle","Not Applicable","Not Applicable","At",""
"679665","CR-0000088879","0","0","0","0","21-313-0474","True","False","515","11/9/2021 1:46:00 PM","No Pedestrians Involved","Dry","No Unusual Conditions","Daylight","Violation Driver 1","No Controls Present/Factor","Cloudy","Hit Object","Non-Related","Fixed Object","Not Applicable","Not Applicable","East Of","Light pole"
"679666","CR-0000088880","0","0","0","0","21-314-0884","False","False","0","11/10/2021 8:29:00 PM","No Pedestrians Involved","Dry","No Unusual Conditions","Dark - Street Light","Violation Driver 1","Controls Functioning","Clear","Rear End","Intersection","Other Vehicle","Not Applicable","Not Applicable","West Of",""
"679667","CR-0000088881","0","0","0","0","21-314-0084","False","False","0","11/10/2021 2:10:00 AM","No Pedestrians Involved","Dry","No Unusual Conditions","Dark - Street Light","Violation Driver 1","Controls Functioning","Clear","Sideswipe","Intersection","Other Vehicle","Not Applicable","Not Applicable","At",""
"679668","CR-0000088882","0","0","0","0","21-314-0212","True","False","0","11/10/2021 8:00:00 AM","No Pedestrians Involved","Dry","No Unusual Conditions","Daylight","Violation Driver 1","Controls Functioning","Clear","Hit Object","Intersection","Fixed Object","Not Applicable","Not Applicable","At","Signal light"
"679669","CR-0000088883","0","0","0","0","21-314-0242","False","False","0","11/10/2021 8:50:00 AM","No Pedestrians Involved","Dry","No Unusual Conditions","Daylight","Violation Driver 1","Controls Functioning","Clear","Sideswipe","Intersection","Other Vehicle","Not Applicable","Not Applicable","At",""
"679670","CR-0000088884","0","0","0","0","21-314-0300","False","False","0","11/10/2021 10:02:00 AM","No Pedestrians Involved","Dry","No Unusual Conditions","Daylight","Violation Driver 1","Controls Functioning","Clear","Sideswipe","Intersection","Other Vehicle","Not Applicable","Not Applicable","At",""
"679671","CR-0000088885","0","0","0","0","21-314-0437","False","False","0","11/10/2021 12:30:00 PM","No Pedestrians Involved","Unknown","No Unusual Conditions","Daylight","Violation Driver 1","Unknown","Unknown","Sideswipe","Intersection","Other Vehicle","Not Applicable","Not Applicable","At",""
"679672","CR-0000088886","0","0","0","0","21-314-0617","True","False","0","11/10/2021 3:23:00 PM","No Pedestrians Involved","Dry","No Unusual Conditions","Daylight","Violation Driver 1","No Controls Present/Factor","Clear","Hit Object","Intersection","Fixed Object","Not Applicable","Not Applicable","At","Fence"
"679673","CR-0000088887","1","0","0","0","21-314-0754","False","False","320","11/10/2021 5:50:00 PM","No Pedestrians Involved","Dry","No Unusual Conditions","Dark - Street Light","Violation Driver 1","Controls Functioning","Clear","Rear End","Non-Related","Motor Vehicle On Other Roadway","Not Applicable","Not Applicable","North Of",""
"679674","CR-0000088888","0","0","0","0","21-314-0958","True","False","0","11/10/2021 10:35:00 PM","No Pedestrians Involved","Dry","No Unusual Conditions","Dark - Street Light","Violation Driver 1","Controls Functioning","Clear","Broadside","Intersection","Other Vehicle","Not Applicable","Not Applicable","At","Electric box"
"679675","CR-0000088889","0","0","1","0","21-315-0198","False","False","100","11/11/2021 8:50:00 AM","No Pedestrians Involved","Dry","No Unusual Conditions","Daylight","Violation Driver 1","No Controls Present/Factor","Clear","Broadside","Non-Related","Motorcycle","Not Applicable","Not Applicable","South Of",""
"679676","CR-0000088890","1","0","0","0","21-315-0197","True","False","0","11/11/2021 8:49:00 AM","No Pedestrians Involved","Dry","No Unusual Conditions","Daylight","Violation Driver 1","Controls Functioning","Clear","Hit Object","Intersection","Fixed Object","Not Applicable","Not Applicable","North Of","Tree"
"679677","CR-0000088891","0","1","0","0","21-315-0509","True","False","0","11/11/2021 3:31:00 PM","No Pedestrians Involved","Dry","No Unusual Conditions","Daylight","Violation Driver 1","Controls Functioning","Clear","Hit Object","Intersection","Fixed Object","Not Applicable","Not Applicable","At","Light pole"
"679678","CR-0000088892","0","0","0","0","21-315-0629","False","False","150","11/11/2021 5:21:00 PM","No Pedestrians Involved","Dry","No Unusual Conditions","Dusk - Dawn","Violation Driver 1","No Controls Present/Factor","Clear","Sideswipe","Non-Related","Parked Vehicle","Not Applicable","Not Applicable","East Of",""
"679679","CR-0000088893","0","1","0","0","21-315-0721","False","False","60","11/11/2021 6:58:00 PM","No Pedestrians Involved","Dry","No Unusual Conditions","Dark - Street Light","Violation Driver 1","No Controls Present/Factor","Clear","Vehicle/Bike","Non-Related","Bike","Not Applicable","Not Applicable","South Of","E-scooter/bike"
"679680","CR-0000088894","2","0","0","0","21-315-0771","False","False","510","11/11/2021 8:05:00 PM","No Pedestrians Involved","Dry","No Unusual Conditions","Dark - Street Light","Violation Driver 1","Unknown","Clear","Broadside","Non-Related","Other Vehicle","Not Applicable","Not Applicable","West Of",""
"679681","CR-0000088896","0","1","0","0","21-308-0170","True","False","556","11/4/2021 8:04:00 AM","No Pedestrians Involved","Wet","Unknown","Daylight","Violation Driver 1","Controls Functioning","Clear","Hit Object","Non-Related","Fixed Object","Not Applicable","Not Applicable","South Of","Tree"
"679682","CR-0000088897","0","1","1","0","21-308-0337","False","False","479","11/4/2021 11:11:00 AM","No Pedestrians Involved","Dry","No Unusual Conditions","Daylight","Violation Driver 1","Controls Functioning","Clear","Head On","Non-Related","Other Vehicle","Not Applicable","Not Applicable","South Of",""
"679683","CR-0000088898","0","0","0","0","21-308-0014","True","False","28","11/4/2021 12:07:00 AM","No Pedestrians Involved","Dry","No Unusual Conditions","Dark - Street Light","Violation Driver 1","Controls Functioning","Clear","Hit Object","Related","Other Object","Not Applicable","Not Applicable","North Of","Parking Meter
Tree"
"679684","CR-0000088899","0","0","0","0","21-308-0070","False","False","0","11/4/2021 2:44:00 AM","No Pedestrians Involved","Dry","No Unusual Conditions","Dark - Street Light","Violation Driver 1","No Controls Present/Factor","Clear","Rear End","Intersection","Parked Vehicle","Not Applicable","Not Applicable","At",""
"679685","CR-0000088900","0","0","0","0","21-308-0255","False","False","0","11/4/2021 9:00:00 AM","No Pedestrians Involved","Dry","No Unusual Conditions","Daylight","Violation Driver 1","Controls Functioning","Clear","Rear End","Intersection","Other Vehicle","Not Applicable","Not Applicable","At",""
"679686","CR-0000088901","0","0","1","0","21-308-0220","False","False","51","11/4/2021 9:08:00 AM","No Pedestrians Involved","Dry","No Unusual Conditions","Daylight","Violation Driver 1","No Controls Present/Factor","Clear","Rear End","Non-Related","Other Vehicle","Not Applicable","Not Applicable","East Of",""
"679687","CR-0000088902","1","0","0","0","21-308-0338","True","False","186","11/4/2021 11:13:00 AM","No Pedestrians Involved","Dry","No Unusual Conditions","Daylight","Violation Driver 1","Controls Functioning","Clear","Hit Object","Non-Related","Fixed Object","Not Applicable","Not Applicable","North Of","Tree"
"679688","CR-0000088903","1","0","0","0","21-308-0349","False","False","0","11/4/2021 11:26:00 AM","No Pedestrians Involved","Wet","No Unusual Conditions","Daylight","Violation Driver 1","Controls Functioning","Cloudy","Broadside","Intersection","Other Vehicle","Not Applicable","Not Applicable","At",""
"679689","CR-0000088904","0","0","0","0","21-308-0486","False","False","135","11/4/2021 1:44:00 PM","No Pedestrians Involved","Dry","No Unusual Conditions","Daylight","Violation Driver 1","Controls Functioning","Clear","Rear End","Non-Related","Other Vehicle","Not Applicable","Not Applicable","East Of",""
"679690","CR-0000088905","0","0","0","0","21-308-0923","False","False","111","11/4/2021 8:44:00 PM","No Pedestrians Involved","Dry","No Unusual Conditions","Dark - Street Light","Unknown","Unknown","Clear","Sideswipe","Non-Related","Parked Vehicle","Not Applicable","Not Applicable","South Of",""
"679691","CR-0000088906","1","0","0","0","21-309-0789","False","False","0","11/5/2021 6:42:00 PM","No Pedestrians Involved","Dry","No Unusual Conditions","Dark - Street Light","Violation Driver 1","No Controls Present/Factor","Clear","Broadside","Intersection","Other Vehicle","Not Applicable","Not Applicable","At",""
"679692","CR-0000088907","1","0","0","0","21-309-0954","False","False","0","11/5/2021 9:32:00 PM","No Pedestrians Involved","Dry","No Unusual Conditions","Dark - Street Light","Violation Driver 1","Controls Functioning","Clear","Broadside","Intersection","Other Vehicle","Not Applicable","Not Applicable","At",""
"679693","CR-0000088908","0","2","0","0","21-309-1079","True","False","95","11/5/2021 11:26:00 PM","No Pedestrians Involved","Dry","No Unusual Conditions","Dark - Street Light","Violation Driver 1","Controls Functioning","Clear","Hit Object","Non-Related","Fixed Object","Not Applicable","Not Applicable","East Of","Tree"
"679694","CR-0000088909","1","0","0","0","21-309-0044","False","False","0","11/5/2021 12:55:00 AM","No Pedestrians Involved","Dry","No Unusual Conditions","Dark - Street Light","Violation Driver 1","Controls Functioning","Clear","Rear End","Intersection","Other Vehicle","Not Applicable","Not Applicable","At",""
"679695","CR-0000088910","0","0","0","0","21-309-0076","True","False","0","11/5/2021 1:56:00 AM","No Pedestrians Involved","Dry","No Unusual Conditions","Dark - Street Light","Violation Driver 1","Controls Functioning","Clear","Hit Object","Intersection","Other Object","Not Applicable","Not Applicable","At","Traffic Signal"
"679696","CR-0000088911","1","0","1","0","21-309-0570","False","False","0","11/5/2021 3:08:00 PM","No Pedestrians Involved","Dry","No Unusual Conditions","Daylight","Violation Driver 1","Controls Functioning","Clear","Rear End","Intersection","Other Vehicle","Not Applicable","Not Applicable","At",""
"679697","CR-0000088912","1","0","0","0","21-309-0590","False","False","0","11/5/2021 4:00:00 PM","No Pedestrians Involved","Dry","No Unusual Conditions","Daylight","Violation Driver 1","Controls Functioning","Clear","Broadside","Intersection","Other Vehicle","Not Applicable","Not Applicable","At",""
"679698","CR-0000088913","0","0","0","0","21-309-0737","False","False","","11/5/2021 6:00:00 PM","No Pedestrians Involved","Dry","No Unusual Conditions","Daylight","Violation Driver 1","Unknown","Clear","Hit Object","Related","Fixed Object","Not Applicable","Not Applicable","North Of",""
"679699","CR-0000088914","0","0","0","0","21-311-9704","False","True","","11/5/2021 7:00:00 PM","No Pedestrians Involved","Dry","No Unusual Conditions","Dark - Street Light","Unknown","Controls Functioning","Clear","Rear End","Related","Other Vehicle","Not Applicable","Not Applicable","North Of",""
"679700","CR-0000088915","0","0","0","0","21-310-0979","True","False","0","11/6/2021 10:56:00 PM","No Pedestrians Involved","Dry","No Unusual Conditions","Dark - Street Light","Violation Driver 1","Controls Functioning","Clear","Broadside","Intersection","Other Vehicle","Not Applicable","Not Applicable","At","Street Sign"
"679701","CR-0000088916","0","0","0","0","21-310-0982","False","False","51","11/6/2021 11:45:00 PM","No Pedestrians Involved","Wet","Loose Material On Roadway","Dark - Street Light","Violation Driver 1","Unknown","Rain","Sideswipe","Non-Related","Other Vehicle","Not Applicable","Not Applicable","Unknown",""
"679702","CR-0000088917","0","0","0","0","21-310-0115","False","False","25","11/6/2021 1:53:00 AM","No Pedestrians Involved","Dry","No Unusual Conditions","Dark - Street Light","Violation Driver 1","Controls Functioning","Clear","Hit Object","Related","Fixed Object","Not Applicable","Not Applicable","North Of","Curb, Residence"
"679703","CR-0000088918","0","0","0","0","21-310-0230","False","False","18","11/6/2021 8:23:00 AM","No Pedestrians Involved","Dry","No Unusual Conditions","Dusk - Dawn","Violation Driver 1","Controls Functioning","Clear","Broadside","Related","Parked Vehicle","Not Applicable","Not Applicable","West Of",""
"679704","CR-0000088919","0","0","0","0","21-310-0522","False","False","51","11/6/2021 2:35:00 PM","No Pedestrians Involved","Dry","No Unusual Conditions","Daylight","Violation Driver 1","No Controls Present/Factor","Clear","Sideswipe","Non-Related","Other Vehicle","Not Applicable","Not Applicable","North Of",""
"679705","CR-0000088920","0","0","0","0","21-310-0572","False","False","300","11/6/2021 3:56:00 PM","No Pedestrians Involved","Dry","No Unusual Conditions","Daylight","Violation Driver 1","No Controls Present/Factor","Clear","Hit Object","Non-Related","Fixed Object","Not Applicable","Not Applicable","East Of","pole"
"679706","CR-0000088921","0","0","0","0","21-310-0736","False","False","78","11/6/2021 6:40:00 PM","No Pedestrians Involved","Dry","No Unusual Conditions","Dark - Street Light","Violation Driver 1","Controls Functioning","Clear","Rear End","Non-Related","Other Vehicle","Not Applicable","Not Applicable","East Of",""
"679707","CR-0000088922","0","0","0","0","21-310-0753","True","False","24","11/6/2021 7:02:00 PM","No Pedestrians Involved","Dry","No Unusual Conditions","Dark - Street Light","Violation Driver 1","No Controls Present/Factor","Clear","Hit Object","Related","Fixed Object","Not Applicable","Not Applicable","West Of",""
"679729","CR-0000088944","0","1","0","0","21-018-0891","False","False","0","1/18/2021 7:00:00 PM","Crossing In Crosswalk - At Intersection","Dry","No Unusual Conditions","Dark - Street Light","Violation Driver 1","Controls Functioning","Clear","Vehicle/Pedestrian","Intersection","Pedestrian","North","South","At","PEDESTRIAN"
"679730","CR-0000088945","2","0","0","0","21-018-0795","False","False","0","1/18/2021 7:15:00 PM","No Pedestrians Involved","Dry","No Unusual Conditions","Dark - Street Light","Violation Driver 1","No Controls Present/Factor","Clear","Broadside","Intersection","Other Vehicle","Not Applicable","Not Applicable","At",""
"679736","CR-0000088951","0","1","0","0","21-023-0652","False","False","148","1/23/2021 5:53:00 PM","Crossing - Not In Crosswalk","Dry","No Unusual Conditions","Dark - Street Light","Violation Driver 1","No Controls Present/Factor","Clear","Vehicle/Pedestrian","Non-Related","Pedestrian","Unknown","Unknown","South Of","PEDESTRIAN"
"679739","CR-0000088954","0","2","2","0","21-002-0203","False","False","415","1/2/2021 10:05:00 AM","No Pedestrians Involved","Wet","No Unusual Conditions","Dusk - Dawn","Violation Driver 1","Unknown","Rain","Head On","Non-Related","Other Vehicle","Not Applicable","Not Applicable","South Of",""
"679740","CR-0000088955","1","0","0","0","21-009-0595","False","False","20","1/9/2021 4:27:00 PM","No Pedestrians Involved","Dry","Unknown","Daylight","Violation Driver 1","Controls Functioning","Clear","Head On","Related","Other Vehicle","Not Applicable","Not Applicable","North Of",""
"679741","CR-0000088956","0","1","0","0","21-012-0049","False","False","51","1/12/2021 1:23:00 AM","In Road - Includes Shoulder","Dry","No Unusual Conditions","Dark - Street Light","Violation Driver 1","Controls Functioning","Clear","Vehicle/Pedestrian","Non-Related","Pedestrian","North","South","North Of","PEDESTRIAN"
"679742","CR-0000088957","3","0","0","0","21-014-0873","False","False","0","1/14/2021 8:45:00 PM","Crossing In Crosswalk - At Intersection","Dry","No Unusual Conditions","Dark - Street Light","Violation Driver 1","Controls Functioning","Clear","Vehicle/Bike","Intersection","Bike","West","East","At","BIKE"
"679743","CR-0000088958","0","0","1","0","21-015-0691","False","False","285","1/15/2021 5:26:00 PM","No Pedestrians Involved","Dry","No Unusual Conditions","Dark - Street Light","Violation Driver 1","No Controls Present/Factor","Clear","Broadside","Non-Related","Motorcycle","Not Applicable","Not Applicable","South Of","MOTORCYCLE"
"679744","CR-0000088959","0","0","1","0","21-016-0357","False","False","0","1/16/2021 11:44:00 AM","No Pedestrians Involved","Dry","No Unusual Conditions","Daylight","Violation Driver 1","Controls Functioning","Clear","Sideswipe","Intersection","Other Vehicle","Not Applicable","Not Applicable","At",""
"679745","CR-0000088960","2","0","0","0","21-017-0128","False","False","47","1/17/2021 3:53:00 AM","No Pedestrians Involved","Dry","No Unusual Conditions","Dark - Street Light Not Functioning","Violation Driver 1","No Controls Present/Factor","Clear","Rear End","Related","Other Vehicle","Not Applicable","Not Applicable","South Of",""
"679746","CR-0000088961","1","0","0","0","21-017-0201","False","False","0","1/17/2021 8:16:00 AM","No Pedestrians Involved","Dry","No Unusual Conditions","Daylight","Violation Driver 1","Controls Functioning","Clear","Head On","Intersection","Other Vehicle","Not Applicable","Not Applicable","At",""
"679747","CR-0000088962","1","1","0","0","21-018-0601","False","False","30","1/18/2021 3:50:00 PM","No Pedestrians Involved","Dry","No Unusual Conditions","Daylight","Violation Driver 1","Controls Functioning","Clear","Rear End","Related","Other Vehicle","Not Applicable","Not Applicable","South Of",""
"679772","CR-0000088987","0","1","0","0","21-310-0983","False","False","47","11/7/2021 12:39:00 AM","No Pedestrians Involved","Dry","No Unusual Conditions","Dark - Street Light","Violation Driver 1","No Controls Present/Factor","Clear","Head On","Related","Parked Vehicle","Not Applicable","Not Applicable","East Of",""
"679773","CR-0000088988","0","0","0","0","21-311-0148","False","False","17","11/7/2021 2:00:00 AM","No Pedestrians Involved","Dry","No Unusual Conditions","Dark - Street Light","Violation Driver 1","Controls Functioning","Clear","Hit Object","Related","Bike","Not Applicable","Not Applicable","South Of","FENCE"
"679774","CR-0000088991","3","0","0","0","21-315-0646","False","False","53","11/11/2021 6:25:00 PM","No Pedestrians Involved","Dry","No Unusual Conditions","Dark - Street Light","Violation Driver 1","Controls Functioning","Clear","Rear End","Non-Related","Other Vehicle","Not Applicable","Not Applicable","South Of",""
"679812","CR-0000089030","1","0","0","0","21-122-0844","False","False","0","5/2/2021 7:24:00 PM","No Pedestrians Involved","Dry","No Unusual Conditions","Daylight","Violation Driver 1","No Controls Present/Factor","Clear","Broadside","Intersection","Other Vehicle","Not Applicable","Not Applicable","At",""
"679813","CR-0000089031","0","1","0","0","21-122-0810","False","False","0","5/2/2021 7:00:00 PM","No Pedestrians Involved","Dry","No Unusual Conditions","Daylight","Violation Driver 1","Controls Functioning","Clear","Broadside","Intersection","Other Vehicle","Not Applicable","Not Applicable","At",""
"679814","CR-0000089032","1","0","0","0","21-122-0514","False","False","385","5/2/2021 2:02:00 PM","No Pedestrians Involved","Dry","No Unusual Conditions","Daylight","Violation Driver 1","No Controls Present/Factor","Clear","Broadside","Non-Related","Other Vehicle","Not Applicable","Not Applicable","North Of",""
"679815","CR-0000089033","1","1","0","0","21-065-0817","False","False","23","3/6/2021 10:23:00 PM","No Pedestrians Involved","Dry","No Unusual Conditions","Dark - Street Light","Violation Driver 1","Controls Functioning","Clear","Hit Object","Related","Fixed Object","Not Applicable","Not Applicable","South Of","MEDIAN ISLAND"
"679816","CR-0000089034","2","0","0","0","21-221-0982","False","False","164","7/30/2021 9:15:00 PM","No Pedestrians Involved","Dry","Unknown","Dark - Street Light","Violation Driver 1","Controls Functioning","Clear","Head On","Non-Related","Other Vehicle","Not Applicable","Not Applicable","East Of",""
"679817","CR-0000089036","0","0","0","0","21-349-9718","False","True","16","10/15/2021 10:15:00 AM","No Pedestrians Involved","Dry","Construction - Repair Zone","Daylight","Violation Driver 1","No Controls Present/Factor","Clear","Sideswipe","Related","Other Vehicle","Not Applicable","Not Applicable","West Of",""
"679818","CR-0000089037","2","0","0","0","21-302-0531","False","False","0","10/29/2021 2:19:00 PM","No Pedestrians Involved","Dry","No Unusual Conditions","Daylight","Violation Driver 1","No Controls Present/Factor","Clear","Head On","Intersection","Other Vehicle","Not Applicable","Not Applicable","At",""
"679819","CR-0000089038","0","0","0","0","21-350-9706","False","True","51","11/2/2021 4:15:00 PM","No Pedestrians Involved","Dry","No Unusual Conditions","Daylight","Violation Driver 1","No Controls Present/Factor","Clear","Sideswipe","Non-Related","Parked Vehicle","Not Applicable","Not Applicable","North Of",""
"679820","CR-0000089039","1","0","0","0","21-308-0011","False","False","0","11/4/2021 12:04:00 AM","No Pedestrians Involved","Dry","No Unusual Conditions","Dark - Street Light","Violation Driver 1","Controls Functioning","Clear","Sideswipe","Intersection","Other Vehicle","Not Applicable","Not Applicable","At",""
"679821","CR-0000089040","0","1","0","0","21-308-0737","False","False","80","11/4/2021 5:00:00 PM","No Pedestrians Involved","Dry","No Unusual Conditions","Daylight","Bike At Fault","No Controls Present/Factor","Clear","Vehicle/Bike","Non-Related","Bike","Not Applicable","Not Applicable","North Of","BIKE"
"679822","CR-0000089041","2","0","0","0","21-308-0648","False","False","0","11/4/2021 4:40:00 PM","No Pedestrians Involved","Dry","No Unusual Conditions","Daylight","Violation Driver 1","No Controls Present/Factor","Clear","Sideswipe","Intersection","Other Vehicle","Not Applicable","Not Applicable","At",""
"679823","CR-0000089042","0","1","0","0","21-308-0606","False","False","165","11/4/2021 4:00:00 PM","No Pedestrians Involved","Dry","No Unusual Conditions","Daylight","Violation Driver 1","No Controls Present/Factor","Clear","Rear End","Non-Related","Other Vehicle","Not Applicable","Not Applicable","East Of",""