"CrashFactId","Name","MinorInjuries","ModerateInjuries","SevereInjuries","FatalInjuries","TcrNumber","CityDamageFlag","ShortFormFlag","Distance","CrashDateTime","PedestrianAction","RoadwaySurface","RoadwayCondition","Lighting","PrimaryCollisionFactor","TrafficControl","Weather","CollisionType","ProximityToIntersection","VehicleInvolvedWith","PedestrianDirectionFrom","PedestrianDirectionTo","DirectionFromIntersection","Comment"
"680219","CR-0000089441","1","0","0","0","21-046-0609","False","False","0","2/15/2021 5:30:00 PM","No Pedestrians Involved","Dry","No Unusual Conditions","Daylight","Violation Driver 1","Controls Functioning","Clear","Broadside","Intersection","Other Vehicle","Not Applicable","Not Applicable","At",""
"680220","CR-0000089442","1","0","0","0","21-051-0238","False","False","0","2/20/2021 9:46:00 AM","No Pedestrians Involved","Wet","No Unusual Conditions","Daylight","Violation Driver 1","Controls Functioning","Clear","Rear End","Intersection","Other Vehicle","Not Applicable","Not Applicable","At",""
"680221","CR-0000089443","1","0","0","0","21-058-0941","False","False","0","2/27/2021 11:54:00 PM","No Pedestrians Involved","Dry","No Unusual Conditions","Dark - Street Light","Violation Driver 1","Controls Functioning","Clear","Broadside","Intersection","Other Vehicle","Not Applicable","Not Applicable","At",""
"680222","CR-0000089444","1","0","0","0","21-059-0181","False","False","0","2/28/2021 6:20:00 AM","No Pedestrians Involved","Dry","No Unusual Conditions","Dusk - Dawn","Violation Driver 1","Controls Functioning","Clear","Broadside","Intersection","Other Vehicle","Not Applicable","Not Applicable","At",""
"680223","CR-0000089445","1","0","0","0","21-341-0190","False","False","72","12/7/2021 8:31:00 AM","No Pedestrians Involved","Dry","No Unusual Conditions","Daylight","Violation Driver 1","No Controls Present/Factor","Clear","Vehicle/Bike","Non-Related","Bike","Not Applicable","Not Applicable","South Of",""
"680224","CR-0000089446","2","0","0","0","21-062-0972","False","False","","3/3/2021 8:18:00 PM","No Pedestrians Involved","Dry","No Unusual Conditions","Dark - Street Light","Violation Driver 1","Controls Functioning","Clear","Rear End","Non-Related","Other Vehicle","Not Applicable","Not Applicable","North Of",""
"680225","CR-0000089447","0","0","1","0","21-063-0016","False","False","0","3/4/2021 12:09:00 AM","Crossing - Not In Crosswalk","Dry","No Unusual Conditions","Dark - Street Light","Violation Driver 1","Controls Functioning","Unknown","Vehicle/Pedestrian","Intersection","Pedestrian","East","West","At","PEDESTRIAN"
"680226","CR-0000089448","0","0","0","0","21-341-0339","False","False","0","12/7/2021 11:20:00 AM","No Pedestrians Involved","Dry","No Unusual Conditions","Daylight","Violation Driver 1","No Controls Present/Factor","Clear","Sideswipe","Intersection","Other Vehicle","Not Applicable","Not Applicable","At","city vehicle involved"
"680227","CR-0000089449","0","0","1","0","21-069-0822","False","False","0","3/10/2021 8:39:00 PM","Crossing In Crosswalk - At Intersection","Dry","No Unusual Conditions","Dark - Street Light","Violation Driver 1","Controls Functioning","Cloudy","Vehicle/Pedestrian","Intersection","Pedestrian","East","West","At","PEDESTRIAN"
"680228","CR-0000089451","0","1","0","0","21-341-0353","False","False","0","12/7/2021 11:33:00 AM","No Pedestrians Involved","Dry","Unknown","Daylight","Violation Driver 1","Controls Functioning","Cloudy","Broadside","Intersection","Other Vehicle","Not Applicable","Not Applicable","At",""
"680229","CR-0000089450","0","0","0","0","21-330-0938","False","False","0","11/26/2021 10:50:00 PM","No Pedestrians Involved","Dry","No Unusual Conditions","Dark - Street Light","Violation Driver 1","No Controls Present/Factor","Clear","Sideswipe","Intersection","Other Vehicle","Not Applicable","Not Applicable","At","CITY EMERGENCY VEHICLE
(POLICE CAR)"
"680230","CR-0000089452","0","0","0","0","21-341-0792","False","False","51","12/7/2021 6:44:00 PM","No Pedestrians Involved","Dry","No Unusual Conditions","Dark - Street Light","Violation Driver 1","Controls Functioning","Clear","Rear End","Non-Related","Other Vehicle","Not Applicable","Not Applicable","West Of",""
"680231","CR-0000089453","0","1","0","0","21-341-0818","False","False","72","12/7/2021 7:13:00 PM","No Pedestrians Involved","Dry","No Unusual Conditions","Dark - Street Light Not Functioning","Violation Driver 1","No Controls Present/Factor","Clear","Rear End","Non-Related","Parked Vehicle","Not Applicable","Not Applicable","North Of",""
"680232","CR-0000089454","0","1","0","0","21-341-0838","False","False","0","12/7/2021 7:40:00 PM","No Pedestrians Involved","Dry","No Unusual Conditions","Dark - Street Light","Violation Driver 1","Controls Functioning","Clear","Broadside","Intersection","Other Vehicle","Not Applicable","Not Applicable","At",""
"680233","CR-0000089455","0","0","0","0","21-342-0094","False","False","0","12/8/2021 5:05:00 AM","No Pedestrians Involved","Dry","No Unusual Conditions","Dark - Street Light","Violation Driver 1","Controls Functioning","Clear","Broadside","Intersection","Other Vehicle","Not Applicable","Not Applicable","At",""
"680234","CR-0000089456","2","0","0","0","21-342-0126","False","False","350","12/8/2021 6:40:00 AM","No Pedestrians Involved","Dry","No Unusual Conditions","Dusk - Dawn","Violation Driver 1","Controls Functioning","Clear","Broadside","Non-Related","Other Vehicle","Not Applicable","Not Applicable","South Of",""
"680235","CR-0000089457","1","0","0","0","21-342-0143","False","False","0","12/8/2021 7:17:00 AM","No Pedestrians Involved","Dry","No Unusual Conditions","Daylight","Violation Driver 1","Controls Functioning","Clear","Broadside","Intersection","Other Vehicle","Not Applicable","Not Applicable","At",""
"680236","CR-0000089459","0","0","0","0","21-342-0351","False","False","242","12/8/2021 9:57:00 AM","No Pedestrians Involved","Dry","No Unusual Conditions","Daylight","Violation Driver 1","No Controls Present/Factor","Cloudy","Rear End","Non-Related","Other Vehicle","Not Applicable","Not Applicable","North Of",""
"680237","CR-0000089460","0","1","0","0","21-342-0546","False","False","165","12/8/2021 2:17:00 PM","No Pedestrians Involved","Dry","No Unusual Conditions","Daylight","Violation Driver 1","No Controls Present/Factor","Clear","Broadside","Non-Related","Motorcycle","Not Applicable","Not Applicable","North Of","0"
"680238","CR-0000089462","0","0","0","0","21-330-0063","False","False","125","11/26/2021 1:30:00 AM","No Pedestrians Involved","Dry","No Unusual Conditions","Dark - Street Light","Violation Driver 1","Controls Functioning","Clear","Sideswipe","Non-Related","Parked Vehicle","Not Applicable","Not Applicable","East Of",""
"680239","CR-0000089463","0","0","0","0","21-330-0205","False","False","0","11/26/2021 8:10:00 AM","No Pedestrians Involved","Dry","No Unusual Conditions","Daylight","Violation Driver 1","Controls Functioning","Clear","Sideswipe","Intersection","Other Vehicle","Not Applicable","Not Applicable","At",""
"680240","CR-0000089464","0","0","0","0","21-331-9701","False","True","51","11/26/2021 9:10:00 AM","No Pedestrians Involved","Dry","No Unusual Conditions","Daylight","Violation Driver 1","Controls Functioning","Clear","Sideswipe","Non-Related","Other Vehicle","Not Applicable","Not Applicable","West Of",""
"680241","CR-0000089465","1","0","0","0","21-330-0574","False","False","0","11/26/2021 4:00:00 PM","No Pedestrians Involved","Dry","No Unusual Conditions","Daylight","Violation Driver 1","Controls Functioning","Clear","Head On","Intersection","Other Vehicle","South","Not Applicable","At",""
"680242","CR-0000089466","0","0","0","0","21-330-0601","False","False","0","11/26/2021 4:44:00 PM","No Pedestrians Involved","Dry","No Unusual Conditions","Dusk - Dawn","Violation Driver 1","No Controls Present/Factor","Clear","Broadside","Intersection","Other Vehicle","Not Applicable","Not Applicable","At",""
"680243","CR-0000089467","1","0","0","0","21-330-0924","False","False","0","11/26/2021 10:16:00 PM","No Pedestrians Involved","Dry","No Unusual Conditions","Dark - Street Light","Violation Driver 1","Controls Functioning","Clear","Broadside","Intersection","Other Vehicle","Not Applicable","Not Applicable","At",""
"680244","CR-0000089468","0","0","0","0","21-331-0046","False","False","244","11/27/2021 12:50:00 AM","No Pedestrians Involved","Dry","Obstruction On Roadway","Dark - Street Light","Violation Driver 1","No Controls Present/Factor","Clear","Rear End","Non-Related","Other Vehicle","Not Applicable","Not Applicable","South Of",""
"680245","CR-0000089469","0","0","1","0","21-331-0490","False","False","0","11/27/2021 2:09:00 PM","Crossing In Crosswalk - At Intersection","Dry","No Unusual Conditions","Daylight","Violation Driver 1","Controls Functioning","Clear","Vehicle/Pedestrian","Intersection","Pedestrian","West","East","At","PEDESTRIAN"
"680246","CR-0000089471","0","0","0","0","21-332-9703","False","True","","11/27/2021 7:35:00 PM","No Pedestrians Involved","Dry","No Unusual Conditions","Dark - Street Light","Violation Driver 1","Controls Functioning","Clear","Rear End","Non-Related","Other Vehicle","Not Applicable","Not Applicable","Unknown",""
"680247","CR-0000089472","1","0","0","0","21-331-1039","True","False","300","11/27/2021 11:16:00 PM","No Pedestrians Involved","Dry","No Unusual Conditions","Dark - Street Light","Violation Driver 1","No Controls Present/Factor","Clear","Hit Object","Non-Related","Fixed Object","Not Applicable","South","South Of","TREE"
"680248","CR-0000089473","0","0","0","0","21-331-0318","True","False","0","11/27/2021 10:40:00 AM","No Pedestrians Involved","Dry","No Unusual Conditions","Daylight","Violation Driver 1","Controls Functioning","Clear","Broadside","Intersection","Other Vehicle","Not Applicable","Not Applicable","At","???"
"680249","CR-0000089474","1","1","0","0","21-331-0348","False","False","0","11/27/2021 11:16:00 AM","No Pedestrians Involved","Dry","No Unusual Conditions","Daylight","Violation Driver 1","Controls Functioning","Clear","Broadside","Intersection","Other Vehicle","Not Applicable","Not Applicable","At",""
"680250","CR-0000089475","1","0","0","0","21-331-0464","False","False","51","11/27/2021 1:38:00 PM","No Pedestrians Involved","Dry","No Unusual Conditions","Daylight","Violation Driver 1","Controls Functioning","Clear","Rear End","Non-Related","Other Vehicle","Not Applicable","Not Applicable","South Of",""
"680251","CR-0000089476","0","0","0","0","21-332-0217","False","False","78","11/28/2021 5:30:00 AM","No Pedestrians Involved","Dry","Unknown","Dusk - Dawn","Violation Driver 1","No Controls Present/Factor","Clear","Broadside","Non-Related","Parked Vehicle","Not Applicable","Not Applicable","West Of",""
"680252","CR-0000089477","1","0","0","0","21-332-0230","False","False","0","11/28/2021 6:21:00 AM","No Pedestrians Involved","Dry","No Unusual Conditions","Dusk - Dawn","Violation Driver 1","Controls Functioning","Clear","Other","Intersection","Non-Collision","Not Applicable","Not Applicable","At",""
"680253","CR-0000089478","0","0","0","0","21-332-0362","False","False","40","11/28/2021 11:17:00 AM","No Pedestrians Involved","Dry","No Unusual Conditions","Daylight","Violation Driver 1","No Controls Present/Factor","Clear","Sideswipe","Related","Other Vehicle","Not Applicable","Not Applicable","North Of",""
"680254","CR-0000089479","0","0","0","0","21-332-0399","False","False","0","11/28/2021 12:50:00 PM","No Pedestrians Involved","Dry","No Unusual Conditions","Daylight","Violation Driver 1","Controls Functioning","Clear","Sideswipe","Intersection","Motor Vehicle On Other Roadway","Not Applicable","Not Applicable","At",""
"680255","CR-0000089480","0","0","0","0","21-332-0631","False","False","38","11/28/2021 4:53:00 PM","No Pedestrians Involved","Dry","No Unusual Conditions","Daylight","Violation Driver 1","No Controls Present/Factor","Clear","Rear End","Related","Parked Vehicle","Not Applicable","Not Applicable","East Of",""
"680256","CR-0000089481","1","0","0","0","21-332-0775","True","False","0","11/28/2021 7:45:00 PM","No Pedestrians Involved","Dry","No Unusual Conditions","Daylight","Violation Driver 1","Controls Functioning","Clear","Head On","Intersection","Fixed Object","Not Applicable","Not Applicable","At","SIGN AND TREE"
"680257","CR-0000089482","0","0","0","0","21-332-0789","False","False","280","11/28/2021 8:24:00 PM","No Pedestrians Involved","Dry","No Unusual Conditions","Dark - Street Light","Violation Driver 1","No Controls Present/Factor","Clear","Sideswipe","Non-Related","Parked Vehicle","Not Applicable","Not Applicable","South Of",""
"680258","CR-0000089483","2","0","0","0","21-333-0066","True","False","22","11/29/2021 1:29:00 AM","No Pedestrians Involved","Dry","No Unusual Conditions","Dark - Street Light","Violation Driver 1","Controls Functioning","Clear","Head On","Related","Fixed Object","Not Applicable","Not Applicable","West Of","TRAFFIC SIGNAL"
"680259","CR-0000089484","0","0","0","0","21-333-0092","False","False","120","11/29/2021 3:20:00 AM","No Pedestrians Involved","Dry","No Unusual Conditions","Dark - Street Light","Violation Driver 1","No Controls Present/Factor","Clear","Head On","Non-Related","Parked Vehicle","Not Applicable","Not Applicable","West Of",""
"680260","CR-0000089485","0","0","0","0","21-333-0248","False","False","18","11/29/2021 8:50:00 AM","No Pedestrians Involved","Dry","No Unusual Conditions","Dark - Street Light","Violation Driver 1","No Controls Present/Factor","Snow","Head On","Related","Parked Vehicle","Not Applicable","Not Applicable","East Of",""
"680261","CR-0000089486","2","0","0","0","21-333-0375","False","False","0","11/29/2021 11:15:00 AM","No Pedestrians Involved","Dry","No Unusual Conditions","Daylight","Violation Driver 1","Controls Functioning","Clear","Rear End","Intersection","Other Vehicle","Not Applicable","Not Applicable","At",""
"680262","CR-0000089487","1","0","0","0","21-333-0524","False","False","149","11/29/2021 1:50:00 PM","No Pedestrians Involved","Dry","No Unusual Conditions","Daylight","Violation Driver 1","No Controls Present/Factor","Clear","Vehicle/Bike","Non-Related","Bike","Not Applicable","Not Applicable","South Of","BIKE"
"680263","CR-0000089488","1","0","0","0","21-333-0608","False","False","100","11/29/2021 3:30:00 PM","No Pedestrians Involved","Dry","No Unusual Conditions","Daylight","Violation Driver 1","No Controls Present/Factor","Clear","Sideswipe","Non-Related","Other Vehicle","Not Applicable","Not Applicable","West Of",""
"680264","CR-0000089489","0","0","0","0","21-333-0633","False","False","51","11/29/2021 4:00:00 PM","No Pedestrians Involved","Dry","No Unusual Conditions","Daylight","Violation Driver 1","Controls Functioning","Clear","Rear End","Non-Related","Other Vehicle","Not Applicable","Not Applicable","East Of","SCCO EMERGENCY VEHICLE INVOLVED"
"680265","CR-0000089470","0","0","0","0","21-332-9705","False","True","","11/27/2021 4:00:00 PM","No Pedestrians Involved","Dry","No Unusual Conditions","Daylight","Violation Driver 1","Controls Functioning","Clear","Rear End","Non-Related","Other Vehicle","Not Applicable","Not Applicable","East Of",""
"680266","CR-0000089490","1","0","0","0","21-333-0746","False","False","0","11/29/2021 5:53:00 PM","No Pedestrians Involved","Dry","No Unusual Conditions","Dark - Street Light","Violation Driver 1","No Controls Present/Factor","Clear","Broadside","Intersection","Other Vehicle","Not Applicable","Not Applicable","At",""
"680267","CR-0000089491","0","0","0","0","21-335-9703","False","True","","11/29/2021 3:10:00 PM","No Pedestrians Involved","Dry","No Unusual Conditions","Daylight","Violation Driver 1","Controls Functioning","Clear","Rear End","Non-Related","Other Vehicle","Not Applicable","Not Applicable","South Of",""
"680268","CR-0000089492","1","0","0","0","21-334-0087","True","False","0","11/30/2021 2:32:00 AM","No Pedestrians Involved","Dry","No Unusual Conditions","Dark - Street Light","Violation Driver 1","Controls Functioning","Clear","Hit Object","Intersection","Fixed Object","Not Applicable","Not Applicable","At","TRAFFIC SIGNAL"
"680269","CR-0000089493","0","0","0","0","21-334-0248","False","False","0","11/30/2021 8:44:00 AM","No Pedestrians Involved","Dry","No Unusual Conditions","Daylight","Violation Driver 1","No Controls Present/Factor","Clear","Rear End","Intersection","Other Vehicle","Not Applicable","Not Applicable","At",""
"680270","CR-0000089494","0","1","0","0","21-334-0415","False","False","0","11/30/2021 11:18:00 AM","No Pedestrians Involved","Dry","No Unusual Conditions","Daylight","Bike At Fault","Controls Functioning","Clear","Head On","Intersection","Bike","Not Applicable","Not Applicable","At","BIKE"
"680271","CR-0000089495","0","0","0","0","21-334-0429","False","False","0","11/30/2021 11:29:00 AM","No Pedestrians Involved","Dry","No Unusual Conditions","Daylight","Violation Driver 1","Unknown","Clear","Broadside","Intersection","Other Vehicle","Not Applicable","Not Applicable","At",""
"680272","CR-0000089496","0","0","0","0","21-334-0578","False","False","0","11/30/2021 1:45:00 PM","No Pedestrians Involved","Dry","No Unusual Conditions","Daylight","Violation Driver 1","Controls Functioning","Clear","Rear End","Intersection","Other Vehicle","Not Applicable","Not Applicable","At","CITY VEHICLE (DOT)"
"680273","CR-0000089497","3","0","0","0","21-334-0637","False","False","0","11/30/2021 3:20:00 PM","No Pedestrians Involved","Dry","No Unusual Conditions","Daylight","Violation Driver 1","Controls Functioning","Clear","Head On","Intersection","Other Vehicle","Not Applicable","Not Applicable","At",""
"680274","CR-0000089498","0","1","0","0","21-342-0782","False","False","400","12/8/2021 5:50:00 PM","No Pedestrians Involved","Dry","No Unusual Conditions","Dark - Street Light","Violation Driver 1","No Controls Present/Factor","Clear","Rear End","Non-Related","Other Vehicle","Not Applicable","Not Applicable","South Of",""
"680275","CR-0000089499","0","0","0","0","21-331-0349","False","False","277","11/27/2021 3:53:00 PM","No Pedestrians Involved","Dry","No Unusual Conditions","Daylight","Violation Driver 1","Controls Functioning","Clear","Rear End","Non-Related","Other Vehicle","Not Applicable","Not Applicable","South Of",""
"680276","CR-0000089500","1","0","0","0","21-334-0640","False","False","18","11/30/2021 2:55:00 PM","No Pedestrians Involved","Dry","No Unusual Conditions","Daylight","Violation Driver 1","Controls Functioning","Clear","Broadside","Related","Bike","Not Applicable","Not Applicable","South Of","BIKE"
"680277","CR-0000089501","1","0","0","0","21-334-0763","False","False","0","11/30/2021 4:23:00 PM","Crossing In Crosswalk - At Intersection","Dry","No Unusual Conditions","Daylight","Violation Driver 1","Controls Functioning","Clear","Sideswipe","Intersection","Pedestrian","West","East","At","PEDESTRIAN"
"680278","CR-0000089502","2","0","0","0","21-334-0925","False","False","30","11/30/2021 7:29:00 PM","No Pedestrians Involved","Dry","No Unusual Conditions","Dark - Street Light","Violation Driver 1","No Controls Present/Factor","Clear","Rear End","Related","Other Vehicle","Not Applicable","Not Applicable","West Of",""
"680279","CR-0000089503","0","0","0","0","21-334-0980","False","False","59","11/30/2021 8:25:00 PM","No Pedestrians Involved","Dry","No Unusual Conditions","Dark - Street Light","Violation Driver 1","No Controls Present/Factor","Clear","Rear End","Non-Related","Parked Vehicle","Not Applicable","Not Applicable","South Of",""
"680280","CR-0000089504","0","0","0","0","21-335-9708","False","True","","11/30/2021 4:00:00 PM","No Pedestrians Involved","Dry","No Unusual Conditions","Daylight","Violation Driver 1","Controls Functioning","Clear","Sideswipe","Non-Related","Other Vehicle","Not Applicable","Not Applicable","South Of",""
"680281","CR-0000089505","1","0","0","0","21-342-0795","False","False","0","12/8/2021 6:01:00 PM","No Pedestrians Involved","Dry","No Unusual Conditions","Dark - Street Light","Unknown","Controls Functioning","Clear","Head On","Intersection","Other Vehicle","Not Applicable","Not Applicable","At",""
"680282","CR-0000089506","1","0","0","0","21-342-0857","False","False","0","12/8/2021 7:12:00 PM","No Pedestrians Involved","Dry","No Unusual Conditions","Dark - Street Light","Violation Driver 1","Controls Functioning","Clear","Broadside","Intersection","Other Vehicle","Not Applicable","Not Applicable","At",""
"680283","CR-0000089507","0","0","0","0","21-342-0355","False","False","0","12/8/2021 11:11:00 AM","No Pedestrians Involved","Dry","No Unusual Conditions","Daylight","Violation Driver 1","No Controls Present/Factor","Clear","Broadside","Related","Other Vehicle","Not Applicable","Not Applicable","North Of",""
"680284","CR-0000089508","1","0","0","0","21-342-0147","False","False","0","12/8/2021 7:24:00 AM","Crossing In Crosswalk - At Intersection","Dry","No Unusual Conditions","Daylight","Violation Driver 1","No Controls Present/Factor","Clear","Vehicle/Pedestrian","Intersection","Pedestrian","North","South","At",""
"680285","CR-0000089509","1","0","0","0","21-343-0230","False","False","347","12/9/2021 9:09:00 AM","No Pedestrians Involved","Wet","No Unusual Conditions","Daylight","Violation Driver 1","No Controls Present/Factor","Cloudy","Head On","Non-Related","Other Vehicle","Not Applicable","Not Applicable","South Of",""
"680286","CR-0000089510","0","0","0","0","21-343-0246","False","False","60","12/9/2021 9:24:00 AM","No Pedestrians Involved","Dry","No Unusual Conditions","Daylight","Violation Driver 1","No Controls Present/Factor","Cloudy","Sideswipe","Non-Related","Other Vehicle","Not Applicable","Not Applicable","East Of",""
"680287","CR-0000089511","1","0","0","0","21-343-0412","False","False","51","12/9/2021 12:39:00 PM","No Pedestrians Involved","Dry","No Unusual Conditions","Daylight","Violation Driver 1","Controls Functioning","Clear","Sideswipe","Non-Related","Other Vehicle","Not Applicable","Not Applicable","South Of",""
"680288","CR-0000089512","0","0","0","0","21-343-0618","False","False","30","12/9/2021 5:25:00 PM","No Pedestrians Involved","Dry","No Unusual Conditions","Dark - Street Light","Violation Driver 1","No Controls Present/Factor","Clear","Hit Object","Related","Fixed Object","Not Applicable","Not Applicable","West Of","V1 hit sound barrier"
"680289","CR-0000089513","1","0","0","0","21-343-0587","False","False","0","12/9/2021 4:56:00 PM","No Pedestrians Involved","Dry","No Unusual Conditions","Dusk - Dawn","Violation Driver 1","Controls Functioning","Clear","Broadside","Intersection","Other Vehicle","Not Applicable","Not Applicable","At",""
"680290","CR-0000089514","1","1","0","0","21-343-0801","False","False","0","12/9/2021 9:35:00 PM","No Pedestrians Involved","Dry","No Unusual Conditions","Dark - Street Light","Violation Driver 1","Controls Functioning","Clear","Rear End","Intersection","Other Vehicle","Not Applicable","Not Applicable","At",""
"680291","CR-0000089515","3","0","0","0","21-344-0600","False","False","51","12/10/2021 3:22:00 PM","No Pedestrians Involved","Dry","No Unusual Conditions","Daylight","Violation Driver 1","Controls Functioning","Clear","Rear End","Non-Related","Other Vehicle","Not Applicable","Not Applicable","West Of",""
"680292","CR-0000089516","0","0","0","0","21-344-0734","False","False","0","12/10/2021 5:23:00 PM","No Pedestrians Involved","Dry","No Unusual Conditions","Dark - Street Light","Violation Driver 1","Controls Functioning","Clear","Broadside","Intersection","Other Vehicle","Not Applicable","Not Applicable","At",""
"680293","CR-0000089517","0","0","0","0","21-350-0460","False","False","100","12/10/2021 10:30:00 PM","No Pedestrians Involved","Dry","No Unusual Conditions","Daylight","Violation Driver 1","No Controls Present/Factor","Clear","Sideswipe","Non-Related","Motor Vehicle On Other Roadway","Not Applicable","Not Applicable","North Of",""
"680294","CR-0000089518","0","0","0","0","21-344-0088","True","False","0","12/10/2021 3:00:00 AM","No Pedestrians Involved","Dry","No Unusual Conditions","Dark - Street Light","Violation Driver 1","Controls Functioning","Clear","Hit Object","Intersection","Fixed Object","Not Applicable","Not Applicable","At","v1 hit light pole"
"680295","CR-0000089519","0","0","0","0","21-344-0043","False","False","25","12/10/2021 1:32:00 AM","No Pedestrians Involved","Dry","No Unusual Conditions","Dark - Street Light","Violation Driver 1","No Controls Present/Factor","Clear","Hit Object","Related","Fixed Object","Not Applicable","Not Applicable","North Of","hit curb and fence"
"680296","CR-0000089520","1","0","0","0","21-344-0191","False","False","131","12/10/2021 8:00:00 AM","No Pedestrians Involved","Dry","No Unusual Conditions","Daylight","Violation Driver 1","No Controls Present/Factor","Clear","Rear End","Non-Related","Other Vehicle","Not Applicable","Not Applicable","West Of",""
"680297","CR-0000089521","0","0","0","0","21-344-0417","False","False","0","12/10/2021 12:16:00 PM","No Pedestrians Involved","Dry","No Unusual Conditions","Daylight","Violation Driver 1","Controls Functioning","Clear","Head On","Intersection","Other Vehicle","Not Applicable","Not Applicable","At",""
"680298","CR-0000089522","1","0","0","0","21-344-0511","False","False","27","12/10/2021 1:50:00 PM","No Pedestrians Involved","Dry","No Unusual Conditions","Daylight","Violation Driver 1","No Controls Present/Factor","Clear","Head On","Related","Other Vehicle","Not Applicable","Not Applicable","East Of",""
"680299","CR-0000089523","0","0","0","0","21-344-0606","False","False","51","12/10/2021 3:30:00 PM","No Pedestrians Involved","Dry","No Unusual Conditions","Dusk - Dawn","Violation Driver 1","Controls Functioning","Clear","Rear End","Non-Related","Other Vehicle","Not Applicable","Not Applicable","North Of",""
"680300","CR-0000089524","0","1","0","0","21-344-0670","False","False","0","12/10/2021 4:33:00 PM","Crossing In Crosswalk - At Intersection","Dry","No Unusual Conditions","Daylight","Pedestrian At Fault","Controls Functioning","Clear","Vehicle/Pedestrian","Intersection","Pedestrian","North","South","At",""
"680301","CR-0000089525","0","0","0","0","21-344-0791","False","False","0","12/10/2021 6:12:00 PM","No Pedestrians Involved","Dry","No Unusual Conditions","Dusk - Dawn","Violation Driver 1","No Controls Present/Factor","Clear","Sideswipe","Intersection","Parked Vehicle","Not Applicable","Not Applicable","At",""
"680302","CR-0000089526","0","1","0","0","21-344-0781","False","False","352","12/10/2021 6:01:00 PM","Not In Road","Dry","No Unusual Conditions","Dark - Street Light","Violation Driver 1","No Controls Present/Factor","Clear","Vehicle/Pedestrian","Non-Related","Pedestrian","No Direction (Not Walking)","No Direction (Not Walking)","South Of",""
"680303","CR-0000089527","1","0","0","0","21-344-0806","False","False","0","12/10/2021 6:24:00 PM","Crossing In Crosswalk - At Intersection","Dry","No Unusual Conditions","Dark - Street Light","Pedestrian At Fault","Controls Functioning","Clear","Broadside","Intersection","Pedestrian","South","North","At",""
"680304","CR-0000089528","0","0","0","0","21-344-1043","False","False","51","12/10/2021 8:43:00 PM","No Pedestrians Involved","Dry","No Unusual Conditions","Dark - Street Light","Violation Driver 1","Controls Functioning","Clear","Broadside","Non-Related","Parked Vehicle","Not Applicable","Not Applicable","East Of",""
"680305","CR-0000089529","1","0","0","0","21-352-0135","False","False","0","12/18/2021 2:10:00 AM","No Pedestrians Involved","Dry","No Unusual Conditions","Dark - Street Light","Violation Driver 1","Controls Functioning","Clear","Head On","Intersection","Other Vehicle","Not Applicable","Not Applicable","At",""
"680306","CR-0000089530","1","0","0","0","21-352-0754","False","False","285","12/18/2021 5:36:00 PM","Not In Road","Dry","No Unusual Conditions","Dark - Street Light","Violation Driver 1","No Controls Present/Factor","Clear","Vehicle/Pedestrian","Non-Related","Pedestrian","Unknown","Unknown","North Of","PEDESTRIAN"
"680307","CR-0000089531","0","0","0","0","21-352-0781","False","False","315","12/18/2021 5:58:00 PM","No Pedestrians Involved","Dry","No Unusual Conditions","Dark - Street Light","Violation Driver 1","Controls Functioning","Clear","Sideswipe","Non-Related","Other Vehicle","Not Applicable","Not Applicable","East Of",""
"680308","CR-0000089534","2","0","0","0","21-353-0735","False","False","0","12/18/2021 6:36:00 PM","No Pedestrians Involved","Dry","No Unusual Conditions","Dark - Street Light","Violation Driver 1","Controls Functioning","Clear","Broadside","Intersection","Other Vehicle","Not Applicable","Not Applicable","At",""
"680309","CR-0000089535","0","1","0","0","21-352-0946","False","False","0","12/18/2021 8:45:00 PM","Crossing In Crosswalk - At Intersection","Dry","No Unusual Conditions","Dark - Street Light","Violation Driver 1","Controls Functioning","Clear","Vehicle/Pedestrian","Intersection","Pedestrian","West","East","At","PEDESTRIAN"
"680310","CR-0000089536","3","0","0","0","21-352-1121","False","False","140","12/18/2021 11:29:00 PM","No Pedestrians Involved","Dry","No Unusual Conditions","Dark - Street Light","Violation Driver 1","No Controls Present/Factor","Clear","Sideswipe","Non-Related","Other Vehicle","Not Applicable","Not Applicable","South Of",""
"680311","CR-0000089537","0","0","0","0","21-352-0240","False","False","0","12/18/2021 5:48:00 AM","No Pedestrians Involved","Dry","No Unusual Conditions","Dark - Street Light","Violation Driver 1","Controls Functioning","Clear","Hit Object","Intersection","Fixed Object","Not Applicable","Not Applicable","At","FENCE"
"680312","CR-0000089538","1","0","0","0","21-352-0271","True","False","","12/18/2021 6:00:00 AM","No Pedestrians Involved","Dry","No Unusual Conditions","Daylight","Violation Driver 1","No Controls Present/Factor","Clear","Hit Object","Non-Related","Fixed Object","Not Applicable","Not Applicable","South Of","(3) LIGHT POLES ... CITY PROPERTY"
"680313","CR-0000089539","0","0","0","0","21-352-0951","False","False","0","12/18/2021 8:55:00 PM","No Pedestrians Involved","Dry","No Unusual Conditions","Dark - Street Light","Violation Driver 1","Controls Functioning","Unknown","Rear End","Intersection","Other Vehicle","Not Applicable","Not Applicable","At",""
"680314","CR-0000089540","0","0","0","0","21-352-1153","False","False","108","12/18/2021 11:53:00 PM","No Pedestrians Involved","Dry","No Unusual Conditions","Dark - Street Light","Violation Driver 1","Controls Functioning","Clear","Broadside","Non-Related","Parked Vehicle","Not Applicable","Not Applicable","East Of",""