"CrashFactId","Name","MinorInjuries","ModerateInjuries","SevereInjuries","FatalInjuries","TcrNumber","CityDamageFlag","ShortFormFlag","Distance","CrashDateTime","PedestrianAction","RoadwaySurface","RoadwayCondition","Lighting","PrimaryCollisionFactor","TrafficControl","Weather","CollisionType","ProximityToIntersection","VehicleInvolvedWith","PedestrianDirectionFrom","PedestrianDirectionTo","DirectionFromIntersection","Comment"
"680409","CR-0000089635","0","0","0","0","21-362-0866","False","False","0","12/28/2021 10:09:00 PM","No Pedestrians Involved","Dry","No Unusual Conditions","Dark - Street Light","Violation Driver 1","No Controls Present/Factor","Clear","Head On","Intersection","Other Vehicle","Not Applicable","Not Applicable","At",""
"680410","CR-0000089636","1","0","0","0","21-362-0888","False","False","21","12/28/2021 10:32:00 PM","No Pedestrians Involved","Dry","No Unusual Conditions","Dark - Street Light","Violation Driver 1","Controls Functioning","Clear","Rear End","Related","Other Vehicle","Not Applicable","Not Applicable","West Of",""
"680411","CR-0000089637","1","0","0","0","21-362-0936","True","False","0","12/28/2021 11:55:00 PM","No Pedestrians Involved","Wet","No Unusual Conditions","Dark - Street Light","Violation Driver 1","No Controls Present/Factor","Rain","Hit Object","Intersection","Fixed Object","Not Applicable","Not Applicable","At","STREET SIGN AND LIGHT POLE"
"680412","CR-0000089638","1","0","0","0","21-363-0104","True","False","339","12/29/2021 3:27:00 AM","No Pedestrians Involved","Wet","No Unusual Conditions","Dark - Street Light","Violation Driver 1","No Controls Present/Factor","Cloudy","Hit Object","Non-Related","Fixed Object","Not Applicable","Not Applicable","West Of","TREE"
"680413","CR-0000089639","0","0","0","0","21-363-0163","False","False","0","12/29/2021 7:28:00 AM","No Pedestrians Involved","Wet","Unknown","Daylight","Violation Driver 1","Controls Functioning","Rain","Broadside","Intersection","Other Vehicle","Not Applicable","Not Applicable","At",""
"680414","CR-0000089640","0","0","0","0","21-363-0177","False","False","0","12/29/2021 7:57:00 AM","No Pedestrians Involved","Dry","No Unusual Conditions","Daylight","Violation Driver 1","No Controls Present/Factor","Clear","Rear End","Intersection","Other Vehicle","Not Applicable","Not Applicable","At",""
"680415","CR-0000089641","1","1","0","0","21-363-0481","True","False","0","12/29/2021 2:12:00 PM","No Pedestrians Involved","Wet","No Unusual Conditions","Daylight","Violation Driver 1","Controls Functioning","Rain","Hit Object","Intersection","Fixed Object","Not Applicable","Not Applicable","At","LIGHT POLE AND RAILROAD SIGN"
"680416","CR-0000089642","0","0","0","0","21-363-0515","False","False","0","12/29/2021 2:57:00 PM","No Pedestrians Involved","Wet","No Unusual Conditions","Daylight","Violation Driver 1","Unknown","Rain","Broadside","Intersection","Other Vehicle","Not Applicable","Not Applicable","At",""
"680417","CR-0000089643","0","0","0","0","21-363-0881","False","False","25","12/29/2021 11:02:00 PM","No Pedestrians Involved","Wet","No Unusual Conditions","Dark - Street Light","Violation Driver 1","No Controls Present/Factor","Cloudy","Hit Object","Related","Fixed Object","Not Applicable","Not Applicable","North Of","CURB AND ELEMENTARY SCHOOL FENCE"
"680418","CR-0000089644","0","0","0","0","21-363-0390","False","False","229","12/29/2021 11:33:00 AM","No Pedestrians Involved","Dry","No Unusual Conditions","Daylight","Violation Driver 1","No Controls Present/Factor","Cloudy","Sideswipe","Non-Related","Other Vehicle","Not Applicable","Not Applicable","South Of","EMERGENCY VEHICLE INVOLVED (PD)"
"680419","CR-0000089645","1","0","0","0","21-364-0202","False","False","0","12/30/2021 7:56:00 AM","No Pedestrians Involved","Wet","No Unusual Conditions","Daylight","Violation Driver 1","Controls Functioning","Clear","Broadside","Intersection","Other Vehicle","Not Applicable","Not Applicable","At",""
"680420","CR-0000089646","0","0","1","0","21-364-0330","False","False","0","12/30/2021 10:54:00 AM","No Pedestrians Involved","Dry","No Unusual Conditions","Dusk - Dawn","Violation Driver 1","Controls Functioning","Clear","Broadside","Intersection","Other Vehicle","Not Applicable","Not Applicable","At",""
"680421","CR-0000089647","0","0","0","0","21-364-0459","False","False","0","12/30/2021 1:17:00 PM","No Pedestrians Involved","Dry","No Unusual Conditions","Daylight","Violation Driver 1","Controls Functioning","Clear","Broadside","Intersection","Other Vehicle","Not Applicable","Not Applicable","At",""
"680422","CR-0000089648","0","1","0","0","21-364-0553","False","False","0","12/20/2021 3:18:00 PM","Crossing In Crosswalk - At Intersection","Dry","No Unusual Conditions","Daylight","Violation Driver 1","Controls Functioning","Clear","Vehicle/Pedestrian","Intersection","Pedestrian","North","South","At","PEDESTRIAN"
"680423","CR-0000089649","2","0","0","0","21-364-0555","False","False","0","12/30/2021 3:30:00 PM","No Pedestrians Involved","Dry","No Unusual Conditions","Daylight","Violation Driver 1","Controls Functioning","Clear","Broadside","Intersection","Other Vehicle","Not Applicable","Not Applicable","At",""
"680424","CR-0000089650","2","0","0","0","21-364-0617","False","False","155","12/30/2021 4:37:00 PM","No Pedestrians Involved","Dry","No Unusual Conditions","Daylight","Violation Driver 1","No Controls Present/Factor","Clear","Broadside","Non-Related","Other Vehicle","Not Applicable","Not Applicable","West Of",""
"680425","CR-0000089651","1","0","0","0","21-364-0832","False","False","30","12/30/2021 9:50:00 PM","No Pedestrians Involved","Dry","No Unusual Conditions","Dusk - Dawn","Violation Driver 1","Controls Functioning","Clear","Rear End","Related","Other Vehicle","Not Applicable","Not Applicable","West Of",""
"680426","CR-0000089652","0","0","0","0","21-364-0855","False","False","0","12/30/2021 10:15:00 PM","No Pedestrians Involved","Dry","No Unusual Conditions","Dark - No Street Light","Violation Driver 1","Controls Functioning","Clear","Rear End","Intersection","Other Vehicle","Not Applicable","Not Applicable","At",""
"680427","CR-0000089653","2","0","0","0","21-364-0905","False","False","101","12/30/2021 11:33:00 PM","No Pedestrians Involved","Dry","No Unusual Conditions","Dark - Street Light","Violation Driver 1","Controls Functioning","Unknown","Rear End","Non-Related","Other Vehicle","Not Applicable","Not Applicable","West Of",""
"680428","CR-0000089654","0","1","0","0","21-365-0447","False","False","51","12/31/2021 3:05:00 PM","No Pedestrians Involved","Dry","No Unusual Conditions","Daylight","Violation Driver 1","No Controls Present/Factor","Clear","Rear End","Non-Related","Other Vehicle","Not Applicable","Not Applicable","West Of",""
"680429","CR-0000089655","1","0","0","0","21-365-0658","False","False","105","12/31/2021 7:29:00 PM","No Pedestrians Involved","Dry","No Unusual Conditions","Dark - Street Light","Violation Driver 1","Controls Functioning","Clear","Rear End","Non-Related","Other Vehicle","Not Applicable","Not Applicable","West Of",""
"680430","CR-0000089656","2","0","0","0","21-365-0068","False","False","47","12/31/2021 1:42:00 AM","No Pedestrians Involved","Dry","No Unusual Conditions","Dark - Street Light","Violation Driver 1","Controls Functioning","Clear","Rear End","Related","Other Vehicle","Not Applicable","Not Applicable","South Of",""
"680431","CR-0000089657","0","0","0","0","22-008-0351","False","False","47","12/25/2021 4:56:00 AM","No Pedestrians Involved","Dry","No Unusual Conditions","Dark - Street Light","Violation Driver 1","Controls Functioning","Clear","Hit Object","Related","Fixed Object","Not Applicable","Not Applicable","East Of","Fence"
"680432","CR-0000089659","1","0","0","0","21-364-0368","False","False","0","12/30/2021 11:45:00 AM","No Pedestrians Involved","Dry","No Unusual Conditions","Daylight","Bike At Fault","No Controls Present/Factor","Clear","Vehicle/Bike","Intersection","Bike","Not Applicable","Not Applicable","At","BIKE"
"680433","CR-0000089660","1","0","0","0","21-363-0524","False","False","0","12/29/2021 3:05:00 PM","No Pedestrians Involved","Wet","No Unusual Conditions","Daylight","Violation Driver 1","Controls Functioning","Cloudy","Broadside","Intersection","Other Vehicle","Not Applicable","Not Applicable","At",""
"680434","CR-0000089661","0","0","0","0","22-004-9709","False","True","","12/25/2021 11:00:00 AM","No Pedestrians Involved","Dry","No Unusual Conditions","Dark - Street Light","Unknown","No Controls Present/Factor","Clear","Sideswipe","Related","Parked Vehicle","Not Applicable","Not Applicable","South Of",""
"680435","CR-0000089662","0","0","0","0","22-018-4006","False","True","51","12/31/2021 11:30:00 PM","No Pedestrians Involved","Unknown","Unknown","Unknown","Unknown","Unknown","Unknown","Sideswipe","Non-Related","Parked Vehicle","Not Applicable","Not Applicable","North Of",""
"680437","CR-0000089672","0","0","0","0","21-145-0165","False","False","440","5/25/2021 7:05:00 AM","No Pedestrians Involved","Dry","No Unusual Conditions","Daylight","Violation Driver 1","Unknown","Clear","Sideswipe","Non-Related","Parked Vehicle","Not Applicable","Not Applicable","South Of",""
"680438","CR-0000089673","0","0","0","0","21-124-0484","False","False","30","5/4/2021 1:12:00 PM","No Pedestrians Involved","Dry","No Unusual Conditions","Daylight","Violation Driver 1","Controls Functioning","Clear","Rear End","Related","Other Vehicle","Not Applicable","Not Applicable","North Of",""
"680439","CR-0000089674","0","0","0","0","21-121-0130","False","False","220","5/1/2021 3:41:00 AM","No Pedestrians Involved","Dry","No Unusual Conditions","Daylight","Violation Driver 1","No Controls Present/Factor","Clear","Hit Object","Non-Related","Fixed Object","Not Applicable","Not Applicable","South Of","CURB"
"680440","CR-0000089675","0","0","0","0","21-120-1105","False","False","0","4/30/2021 11:41:00 PM","No Pedestrians Involved","Dry","No Unusual Conditions","Dark - Street Light Not Functioning","Violation Driver 1","Controls Not Functioning","Clear","Broadside","Intersection","Other Vehicle","Not Applicable","Not Applicable","At",""
"680441","CR-0000089676","0","0","0","0","21-121-0092","False","False","0","5/1/2021 2:10:00 AM","No Pedestrians Involved","Dry","No Unusual Conditions","Dark - Street Light","Violation Driver 1","Controls Functioning","Clear","Sideswipe","Intersection","Other Vehicle","Not Applicable","Not Applicable","At",""
"680442","CR-0000089677","0","0","0","0","21-120-1027","False","False","120","4/30/2021 10:32:00 PM","No Pedestrians Involved","Dry","No Unusual Conditions","Dark - Street Light","Violation Driver 1","No Controls Present/Factor","Clear","Sideswipe","Non-Related","Other Vehicle","Not Applicable","Not Applicable","South Of",""
"680444","CR-0000089679","0","0","0","0","21-116-0390","False","False","78","4/26/2021 7:30:00 AM","No Pedestrians Involved","Dry","Unknown","Daylight","Violation Driver 1","No Controls Present/Factor","Cloudy","Sideswipe","Non-Related","Parked Vehicle","Not Applicable","Not Applicable","North Of",""
"680445","CR-0000089680","1","0","0","0","21-118-0367","False","False","","4/28/2021 11:30:00 AM","No Pedestrians Involved","Dry","No Unusual Conditions","Daylight","Violation Driver 1","Unknown","Clear","Rear End","Non-Related","Other Vehicle","Not Applicable","Not Applicable","East Of",""
"680446","CR-0000089681","0","0","0","0","21-121-0112","True","False","45","5/1/2021 3:34:00 AM","No Pedestrians Involved","Dry","No Unusual Conditions","Dark - Street Light","Violation Driver 1","No Controls Present/Factor","Clear","Head On","Related","Parked Vehicle","Not Applicable","Not Applicable","South Of","STREET SIGN"
"680448","CR-0000089683","0","0","0","0","21-172-0886","False","False","111","6/21/2021 7:06:00 PM","No Pedestrians Involved","Dry","No Unusual Conditions","Daylight","Violation Driver 1","Controls Functioning","Clear","Rear End","Non-Related","Other Vehicle","Not Applicable","Not Applicable","North Of",""
"680449","CR-0000089689","0","0","0","0","21-275-9701","False","True","51","10/2/2021 3:00:00 AM","No Pedestrians Involved","Dry","No Unusual Conditions","Dark - Street Light","Unknown","No Controls Present/Factor","Clear","Rear End","Non-Related","Parked Vehicle","Not Applicable","Not Applicable","West Of",""
"680450","CR-0000089690","0","0","0","0","21-275-9705","False","True","","10/2/2021 12:00:00 AM","No Pedestrians Involved","Dry","No Unusual Conditions","Dark - Street Light","Unknown","No Controls Present/Factor","Clear","Sideswipe","Related","Parked Vehicle","Not Applicable","Not Applicable","East Of",""
"680451","CR-0000089691","0","0","0","0","21-275-9703","False","True","","10/2/2021 12:35:00 PM","No Pedestrians Involved","Dry","No Unusual Conditions","Daylight","Unknown","Controls Functioning","Clear","Sideswipe","Related","Other Vehicle","Not Applicable","Not Applicable","Unknown",""
"680452","CR-0000089692","0","0","0","0","21-275-9702","False","False","51","10/2/2021 11:15:00 AM","No Pedestrians Involved","Dry","No Unusual Conditions","Daylight","Unknown","Controls Functioning","Clear","Rear End","Non-Related","Other Vehicle","Not Applicable","Not Applicable","West Of",""
"680453","CR-0000089693","1","0","0","0","22-028-9704","False","False","51","10/28/2021 10:00:00 PM","No Pedestrians Involved","Dry","No Unusual Conditions","Dark - No Street Light","Unknown","Controls Functioning","Clear","Vehicle/Bike","Non-Related","Bike","Not Applicable","Not Applicable","South Of",""
"680454","CR-0000089694","0","0","0","0","22-003-9704","False","True","51","12/31/2021 6:00:00 PM","No Pedestrians Involved","Dry","No Unusual Conditions","Dark - Street Light","Unknown","No Controls Present/Factor","Clear","Rear End","Non-Related","Parked Vehicle","Not Applicable","Not Applicable","Unknown",""
"680455","CR-0000089695","0","0","0","0","22-003-9703","False","True","","12/30/2021 12:54:00 PM","No Pedestrians Involved","Dry","No Unusual Conditions","Daylight","Unknown","Controls Functioning","Clear","Sideswipe","Related","Other Vehicle","Not Applicable","Not Applicable","Unknown",""
"680456","CR-0000089696","0","0","0","0","21-339-0679","False","False","0","12/5/2021 5:38:00 PM","No Pedestrians Involved","Dry","No Unusual Conditions","Dark - Street Light","Violation Driver 1","Controls Functioning","Clear","Vehicle/Bike","Intersection","Bike","Not Applicable","Not Applicable","At",""
"680457","CR-0000089698","0","0","0","0","21-315-0099","False","False","51","11/11/2021 3:48:00 AM","No Pedestrians Involved","Dry","No Unusual Conditions","Dark - Street Light","Violation Driver 1","No Controls Present/Factor","Clear","Rear End","Non-Related","Other Vehicle","Not Applicable","Not Applicable","North Of",""
"680458","CR-0000089697","1","0","0","0","21-346-0660","False","False","61","12/12/2021 6:13:00 PM","No Pedestrians Involved","Dry","No Unusual Conditions","Dark - Street Light","Violation Driver 1","Controls Functioning","Rain","Rear End","Non-Related","Motor Vehicle On Other Roadway","Not Applicable","Not Applicable","North Of",""
"680459","CR-0000089700","1","0","0","0","21-345-0842","False","False","","12/11/2021 7:41:00 PM","No Pedestrians Involved","Dry","No Unusual Conditions","Dark - Street Light","Violation Driver 1","No Controls Present/Factor","Clear","Rear End","Related","Other Vehicle","Not Applicable","Not Applicable","South Of",""
"680460","CR-0000089701","1","0","0","0","21-345-0070","True","False","62","12/11/2021 1:28:00 AM","No Pedestrians Involved","Dry","No Unusual Conditions","Dark - Street Light","Violation Driver 1","No Controls Present/Factor","Clear","Hit Object","Non-Related","Fixed Object","Not Applicable","Not Applicable","West Of","HIT LIGHT POLE"
"680461","CR-0000089702","2","0","0","0","21-345-0179","False","False","125","12/11/2021 5:42:00 AM","No Pedestrians Involved","Dry","No Unusual Conditions","Dark - Street Light","Violation Driver 1","Controls Functioning","Clear","Sideswipe","Non-Related","Other Vehicle","Not Applicable","Not Applicable","West Of",""
"680462","CR-0000089703","0","1","0","0","21-345-0365","False","False","0","12/11/2021 11:22:00 AM","No Pedestrians Involved","Dry","No Unusual Conditions","Daylight","Violation Driver 1","Controls Functioning","Clear","Broadside","Intersection","Other Vehicle","Not Applicable","Not Applicable","At",""
"680464","CR-0000089705","0","0","0","0","21-345-0579","False","False","0","12/11/2021 3:00:00 PM","No Pedestrians Involved","Dry","No Unusual Conditions","Daylight","Violation Driver 1","Controls Functioning","Clear","Sideswipe","Intersection","Other Vehicle","Not Applicable","Not Applicable","At",""
"680465","CR-0000089706","0","0","0","0","21-346-0431","False","False","51","12/11/2021 8:05:00 PM","No Pedestrians Involved","Dry","No Unusual Conditions","Dark - Street Light","Violation Driver 1","No Controls Present/Factor","Clear","Sideswipe","Non-Related","Other Vehicle","Not Applicable","Not Applicable","West Of",""
"680466","CR-0000089707","0","0","0","0","21-345-0888","False","False","0","12/11/2021 8:22:00 PM","No Pedestrians Involved","Dry","No Unusual Conditions","Dark - Street Light","Violation Driver 1","Controls Functioning","Cloudy","Sideswipe","Intersection","Light Rail Vehicle","Not Applicable","Not Applicable","At",""
"680467","CR-0000089708","1","0","0","0","21-345-0928","True","False","76","12/11/2021 9:11:00 PM","No Pedestrians Involved","Dry","No Unusual Conditions","Dark - Street Light","Violation Driver 1","Controls Functioning","Clear","Hit Object","Non-Related","Fixed Object","Not Applicable","Not Applicable","North Of","HIT LIGHT POLE"
"680468","CR-0000089709","0","0","1","0","21-345-1000","True","False","55","12/11/2021 10:30:00 PM","No Pedestrians Involved","Dry","No Unusual Conditions","Dark - Street Light","Violation Driver 1","Controls Functioning","Clear","Sideswipe","Non-Related","Other Vehicle","Not Applicable","Not Applicable","South Of","V1 HIT LIGHT POLE AFTER SIDESWIPING V2"
"680469","CR-0000089711","0","0","0","0","21-345-1085","False","False","395","12/11/2021 11:53:00 PM","No Pedestrians Involved","Dry","Unknown","Dark - Street Light","Violation Driver 1","Controls Functioning","Clear","Hit Object","Non-Related","Fixed Object","Not Applicable","Not Applicable","North Of","HIT TMOBILE BUILDING"
"680470","CR-0000089712","0","0","0","0","21-346-0086","False","False","36","12/12/2021 1:26:00 AM","No Pedestrians Involved","Dry","No Unusual Conditions","Dark - Street Light","Violation Driver 1","No Controls Present/Factor","Clear","Hit Object","Related","Fixed Object","Not Applicable","Not Applicable","East Of","HIT FIRE HYDRANT"
"680471","CR-0000089710","0","1","0","0","21-259-0775","False","False","0","9/16/2021 3:40:00 PM","In Road - Includes Shoulder","Dry","No Unusual Conditions","Daylight","Violation Driver 1","Unknown","Clear","Vehicle/Pedestrian","Intersection","Pedestrian","East","West","At","SCOOTER (NO MOTOR) (PEDESTRIAN)"
"680472","CR-0000089713","0","0","0","0","21-346-0129","True","False","55","12/12/2021 2:15:00 AM","No Pedestrians Involved","Dry","No Unusual Conditions","Dark - Street Light","Violation Driver 1","Controls Functioning","Clear","Hit Object","Non-Related","Other Object","Not Applicable","Not Applicable","East Of","V1 HIT TREE BRANCH, NO STOPPING SIGN, FIRE HYDRANT"
"680473","CR-0000089714","0","0","0","0","21-346-0161","True","False","51","12/12/2021 3:13:00 AM","No Pedestrians Involved","Wet","No Unusual Conditions","Dark - Street Light","Unknown","No Controls Present/Factor","Rain","Rear End","Non-Related","Parked Vehicle","Not Applicable","Not Applicable","South Of","V1 HIT 2 PARKED CARS AND THEN HIT V2 INTO A LIGHT POLE"
"680474","CR-0000089716","0","0","0","0","21-346-0183","False","False","439","12/12/2021 3:59:00 AM","No Pedestrians Involved","Snowy - Icy","No Unusual Conditions","Dark - Street Light","Violation Driver 1","Controls Functioning","Cloudy","Hit Object","Non-Related","Fixed Object","Not Applicable","Not Applicable","East Of","V1 HIT LIGHT POLE"
"680475","CR-0000089717","0","0","0","0","21-346-0266","True","False","0","12/12/2021 7:30:00 AM","No Pedestrians Involved","Wet","No Unusual Conditions","Daylight","Violation Driver 1","No Controls Present/Factor","Other","Hit Object","Intersection","Fixed Object","Not Applicable","Not Applicable","At","HIT STOP SIGN"
"680476","CR-0000089718","2","0","0","0","21-346-0500","False","False","0","12/12/2021 2:39:00 PM","No Pedestrians Involved","Wet","No Unusual Conditions","Daylight","Violation Driver 1","Controls Functioning","Rain","Broadside","Intersection","Other Vehicle","Not Applicable","Not Applicable","At",""
"680479","CR-0000089721","0","0","0","0","21-364-9701","False","False","","12/27/2021 8:50:00 AM","No Pedestrians Involved","Wet","No Unusual Conditions","Daylight","Unknown","Controls Functioning","Rain","Rear End","Related","Other Vehicle","Not Applicable","Not Applicable","North Of",""
"680480","CR-0000089722","0","0","0","0","21-356-9713","False","True","0","12/21/2021 12:40:00 PM","No Pedestrians Involved","Dry","No Unusual Conditions","Daylight","Unknown","Controls Functioning","Clear","Rear End","Intersection","Other Vehicle","Not Applicable","Not Applicable","At",""
"680487","CR-0000089729","0","0","0","0","21-346-0518","False","False","105","12/12/2021 3:15:00 PM","No Pedestrians Involved","Dry","No Unusual Conditions","Daylight","Violation Driver 1","No Controls Present/Factor","Cloudy","Head On","Non-Related","Parked Vehicle","Not Applicable","Not Applicable","South Of",""
"680488","CR-0000089730","4","0","0","0","21-346-0566","False","False","331","12/12/2021 4:19:00 PM","No Pedestrians Involved","Wet","No Unusual Conditions","Daylight","Violation Driver 1","No Controls Present/Factor","Rain","Broadside","Non-Related","Other Vehicle","Not Applicable","Not Applicable","South Of",""
"680489","CR-0000089731","0","0","1","0","21-346-0698","False","False","216","12/12/2021 7:02:00 PM","Crossing - Not In Crosswalk","Wet","No Unusual Conditions","Dark - Street Light","Violation Driver 1","Controls Functioning","Rain","Vehicle/Pedestrian","Non-Related","Pedestrian","West","East","South Of",""
"680490","CR-0000089732","1","0","0","0","21-346-0710","False","False","0","12/12/2021 7:21:00 PM","No Pedestrians Involved","Wet","No Unusual Conditions","Dark - Street Light","Violation Driver 1","Controls Functioning","Rain","Broadside","Intersection","Other Vehicle","Not Applicable","Not Applicable","At",""
"680491","CR-0000089733","2","0","0","0","21-346-0803","False","False","0","12/12/2021 9:55:00 PM","No Pedestrians Involved","Wet","No Unusual Conditions","Dark - Street Light","Violation Driver 1","Controls Functioning","Rain","Broadside","Intersection","Other Vehicle","Not Applicable","Not Applicable","At",""
"680492","CR-0000089734","0","2","0","0","21-346-0802","True","False","105","12/12/2021 9:57:00 PM","No Pedestrians Involved","Wet","No Unusual Conditions","Dark - Street Light","Violation Driver 1","Controls Functioning","Rain","Hit Object","Non-Related","Fixed Object","Not Applicable","Not Applicable","South Of","hit tree"
"680493","CR-0000089735","0","0","0","0","21-346-0807","False","False","150","12/12/2021 10:00:00 PM","No Pedestrians Involved","Wet","No Unusual Conditions","Dark - Street Light","Violation Driver 1","No Controls Present/Factor","Rain","Rear End","Non-Related","Parked Vehicle","Not Applicable","Not Applicable","South Of",""
"680494","CR-0000089736","1","0","0","0","21-346-0823","False","False","60","12/12/2021 10:26:00 PM","No Pedestrians Involved","Wet","No Unusual Conditions","Dark - Street Light","Violation Driver 1","Controls Functioning","Rain","Broadside","Non-Related","Parked Vehicle","Not Applicable","Not Applicable","North Of",""
"680495","CR-0000089737","0","0","0","1","22-040-0779","False","False","188","2/9/2022 5:53:00 PM","In Road - Includes Shoulder","Dry","No Unusual Conditions","Daylight","Pedestrian At Fault","No Controls Present/Factor","Clear","Vehicle/Pedestrian","Non-Related","Pedestrian","No Direction (Not Walking)","No Direction (Not Walking)","South Of","Delayed Fatal 02/20/2022"
"680496","CR-0000089738","1","0","0","1","22-043-1060","True","False","88","2/12/2022 11:48:00 PM","No Pedestrians Involved","Dry","No Unusual Conditions","Dark - Street Light","Violation Driver 1","Controls Functioning","Clear","Hit Object","Non-Related","Fixed Object","Not Applicable","Not Applicable","South Of","Tree"
"680501","CR-0000089744","0","0","0","0","21-159-0596","False","False","104","6/6/2021 9:30:00 PM","No Pedestrians Involved","Dry","No Unusual Conditions","Dark - Street Light","Violation Driver 1","No Controls Present/Factor","Clear","Hit Object","Non-Related","Fixed Object","Not Applicable","Not Applicable","South Of",""
"680502","CR-0000089745","1","0","0","0","21-264-0399","False","False","0","9/21/2021 9:55:00 AM","No Pedestrians Involved","Dry","No Unusual Conditions","Daylight","Violation Driver 1","Controls Functioning","Clear","Broadside","Intersection","Other Vehicle","Not Applicable","Not Applicable","At",""
"680503","CR-0000089746","0","0","0","0","21-264-0735","False","False","","9/21/2021 3:55:00 PM","No Pedestrians Involved","Dry","No Unusual Conditions","Daylight","Violation Driver 1","Controls Functioning","Clear","Rear End","Related","Other Vehicle","Not Applicable","Not Applicable","North Of",""
"680504","CR-0000089747","0","0","0","0","21-264-1144","False","False","51","9/21/2021 11:13:00 PM","No Pedestrians Involved","Dry","No Unusual Conditions","Dark - Street Light","Violation Driver 1","Controls Functioning","Clear","Rear End","Non-Related","Other Vehicle","Not Applicable","Not Applicable","West Of",""
"680505","CR-0000089748","1","1","0","0","21-264-0557","False","False","22","9/21/2021 12:42:00 PM","No Pedestrians Involved","Dry","No Unusual Conditions","Daylight","Violation Driver 1","Controls Functioning","Clear","Rear End","Related","Other Vehicle","Not Applicable","Not Applicable","North Of",""
"680506","CR-0000089749","1","0","0","0","21-264-0322","True","False","22","9/21/2021 8:39:00 AM","No Pedestrians Involved","Dry","No Unusual Conditions","Daylight","Violation Driver 1","No Controls Present/Factor","Clear","Hit Object","Related","Fixed Object","Not Applicable","Not Applicable","East Of","NO PARKING SIGN AND POWER POLE"
"680507","CR-0000089750","0","0","0","0","21-264-0983","True","False","0","9/21/2021 8:11:00 PM","No Pedestrians Involved","Dry","Unknown","Dark - Street Light","Violation Driver 1","Unknown","Clear","Hit Object","Intersection","Fixed Object","Not Applicable","Not Applicable","At",""
"680508","CR-0000089751","1","0","0","0","21-265-0228","False","False","0","9/22/2021 8:11:00 AM","Crossing In Crosswalk - At Intersection","Dry","No Unusual Conditions","Daylight","Violation Driver 1","Controls Functioning","Clear","Vehicle/Pedestrian","Intersection","Pedestrian","North","South","At","PEDESTRIAN"
"680509","CR-0000089752","0","0","0","0","21-265-0174","False","False","3556","9/22/2021 7:30:00 AM","No Pedestrians Involved","Dry","No Unusual Conditions","Daylight","Violation Driver 1","No Controls Present/Factor","Clear","Sideswipe","Non-Related","Other Vehicle","Not Applicable","Not Applicable","North Of","VTA BUS"
"680510","CR-0000089753","2","2","0","0","21-265-0789","False","False","0","9/22/2021 5:23:00 PM","No Pedestrians Involved","Dry","No Unusual Conditions","Daylight","Violation Driver 1","No Controls Present/Factor","Clear","Broadside","Intersection","Other Vehicle","Not Applicable","Not Applicable","At",""
"680511","CR-0000089754","0","1","0","0","21-265-0518","False","False","0","9/22/2021 1:14:00 PM","Crossing In Crosswalk - At Intersection","Dry","No Unusual Conditions","Daylight","Violation Driver 1","Controls Functioning","Clear","Vehicle/Pedestrian","Intersection","Pedestrian","West","East","At","PEDESTRIAN"
"680512","CR-0000089755","0","0","0","0","21-265-0253","False","False","306","9/22/2021 7:00:00 AM","No Pedestrians Involved","Dry","No Unusual Conditions","Daylight","Violation Driver 1","No Controls Present/Factor","Clear","Rear End","Non-Related","Parked Vehicle","Not Applicable","Not Applicable","North Of",""
"680513","CR-0000089756","0","1","0","0","21-265-0985","False","False","180","9/22/2021 8:25:00 PM","No Pedestrians Involved","Dry","No Unusual Conditions","Dark - Street Light","Violation Driver 1","No Controls Present/Factor","Clear","Sideswipe","Non-Related","Parked Vehicle","Not Applicable","Not Applicable","West Of",""
"680514","CR-0000089757","0","1","0","0","21-265-1000","False","False","0","9/22/2021 8:56:00 PM","No Pedestrians Involved","Dry","No Unusual Conditions","Dark - Street Light","Violation Driver 1","Controls Functioning","Clear","Broadside","Intersection","Other Vehicle","Not Applicable","Not Applicable","At",""
"680515","CR-0000089758","0","0","0","0","21-265-0830","False","False","48","9/22/2021 5:48:00 PM","No Pedestrians Involved","Unknown","No Unusual Conditions","Daylight","Violation Driver 1","No Controls Present/Factor","Clear","Rear End","Related","Other Vehicle","Not Applicable","Not Applicable","South Of",""
"680516","CR-0000089759","0","0","1","0","21-265-0388","False","False","155","9/22/2021 10:40:00 AM","No Pedestrians Involved","Dry","No Unusual Conditions","Daylight","Violation Driver 1","No Controls Present/Factor","Clear","Sideswipe","Non-Related","Other Vehicle","Not Applicable","Not Applicable","South Of",""
"680517","CR-0000089760","0","0","0","0","21-346-0835","False","False","0","12/12/2021 10:43:00 PM","No Pedestrians Involved","Wet","No Unusual Conditions","Dark - Street Light","Violation Driver 1","No Controls Present/Factor","Rain","Broadside","Intersection","Other Vehicle","Not Applicable","Not Applicable","At",""
"680518","CR-0000089761","1","0","0","0","21-347-0162","False","False","305","12/13/2021 6:27:00 AM","No Pedestrians Involved","Wet","No Unusual Conditions","Dark - Street Light","Violation Driver 1","Unknown","Rain","Vehicle/Bike","Non-Related","Bike","Not Applicable","Not Applicable","South Of",""
"680519","CR-0000089762","0","0","0","0","21-266-0792","True","False","20","9/23/2021 6:15:00 PM","No Pedestrians Involved","Dry","No Unusual Conditions","Daylight","Violation Driver 1","No Controls Present/Factor","Clear","Hit Object","Related","Fixed Object","Not Applicable","Not Applicable","East Of","STOP SIGN"
"680520","CR-0000089763","0","0","0","0","21-266-1049","False","False","0","9/23/2021 11:28:00 PM","No Pedestrians Involved","Dry","No Unusual Conditions","Dark - Street Light","Violation Driver 1","No Controls Present/Factor","Clear","Broadside","Intersection","Other Vehicle","Not Applicable","Not Applicable","At",""