"CrashFactId","Name","MinorInjuries","ModerateInjuries","SevereInjuries","FatalInjuries","TcrNumber","CityDamageFlag","ShortFormFlag","Distance","CrashDateTime","PedestrianAction","RoadwaySurface","RoadwayCondition","Lighting","PrimaryCollisionFactor","TrafficControl","Weather","CollisionType","ProximityToIntersection","VehicleInvolvedWith","PedestrianDirectionFrom","PedestrianDirectionTo","DirectionFromIntersection","Comment"
"680521","CR-0000089764","3","0","0","0","21-266-0995","False","False","0","9/23/2021 10:05:00 PM","No Pedestrians Involved","Dry","No Unusual Conditions","Dark - Street Light","Violation Driver 1","Controls Functioning","Clear","Broadside","Intersection","Other Vehicle","Not Applicable","Not Applicable","At",""
"680522","CR-0000089766","2","1","0","0","21-266-0872","False","False","0","9/23/2021 7:54:00 PM","No Pedestrians Involved","Dry","No Unusual Conditions","Dark - Street Light","Violation Driver 1","No Controls Present/Factor","Clear","Head On","Intersection","Other Vehicle","Not Applicable","Not Applicable","At",""
"680523","CR-0000089765","1","0","0","0","21-346-0159","True","False","0","12/12/2021 3:09:00 AM","No Pedestrians Involved","Dry","No Unusual Conditions","Dark - Street Light","Violation Driver 1","Controls Functioning","Clear","Broadside","Intersection","Other Vehicle","Not Applicable","Not Applicable","At","v1 hit bollard after first collision"
"680524","CR-0000089767","0","0","1","0","21-267-0181","False","False","0","9/24/2021 6:40:00 AM","No Pedestrians Involved","Dry","No Unusual Conditions","Dark - Street Light","Violation Driver 1","Controls Functioning","Clear","Vehicle/Bike","Intersection","Bike","Not Applicable","Not Applicable","At","BIKE"
"680525","CR-0000089768","1","0","0","0","21-267-0664","False","False","374","9/24/2021 3:16:00 PM","No Pedestrians Involved","Dry","No Unusual Conditions","Daylight","Violation Driver 1","No Controls Present/Factor","Clear","Broadside","Non-Related","Other Vehicle","Not Applicable","Not Applicable","West Of",""
"680526","CR-0000089769","1","0","0","0","21-267-0629","False","False","","9/24/2021 2:25:00 PM","No Pedestrians Involved","Dry","No Unusual Conditions","Daylight","Violation Driver 1","Controls Functioning","Clear","Rear End","Related","Motorcycle","Not Applicable","Not Applicable","North Of",""
"680527","CR-0000089770","1","0","0","0","21-347-0314","False","False","0","12/13/2021 10:40:00 AM","No Pedestrians Involved","Wet","No Unusual Conditions","Daylight","Violation Driver 1","No Controls Present/Factor","Rain","Sideswipe","Intersection","Other Vehicle","Not Applicable","Not Applicable","At",""
"680528","CR-0000089773","0","0","0","0","21-349-9716","False","True","51","12/13/2021 4:45:00 PM","No Pedestrians Involved","Wet","No Unusual Conditions","Dusk - Dawn","Unknown","Controls Functioning","Rain","Head On","Non-Related","Other Vehicle","Not Applicable","Not Applicable","North Of",""
"680529","CR-0000089774","2","0","0","0","21-347-0429","False","False","0","12/13/2021 12:36:00 PM","No Pedestrians Involved","Wet","Unknown","Daylight","Violation Driver 1","Controls Functioning","Rain","Broadside","Intersection","Other Vehicle","Not Applicable","Not Applicable","At",""
"680530","CR-0000089775","1","0","0","0","21-347-0766","False","False","0","12/13/2021 7:25:00 PM","Crossing In Crosswalk - At Intersection","Wet","No Unusual Conditions","Dark - No Street Light","Violation Driver 1","No Controls Present/Factor","Clear","Vehicle/Pedestrian","Intersection","Pedestrian","East","West","At",""
"680531","CR-0000089776","0","0","0","0","21-347-0840","False","False","98","12/13/2021 8:50:00 PM","No Pedestrians Involved","Wet","No Unusual Conditions","Dark - Street Light","Violation Driver 1","Controls Functioning","Rain","Hit Object","Non-Related","Fixed Object","Not Applicable","Not Applicable","West Of","v1 hit sidewalk"
"680532","CR-0000089777","0","1","0","0","21-348-0444","False","False","0","12/14/2021 1:09:00 PM","No Pedestrians Involved","Wet","No Unusual Conditions","Daylight","Violation Driver 1","Controls Functioning","Cloudy","Vehicle/Bike","Intersection","Bike","Not Applicable","Not Applicable","At",""
"680533","CR-0000089778","1","0","0","0","21-348-0414","False","False","0","12/14/2021 12:40:00 PM","No Pedestrians Involved","Dry","No Unusual Conditions","Daylight","Violation Driver 1","Controls Functioning","Cloudy","Sideswipe","Intersection","Other Vehicle","Not Applicable","Not Applicable","At",""
"680534","CR-0000089779","1","0","0","0","21-348-0509","False","False","51","12/14/2021 1:29:00 PM","No Pedestrians Involved","Dry","No Unusual Conditions","Daylight","Violation Driver 1","No Controls Present/Factor","Cloudy","Rear End","Non-Related","Other Vehicle","Not Applicable","Not Applicable","West Of",""
"680535","CR-0000089780","1","0","0","0","21-348-0619","False","False","0","12/14/2021 4:13:00 PM","No Pedestrians Involved","Dry","No Unusual Conditions","Daylight","Violation Driver 1","Controls Functioning","Clear","Rear End","Intersection","Other Vehicle","Not Applicable","Not Applicable","At",""
"680536","CR-0000089781","0","0","0","0","21-248-0653","False","False","51","12/14/2021 4:42:00 PM","No Pedestrians Involved","Wet","No Unusual Conditions","Daylight","Violation Driver 1","No Controls Present/Factor","Cloudy","Hit Object","Non-Related","Fixed Object","Not Applicable","Not Applicable","South Of","Hit Fence"
"680537","CR-0000089782","2","0","0","0","21-348-0849","False","False","0","12/14/2021 8:00:00 PM","No Pedestrians Involved","Wet","No Unusual Conditions","Dark - Street Light","Violation Driver 1","Controls Functioning","Rain","Head On","Intersection","Other Vehicle","Not Applicable","Not Applicable","At",""
"680538","CR-0000089783","0","0","0","0","21-348-0951","False","False","192","12/14/2021 11:08:00 PM","No Pedestrians Involved","Dry","No Unusual Conditions","Dark - Street Light","Violation Driver 1","Controls Functioning","Clear","Sideswipe","Non-Related","Parked Vehicle","Not Applicable","Not Applicable","South Of",""
"680539","CR-0000089784","1","0","0","0","21-349-0132","False","False","0","12/15/2021 5:45:00 AM","No Pedestrians Involved","Dry","No Unusual Conditions","Dark - Street Light","Violation Driver 1","Unknown","Clear","Head On","Intersection","Other Vehicle","Not Applicable","Not Applicable","At",""
"680540","CR-0000089785","0","0","0","0","22-020-9702","False","False","130","12/15/2021 8:30:00 AM","No Pedestrians Involved","Dry","No Unusual Conditions","Daylight","Unknown","No Controls Present/Factor","Clear","Sideswipe","Non-Related","Other Vehicle","Not Applicable","Not Applicable","North Of",""
"680541","CR-0000089786","1","0","0","0","21-349-0608","False","False","65","12/15/2021 3:15:00 PM","No Pedestrians Involved","Wet","No Unusual Conditions","Dusk - Dawn","Violation Driver 1","Controls Functioning","Clear","Rear End","Non-Related","Other Vehicle","Not Applicable","Not Applicable","North Of",""
"680542","CR-0000089787","2","0","0","0","21-349-0136","False","False","0","12/15/2021 7:49:00 PM","No Pedestrians Involved","Dry","No Unusual Conditions","Dark - Street Light","Violation Driver 1","Controls Functioning","Clear","Head On","Intersection","Other Vehicle","Not Applicable","Not Applicable","At",""
"680543","CR-0000089788","0","0","0","0","21-349-0209","True","False","30","12/15/2021 8:49:00 AM","No Pedestrians Involved","Dry","No Unusual Conditions","Daylight","Violation Driver 1","No Controls Present/Factor","Clear","Broadside","Related","Other Vehicle","Not Applicable","Not Applicable","West Of","v1 hit flashing xwalk sign after hitting v2"
"680544","CR-0000089789","0","0","0","0","21-349-0452","False","False","32","12/15/2021 12:50:00 PM","No Pedestrians Involved","Dry","No Unusual Conditions","Daylight","Violation Driver 1","Controls Functioning","Clear","Rear End","Related","Other Vehicle","Not Applicable","Not Applicable","West Of",""
"680545","CR-0000089790","0","0","0","0","21-349-0716","True","False","291","12/15/2021 5:18:00 PM","No Pedestrians Involved","Dry","No Unusual Conditions","Dark - Street Light","Violation Driver 1","No Controls Present/Factor","Clear","Broadside","Non-Related","Other Vehicle","Not Applicable","Not Applicable","North Of","V2 HIT SIGN ON CENER MEDIAN AFTER BEING HIT BY V1"
"680546","CR-0000089791","1","0","0","0","21-349-0991","False","False","59","12/15/2021 11:02:00 PM","No Pedestrians Involved","Wet","No Unusual Conditions","Dark - Street Light","Violation Driver 1","No Controls Present/Factor","Rain","Hit Object","Non-Related","Fixed Object","Not Applicable","Not Applicable","West Of","V1 HIT FIRE HYDRANT AND FENCE"
"680547","CR-0000089792","1","0","0","0","21-349-0935","False","False","0","12/15/2021 9:30:00 PM","No Pedestrians Involved","Wet","No Unusual Conditions","Dark - No Street Light","Violation Driver 1","Controls Functioning","Rain","Broadside","Intersection","Other Vehicle","Not Applicable","Not Applicable","At",""
"680548","CR-0000089793","0","0","0","0","21-349-0965","False","False","0","12/15/2021 10:15:00 PM","No Pedestrians Involved","Wet","No Unusual Conditions","Dark - Street Light","Violation Driver 1","Controls Functioning","Rain","Vehicle/Bike","Intersection","Bike","Not Applicable","Not Applicable","At",""
"680549","CR-0000089794","1","0","0","0","21-350-0234","False","False","0","12/16/2021 9:15:00 AM","No Pedestrians Involved","Wet","No Unusual Conditions","Daylight","Violation Driver 1","Controls Functioning","Clear","Broadside","Intersection","Other Vehicle","Not Applicable","Not Applicable","At",""
"680550","CR-0000089795","1","0","0","0","21-350-0369","False","False","0","12/16/2021 11:57:00 AM","No Pedestrians Involved","Wet","No Unusual Conditions","Daylight","Violation Driver 1","No Controls Present/Factor","Clear","Broadside","Intersection","Other Vehicle","Not Applicable","Not Applicable","At",""
"680551","CR-0000089796","1","1","0","0","21-350-0400","False","False","0","12/16/2021 12:33:00 PM","No Pedestrians Involved","Dry","No Unusual Conditions","Daylight","Violation Driver 1","Controls Functioning","Clear","Broadside","Intersection","Other Vehicle","Not Applicable","Not Applicable","At",""
"680552","CR-0000089797","1","0","0","0","21-350-0960","True","False","0","12/16/2021 11:47:00 PM","No Pedestrians Involved","Dry","No Unusual Conditions","Dark - Street Light","Violation Driver 1","Controls Functioning","Clear","Head On","Intersection","Other Vehicle","Not Applicable","Not Applicable","At","V2 HIT TRAFFIC SIGNAL POLE AFTER BEING HIT BY V1"
"680553","CR-0000089798","1","0","0","0","21-350-0674","False","False","100","12/16/2021 5:46:00 PM","No Pedestrians Involved","Dry","No Unusual Conditions","Dark - Street Light","Violation Driver 1","No Controls Present/Factor","Clear","Broadside","Non-Related","Other Vehicle","Not Applicable","Not Applicable","North Of",""
"680554","CR-0000089799","1","0","0","0","21-350-0749","False","False","0","12/16/2021 7:16:00 PM","No Pedestrians Involved","Dry","No Unusual Conditions","Dark - Street Light","Violation Driver 1","Controls Functioning","Clear","Head On","Intersection","Other Vehicle","Not Applicable","Not Applicable","At",""
"680555","CR-0000089800","0","0","1","0","21-267-1127","False","False","254","9/24/2021 11:21:00 PM","Crossing - Not In Crosswalk","Dry","Unknown","Dark - Street Light","Violation Driver 1","Controls Functioning","Clear","Vehicle/Pedestrian","Non-Related","Pedestrian","North","South","West Of","PEDESTRIAN"
"680556","CR-0000089801","0","0","0","0","21-268-9705","False","True","51","9/24/2021 1:00:00 AM","No Pedestrians Involved","Dry","Unknown","Dark - No Street Light","Unknown","Unknown","Clear","Sideswipe","Non-Related","Parked Vehicle","Not Applicable","Not Applicable","North Of",""
"680557","CR-0000089802","0","1","0","0","21-267-0246","False","False","285","9/24/2021 8:41:00 AM","No Pedestrians Involved","Dry","No Unusual Conditions","Daylight","Violation Driver 1","No Controls Present/Factor","Clear","Vehicle/Bike","Non-Related","Bike","Not Applicable","Not Applicable","East Of","BIKE"
"680558","CR-0000089803","0","0","0","0","21-267-0495","False","False","194","9/24/2021 12:12:00 PM","No Pedestrians Involved","Dry","No Unusual Conditions","Daylight","Violation Driver 1","No Controls Present/Factor","Clear","Rear End","Non-Related","Parked Vehicle","Not Applicable","Not Applicable","West Of","SJ FIRE DEPT. VEHICLE"
"680559","CR-0000089804","1","0","0","0","21-267-0779","False","False","122","9/24/2021 5:23:00 PM","No Pedestrians Involved","Dry","No Unusual Conditions","Daylight","Violation Driver 1","No Controls Present/Factor","Clear","Vehicle/Bike","Non-Related","Bike","Not Applicable","Not Applicable","North Of","BIKE"
"680560","CR-0000089805","0","0","0","0","21-267-0920","False","False","42","9/24/2021 7:38:00 PM","Crossing - Not In Crosswalk","Dry","Reduced Roadway Width","Dark - Street Light","Violation Driver 1","No Controls Present/Factor","Clear","Vehicle/Pedestrian","Related","Pedestrian","West","East","North Of","PEDESTRIAN"
"680561","CR-0000089806","0","0","0","0","21-268-0134","False","False","57","9/25/2021 4:50:00 AM","No Pedestrians Involved","Dry","No Unusual Conditions","Dark - Street Light","Violation Driver 1","Controls Functioning","Clear","Sideswipe","Non-Related","Parked Vehicle","Not Applicable","Not Applicable","East Of",""
"680562","CR-0000089807","0","2","0","0","21-268-0189","False","False","0","9/25/2021 7:35:00 AM","No Pedestrians Involved","Dry","No Unusual Conditions","Daylight","Violation Driver 1","Controls Functioning","Clear","Broadside","Intersection","Other Vehicle","Not Applicable","Not Applicable","At",""
"680563","CR-0000089808","0","0","0","0","21-268-0853","False","False","0","9/25/2021 9:55:00 PM","No Pedestrians Involved","Dry","No Unusual Conditions","Dark - Street Light","Violation Driver 1","No Controls Present/Factor","Clear","Broadside","Intersection","Other Vehicle","Not Applicable","Not Applicable","At",""
"680564","CR-0000089809","0","0","0","0","21-268-0529","False","False","140","9/25/2021 3:40:00 AM","No Pedestrians Involved","Dry","No Unusual Conditions","Dark - Street Light","Violation Driver 1","No Controls Present/Factor","Clear","Head On","Non-Related","Parked Vehicle","Not Applicable","Not Applicable","North Of",""
"680565","CR-0000089810","0","0","0","0","21-268-0555","True","False","47","9/25/2021 4:17:00 PM","No Pedestrians Involved","Dry","No Unusual Conditions","Daylight","Violation Driver 1","Controls Functioning","Clear","Hit Object","Related","Fixed Object","Not Applicable","Not Applicable","East Of","TREE"
"680566","CR-0000089812","0","1","0","0","21-351-0542","False","False","58","12/17/2021 2:36:00 PM","In Road - Includes Shoulder","Dry","No Unusual Conditions","Daylight","Violation Driver 1","No Controls Present/Factor","Clear","Vehicle/Pedestrian","Non-Related","Pedestrian","Unknown","Unknown","Unknown",""
"680567","CR-0000089811","0","1","0","0","21-268-0354","False","False","0","9/25/2021 12:20:00 PM","No Pedestrians Involved","Dry","No Unusual Conditions","Daylight","Violation Driver 1","No Controls Present/Factor","Clear","Broadside","Intersection","Motorcycle","Not Applicable","Not Applicable","At",""
"680568","CR-0000089814","0","0","0","0","21-268-0380","False","False","120","9/25/2021 11:44:00 AM","No Pedestrians Involved","Dry","No Unusual Conditions","Daylight","Violation Driver 1","No Controls Present/Factor","Clear","Head On","Non-Related","Other Vehicle","Not Applicable","Not Applicable","West Of",""
"680569","CR-0000089813","0","0","0","0","21-351-0096","False","False","33","12/17/2021 2:43:00 AM","No Pedestrians Involved","Dry","No Unusual Conditions","Dark - Street Light","Violation Driver 1","No Controls Present/Factor","Clear","Hit Object","Related","Fixed Object","Not Applicable","Not Applicable","West Of","hit fence"
"680570","CR-0000089815","0","0","0","0","21-268-0269","False","False","70","9/25/2021 10:02:00 AM","No Pedestrians Involved","Dry","Unknown","Daylight","Violation Driver 1","Controls Functioning","Clear","Sideswipe","Non-Related","Other Vehicle","Not Applicable","Not Applicable","East Of",""
"680571","CR-0000089816","0","0","0","0","21-351-0104","False","False","76","12/17/2021 3:00:00 AM","No Pedestrians Involved","Dry","No Unusual Conditions","Dark - Street Light","Violation Driver 1","No Controls Present/Factor","Clear","Hit Object","Non-Related","Fixed Object","Not Applicable","Not Applicable","North Of","v1 hit pole"
"680572","CR-0000089817","0","0","0","0","21-351-0849","False","False","0","12/17/2021 7:38:00 PM","No Pedestrians Involved","Dry","No Unusual Conditions","Dark - Street Light","Violation Driver 1","No Controls Present/Factor","Clear","Rear End","Intersection","Other Vehicle","Not Applicable","Not Applicable","At",""
"680573","CR-0000089818","0","0","0","0","21-351-0917","False","False","","12/17/2021 8:46:00 PM","No Pedestrians Involved","Dry","Other","Dark - Street Light","Violation Driver 1","Controls Functioning","Clear","Sideswipe","Related","Other Vehicle","Not Applicable","Not Applicable","North Of",""
"680574","CR-0000089819","0","0","0","0","21-268-0193","False","False","24","9/25/2021 7:43:00 AM","No Pedestrians Involved","Dry","No Unusual Conditions","Daylight","Violation Driver 1","Controls Functioning","Clear","Sideswipe","Related","Parked Vehicle","Not Applicable","Not Applicable","South Of",""
"680575","CR-0000089820","0","0","0","0","21-351-0095","False","False","74","12/17/2021 2:42:00 AM","No Pedestrians Involved","Dry","No Unusual Conditions","Dark - Street Light","Violation Driver 1","Controls Functioning","Clear","Rear End","Non-Related","Parked Vehicle","Not Applicable","Not Applicable","East Of",""
"680576","CR-0000089821","2","0","0","0","21-268-0854","False","False","0","9/25/2021 9:57:00 PM","No Pedestrians Involved","Dry","No Unusual Conditions","Dark - Street Light","Violation Driver 1","Controls Functioning","Clear","Rear End","Intersection","Other Vehicle","Not Applicable","Not Applicable","At",""
"680577","CR-0000089822","0","0","0","0","21-351-0172","False","False","0","12/17/2021 7:11:00 AM","No Pedestrians Involved","Dry","No Unusual Conditions","Daylight","Violation Driver 1","Controls Functioning","Clear","Broadside","Intersection","Other Vehicle","Not Applicable","Not Applicable","At",""
"680578","CR-0000089823","0","0","0","0","21-351-0325","False","False","155","12/17/2021 10:10:00 AM","No Pedestrians Involved","Dry","No Unusual Conditions","Daylight","Violation Driver 1","Controls Functioning","Clear","Sideswipe","Non-Related","Other Vehicle","Not Applicable","Not Applicable","East Of",""
"680579","CR-0000089824","0","0","0","0","21-351-0502","False","False","34","12/17/2021 1:57:00 PM","No Pedestrians Involved","Dry","No Unusual Conditions","Daylight","Violation Driver 1","No Controls Present/Factor","Clear","Sideswipe","Related","Motorcycle","Not Applicable","Not Applicable","East Of",""
"680580","CR-0000089825","0","0","0","0","21-351-0865","False","False","0","12/17/2021 7:55:00 PM","No Pedestrians Involved","Dry","No Unusual Conditions","Dark - Street Light","Violation Driver 1","Controls Functioning","Clear","Broadside","Intersection","Other Vehicle","Not Applicable","Not Applicable","At",""
"680581","CR-0000089826","0","0","0","0","21-351-1006","False","False","25","12/17/2021 10:18:00 PM","No Pedestrians Involved","Dry","No Unusual Conditions","Dark - Street Light","Violation Driver 1","Controls Functioning","Clear","Hit Object","Related","Fixed Object","Not Applicable","Not Applicable","West Of","hit curb"
"680582","CR-0000089827","0","0","0","0","21-351-1083","False","False","40","12/17/2021 11:35:00 PM","No Pedestrians Involved","Dry","No Unusual Conditions","Dark - Street Light","Violation Driver 1","No Controls Present/Factor","Clear","Sideswipe","Related","Parked Vehicle","Not Applicable","Not Applicable","East Of",""
"680583","CR-0000089828","0","0","0","1","22-050-0141","True","False","800","2/19/2022 5:38:00 AM","No Pedestrians Involved","Dry","No Unusual Conditions","Dark - No Street Light","Violation Driver 1","Controls Functioning","Clear","Hit Object","Non-Related","Fixed Object","Not Applicable","Not Applicable","South Of","Median island, Tree"
"680584","CR-0000089845","0","0","0","1","21-307-0125","False","False","265","11/3/2021 5:36:00 AM","No Pedestrians Involved","Dry","No Unusual Conditions","Dark - No Street Light","Unknown","No Controls Present/Factor","Clear","Broadside","Non-Related","Motorcycle","Not Applicable","Not Applicable","North Of",""
"680585","CR-0000089846","0","0","0","1","22-046-0047","False","False","0","2/15/2022 1:16:00 AM","No Pedestrians Involved","Dry","Loose Material On Roadway","Dark - Street Light","Violation Driver 1","Controls Functioning","Clear","Hit Object","Intersection","Fixed Object","Not Applicable","Not Applicable","At","Curb"
"680586","CR-0000089847","0","1","0","2","21-309-0323","False","False","2500","11/5/2021 10:31:00 AM","No Pedestrians Involved","Dry","No Unusual Conditions","Daylight","Unknown","No Controls Present/Factor","Cloudy","Head On","Non-Related","Other Vehicle","Not Applicable","Not Applicable","East Of",""
"680587","CR-0000089848","0","0","1","1","21-306-1070","True","False","125","11/2/2021 11:50:00 PM","No Pedestrians Involved","Dry","No Unusual Conditions","Dark - Street Light","Violation Driver 1","No Controls Present/Factor","Clear","Hit Object","Non-Related","Fixed Object","Not Applicable","Not Applicable","South Of","Tree"
"680588","CR-0000089849","0","0","0","1","21-223-1131","False","False","0","8/11/2021 11:41:00 PM","No Pedestrians Involved","Dry","No Unusual Conditions","Dark - Street Light","Violation Driver 1","Controls Functioning","Clear","Head On","Intersection","Motorcycle","Not Applicable","Not Applicable","At",""
"680589","CR-0000089850","0","0","0","1","22-064-0675","False","False","0","3/5/2022 6:40:00 PM","Crossing - Not In Crosswalk","Unknown","No Unusual Conditions","Dark - Street Light","Violation Driver 1","Controls Not Functioning","Clear","Vehicle/Pedestrian","Intersection","Pedestrian","West","East","At","Delayed fatal - 03/06/2022. Ped using rollator."
"680590","CR-0000089875","0","0","0","1","21-210-0860","False","False","0","7/29/2021 9:05:00 PM","Crossing - Not In Crosswalk","Dry","No Unusual Conditions","Dark - Street Light","Unknown","Controls Functioning","Clear","Vehicle/Pedestrian","Intersection","Pedestrian","West","East","At",""
"680591","CR-0000089900","0","0","0","0","21-306-9707","False","True","","10/29/2021 2:30:00 PM","No Pedestrians Involved","Unknown","No Unusual Conditions","Daylight","Unknown","No Controls Present/Factor","Clear","Sideswipe","Related","Parked Vehicle","Not Applicable","Not Applicable","East Of",""
"680592","CR-0000089902","0","0","0","0","21-316-9711","False","True","","11/1/2021 11:00:00 AM","No Pedestrians Involved","Unknown","Unknown","Daylight","Unknown","Unknown","Unknown","Sideswipe","Related","Parked Vehicle","Not Applicable","Not Applicable","East Of",""
"680593","CR-0000089903","2","0","0","0","21-306-0334","False","False","0","11/2/2021 11:05:00 AM","No Pedestrians Involved","Dry","No Unusual Conditions","Daylight","Violation Driver 1","No Controls Present/Factor","Clear","Broadside","Intersection","Other Vehicle","Not Applicable","Not Applicable","At",""
"680594","CR-0000089904","0","0","0","0","21-306-0500","False","True","","11/2/2021 1:30:00 PM","No Pedestrians Involved","Unknown","Unknown","Daylight","Unknown","Unknown","Unknown","Rear End","Non-Related","Other Vehicle","Not Applicable","Not Applicable","North Of",""
"680595","CR-0000089905","0","0","0","0","21-307-9702","False","True","0","11/2/2021 7:25:00 PM","No Pedestrians Involved","Unknown","Unknown","Unknown","Unknown","Unknown","Unknown","Head On","Intersection","Other Vehicle","Not Applicable","Not Applicable","At",""
"680596","CR-0000089906","0","0","0","0","21-307-9708","False","True","","11/2/2021 12:45:00 PM","No Pedestrians Involved","Unknown","Unknown","Daylight","Unknown","Unknown","Unknown","Rear End","Related","Other Vehicle","North","Not Applicable","South Of",""
"680597","CR-0000089901","0","0","0","0","21-306-9705","False","True","0","11/1/2021 7:38:00 AM","No Pedestrians Involved","Unknown","Unknown","Daylight","Unknown","Unknown","Unknown","Vehicle/Bike","Intersection","Other Vehicle","Not Applicable","Not Applicable","At","BIKE"
"680598","CR-0000089907","0","1","0","0","21-306-0526","False","False","0","11/2/2021 1:56:00 PM","Crossing In Crosswalk - At Intersection","Dry","No Unusual Conditions","Daylight","Violation Driver 1","Controls Functioning","Clear","Vehicle/Pedestrian","Intersection","Pedestrian","West","East","At","PEDESTRIAN"
"680599","CR-0000089908","0","0","0","0","21-045-4002","False","True","51","2/14/2021 6:40:00 PM","No Pedestrians Involved","Unknown","Unknown","Unknown","Unknown","Unknown","Unknown","Broadside","Non-Related","Other Vehicle","Not Applicable","Not Applicable","West Of",""
"680600","CR-0000089909","0","0","0","0","21-045-4000","False","True","","2/13/2021 3:00:00 PM","No Pedestrians Involved","Unknown","Unknown","Daylight","Unknown","Unknown","Unknown","Sideswipe","Related","Other Vehicle","Not Applicable","Not Applicable","East Of",""
"680601","CR-0000089910","0","0","0","0","21-044-4001","False","True","51","2/13/2021 9:20:00 PM","No Pedestrians Involved","Unknown","Unknown","Unknown","Unknown","Unknown","Unknown","Other","Non-Related","Parked Vehicle","Not Applicable","South","South Of",""
"680602","CR-0000089911","0","0","0","0","21-044-4000","False","True","51","2/13/2021 8:30:00 AM","No Pedestrians Involved","Unknown","Unknown","Daylight","Unknown","Unknown","Unknown","Sideswipe","Non-Related","Parked Vehicle","Not Applicable","Not Applicable","North Of",""
"680603","CR-0000089912","0","0","0","0","21-044-0500","False","True","","2/13/2021 2:00:00 PM","No Pedestrians Involved","Unknown","Unknown","Daylight","Unknown","Unknown","Unknown","Other","Related","Parked Vehicle","Not Applicable","Not Applicable","Unknown","2 ref. cards
1) (Stolen Car) 21-044-0550
2) 21-044-0484"
"680604","CR-0000089913","0","0","0","0","21-042-4000","False","True","","2/11/2021 10:30:00 AM","No Pedestrians Involved","Unknown","Unknown","Daylight","Unknown","Unknown","Unknown","Sideswipe","Related","Parked Vehicle","Not Applicable","Not Applicable","West Of",""
"680605","CR-0000089914","0","0","0","0","21-040-4002","False","True","","2/9/2021 7:45:00 AM","No Pedestrians Involved","Unknown","Unknown","Daylight","Unknown","Unknown","Unknown","Rear End","Related","Other Vehicle","Not Applicable","Not Applicable","South Of",""
"680606","CR-0000089915","0","0","0","0","21-040-4001","False","True","","2/9/2021 2:30:00 PM","No Pedestrians Involved","Unknown","Unknown","Daylight","Unknown","Unknown","Unknown","Rear End","Related","Other Vehicle","Not Applicable","Not Applicable","Unknown",""
"680607","CR-0000089916","0","0","0","0","21-040-4000","False","True","51","2/8/2021 10:10:00 PM","No Pedestrians Involved","Unknown","Unknown","Unknown","Unknown","Unknown","Unknown","Sideswipe","Non-Related","Parked Vehicle","Not Applicable","Not Applicable","East Of",""
"680608","CR-0000089917","0","0","0","0","21-038-4001","False","True","","2/7/2021 7:14:00 PM","No Pedestrians Involved","Unknown","Unknown","Unknown","Unknown","Unknown","Unknown","Rear End","Related","Other Vehicle","Not Applicable","Not Applicable","South Of",""
"680609","CR-0000089918","0","0","0","0","21-034-4000","False","True","0","2/3/2021 12:25:00 AM","No Pedestrians Involved","Unknown","Unknown","Unknown","Unknown","Unknown","Unknown","Sideswipe","Intersection","Other Vehicle","Not Applicable","Not Applicable","At",""
"680610","CR-0000089919","1","0","0","0","21-309-0817","False","False","165","11/5/2021 7:12:00 PM","No Pedestrians Involved","Dry","No Unusual Conditions","Dark - Street Light","Violation Driver 1","Controls Functioning","Clear","Rear End","Non-Related","Parked Vehicle","Not Applicable","Not Applicable","East Of",""
"680611","CR-0000089920","0","0","1","0","21-310-0831","False","False","165","11/6/2021 8:26:00 PM","In Road - Includes Shoulder","Unknown","No Unusual Conditions","Dark - No Street Light","Violation Driver 1","No Controls Present/Factor","Clear","Vehicle/Pedestrian","Non-Related","Pedestrian","North","South","North Of","PEDESTRIAN"
"680612","CR-0000089921","4","0","0","0","21-310-0942","False","False","","11/6/2021 10:27:00 PM","No Pedestrians Involved","Dry","No Unusual Conditions","Dark - Street Light","Violation Driver 1","Controls Functioning","Clear","Rear End","Related","Other Vehicle","Not Applicable","Not Applicable","North Of",""
"680613","CR-0000089922","0","0","0","0","21-321-0970","False","False","51","11/6/2021 4:50:00 PM","No Pedestrians Involved","Unknown","Unknown","Daylight","Unknown","Unknown","Unknown","Other","Non-Related","Other Vehicle","Not Applicable","Not Applicable","South Of",""
"680614","CR-0000089923","0","0","1","0","21-311-0514","False","False","0","11/7/2021 12:59:00 PM","Crossing In Crosswalk - At Intersection","Dry","Unknown","Daylight","Violation Driver 1","Unknown","Clear","Head On","Intersection","Pedestrian","South","North","At","PEDESTRIAN"
"680615","CR-0000089924","1","0","0","0","21-311-0608","False","False","0","11/7/2021 2:57:00 PM","No Pedestrians Involved","Dry","No Unusual Conditions","Daylight","Violation Driver 1","No Controls Present/Factor","Clear","Broadside","Intersection","Other Vehicle","Not Applicable","Not Applicable","At",""
"680616","CR-0000089925","1","0","0","0","21-312-0145","False","False","160","11/8/2021 5:59:00 AM","No Pedestrians Involved","Dry","No Unusual Conditions","Daylight","Violation Driver 1","Controls Functioning","Cloudy","Sideswipe","Non-Related","Other Vehicle","Not Applicable","Not Applicable","North Of","ELECTRICAL POLE"
"680617","CR-0000089926","1","0","0","0","21-315-9709","False","True","","11/9/2021 8:35:00 AM","No Pedestrians Involved","Dry","No Unusual Conditions","Daylight","Unknown","Controls Functioning","Clear","Rear End","Related","Other Vehicle","Not Applicable","Not Applicable","East Of",""