"CrashFactId","Name","MinorInjuries","ModerateInjuries","SevereInjuries","FatalInjuries","TcrNumber","CityDamageFlag","ShortFormFlag","Distance","CrashDateTime","PedestrianAction","RoadwaySurface","RoadwayCondition","Lighting","PrimaryCollisionFactor","TrafficControl","Weather","CollisionType","ProximityToIntersection","VehicleInvolvedWith","PedestrianDirectionFrom","PedestrianDirectionTo","DirectionFromIntersection","Comment"
"680722","CR-0000090039","0","0","0","0","21-216-9703","False","True","0","8/3/2021 2:30:00 PM","No Pedestrians Involved","Dry","No Unusual Conditions","Daylight","Unknown","Controls Functioning","Clear","Broadside","Intersection","Other Vehicle","Not Applicable","Not Applicable","At",""
"680723","CR-0000090040","0","0","0","0","21-216-9706","False","True","51","8/4/2021 8:39:00 AM","No Pedestrians Involved","Dry","No Unusual Conditions","Daylight","Unknown","Controls Functioning","Clear","Sideswipe","Non-Related","Other Vehicle","Not Applicable","Not Applicable","East Of",""
"680724","CR-0000090041","0","0","0","0","21-305-9704","False","True","0","10/29/2021 1:05:00 PM","No Pedestrians Involved","Dry","No Unusual Conditions","Daylight","Unknown","Controls Functioning","Clear","Sideswipe","Intersection","Other Vehicle","Not Applicable","Not Applicable","At",""
"680725","CR-0000090042","0","0","0","0","21-305-9701","False","True","","10/28/2021 3:30:00 PM","No Pedestrians Involved","Dry","No Unusual Conditions","Daylight","Unknown","Controls Functioning","Clear","Rear End","Related","Other Vehicle","Not Applicable","Not Applicable","North Of",""
"680726","CR-0000090043","1","0","0","0","21-305-0052","False","False","","11/1/2021 1:02:00 AM","No Pedestrians Involved","Dry","No Unusual Conditions","Dark - Street Light","Violation Driver 1","Controls Functioning","Clear","Rear End","Related","Other Vehicle","Not Applicable","Not Applicable","South Of",""
"680727","CR-0000090044","0","0","0","0","21-304-9708","False","True","","10/31/2021 2:00:00 AM","No Pedestrians Involved","Dry","Other","Dark - Street Light","Unknown","No Controls Present/Factor","Cloudy","Sideswipe","Related","Parked Vehicle","Not Applicable","Not Applicable","South Of",""
"680728","CR-0000090045","0","0","0","0","21-304-9705","False","True","51","10/30/2021 8:00:00 PM","No Pedestrians Involved","Dry","No Unusual Conditions","Dark - Street Light","Unknown","No Controls Present/Factor","Clear","Rear End","Non-Related","Other Vehicle","Not Applicable","Not Applicable","East Of",""
"680729","CR-0000090046","1","0","0","0","21-238-0792","False","False","200","8/26/2021 1:50:00 PM","No Pedestrians Involved","Dry","No Unusual Conditions","Daylight","Violation Driver 1","No Controls Present/Factor","Clear","Sideswipe","Non-Related","Other Vehicle","Not Applicable","Not Applicable","South Of",""
"680730","CR-0000090047","0","0","0","0","21-304-9704","False","True","0","10/30/2021 4:46:00 PM","No Pedestrians Involved","Dry","No Unusual Conditions","Daylight","Unknown","Controls Functioning","Clear","Rear End","Intersection","Other Vehicle","Not Applicable","Not Applicable","At",""
"680731","CR-0000090048","0","0","0","0","21-298-9701","False","True","51","10/22/2021 4:07:00 PM","No Pedestrians Involved","Dry","No Unusual Conditions","Daylight","Unknown","No Controls Present/Factor","Cloudy","Rear End","Non-Related","Other Vehicle","Not Applicable","Not Applicable","West Of",""
"680732","CR-0000090049","0","0","0","0","21-298-9711","False","True","0","10/25/2021 8:10:00 AM","No Pedestrians Involved","Wet","No Unusual Conditions","Daylight","Unknown","No Controls Present/Factor","Rain","Sideswipe","Intersection","Other Vehicle","Not Applicable","Not Applicable","At",""
"680733","CR-0000090050","1","0","0","0","21-299-0766","False","False","39","10/26/2021 5:59:00 PM","No Pedestrians Involved","Dry","No Unusual Conditions","Dark - Street Light","Violation Driver 1","No Controls Present/Factor","Clear","Rear End","Related","Other Vehicle","Not Applicable","Not Applicable","West Of",""
"680734","CR-0000090051","0","0","0","0","21-299-9712","False","True","0","10/25/2021 2:50:00 PM","No Pedestrians Involved","Dry","No Unusual Conditions","Daylight","Unknown","Controls Functioning","Clear","Sideswipe","Intersection","Other Vehicle","Not Applicable","Not Applicable","At",""
"680735","CR-0000090052","0","0","0","0","21-300-0817","False","False","","10/27/2021 6:36:00 PM","No Pedestrians Involved","Dry","No Unusual Conditions","Dusk - Dawn","Violation Driver 1","No Controls Present/Factor","Clear","Broadside","Related","Other Vehicle","Not Applicable","Not Applicable","West Of",""
"680736","CR-0000090053","1","0","0","0","21-233-9704","False","False","0","8/18/2021 8:22:00 AM","No Pedestrians Involved","Dry","No Unusual Conditions","Daylight","Violation Driver 1","No Controls Present/Factor","Clear","Broadside","Intersection","Other Vehicle","Not Applicable","Not Applicable","At",""
"680737","CR-0000090054","0","0","0","0","21-233-1063","False","False","0","8/21/2021 11:31:00 PM","No Pedestrians Involved","Dry","No Unusual Conditions","Dark - Street Light","Violation Driver 1","No Controls Present/Factor","Clear","Rear End","Intersection","Other Vehicle","Not Applicable","Not Applicable","At",""
"680738","CR-0000090055","0","0","0","0","21-233-1049","False","False","0","8/21/2021 11:05:00 PM","No Pedestrians Involved","Dry","No Unusual Conditions","Dark - Street Light","Violation Driver 1","Controls Functioning","Clear","Rear End","Intersection","Bike","Not Applicable","Not Applicable","At","BIKE"
"680739","CR-0000090056","2","0","0","0","21-232-0771","False","False","0","8/20/2021 6:57:00 PM","No Pedestrians Involved","Dry","Unknown","Daylight","Violation Driver 1","No Controls Present/Factor","Clear","Sideswipe","Intersection","Other Vehicle","Not Applicable","Not Applicable","At",""
"680740","CR-0000090057","0","0","0","0","21-235-9702","False","True","","8/13/2021 4:18:00 PM","No Pedestrians Involved","Dry","No Unusual Conditions","Daylight","Unknown","Controls Functioning","Clear","Rear End","Related","Other Vehicle","Not Applicable","Not Applicable","North Of",""
"680741","CR-0000090058","0","0","0","0","21-235-9707","False","True","","8/21/2021 1:30:00 PM","No Pedestrians Involved","Dry","No Unusual Conditions","Daylight","Unknown","Controls Functioning","Clear","Rear End","Related","Other Vehicle","Not Applicable","Not Applicable","East Of",""
"680742","CR-0000090059","0","1","0","0","21-238-0445","False","False","124","8/26/2021 12:11:00 PM","Crossing - Not In Crosswalk","Dry","No Unusual Conditions","Daylight","Violation Driver 1","No Controls Present/Factor","Clear","Vehicle/Pedestrian","Non-Related","Pedestrian","North","South","East Of","PEDESTRIAN"
"680743","CR-0000090060","1","0","0","0","21-238-0754","False","False","0","8/26/2021 5:05:00 PM","No Pedestrians Involved","Dry","No Unusual Conditions","Daylight","Violation Driver 1","Controls Functioning","Clear","Sideswipe","Intersection","Motor Vehicle On Other Roadway","Not Applicable","Not Applicable","At",""
"680744","CR-0000090061","0","0","0","0","21-238-9708","False","True","0","8/24/2021 2:40:00 PM","No Pedestrians Involved","Dry","Unknown","Daylight","Unknown","Controls Functioning","Clear","Rear End","Intersection","Other Vehicle","Not Applicable","Not Applicable","At",""
"680745","CR-0000090062","1","0","0","0","21-239-0189","False","False","357","8/27/2021 8:40:00 AM","No Pedestrians Involved","Dry","No Unusual Conditions","Daylight","Violation Driver 1","No Controls Present/Factor","Clear","Broadside","Non-Related","Other Vehicle","Not Applicable","Not Applicable","North Of",""
"680746","CR-0000090063","0","1","0","0","21-239-0940","False","False","324","8/27/2021 9:22:00 PM","In Road - Includes Shoulder","Dry","No Unusual Conditions","Dark - No Street Light","Violation Driver 1","No Controls Present/Factor","Clear","Vehicle/Pedestrian","Non-Related","Pedestrian","Unknown","Unknown","North Of",""
"680747","CR-0000090064","1","0","0","0","21-241-0038","False","False","77","8/29/2021 12:23:00 AM","No Pedestrians Involved","Dry","No Unusual Conditions","Dark - Street Light","Violation Driver 1","No Controls Present/Factor","Clear","Sideswipe","Non-Related","Parked Vehicle","Not Applicable","Not Applicable","South Of",""
"680748","CR-0000090065","0","0","0","0","21-241-0690","False","True","0","8/29/2021 6:12:00 PM","No Pedestrians Involved","Unknown","Unknown","Unknown","Unknown","Unknown","Unknown","Sideswipe","Intersection","Other Vehicle","Not Applicable","Not Applicable","At",""
"680749","CR-0000090066","0","0","0","0","21-242-0540","False","False","252","8/30/2021 12:25:00 PM","No Pedestrians Involved","Dry","No Unusual Conditions","Daylight","Violation Driver 1","Controls Functioning","Clear","Rear End","Non-Related","Other Vehicle","Not Applicable","Not Applicable","South Of",""
"680750","CR-0000090067","0","0","0","0","21-244-9702","False","True","51","8/26/2021 11:06:00 AM","No Pedestrians Involved","Dry","No Unusual Conditions","Daylight","Unknown","No Controls Present/Factor","Clear","Other","Non-Related","Other Vehicle","Not Applicable","Not Applicable","East Of",""
"680751","CR-0000090068","1","0","0","0","21-245-0321","False","False","21","9/2/2021 9:57:00 AM","Crossing In Crosswalk - At Intersection","Dry","No Unusual Conditions","Daylight","Violation Driver 1","Controls Functioning","Clear","Vehicle/Pedestrian","Related","Pedestrian","North","South","East Of","PEDESTRIAN"
"680752","CR-0000090069","0","0","0","0","21-244-9713","False","True","0","8/31/2021 1:45:00 PM","No Pedestrians Involved","Dry","No Unusual Conditions","Daylight","Unknown","Controls Functioning","Clear","Rear End","Intersection","Other Vehicle","Not Applicable","Not Applicable","At",""
"680753","CR-0000090070","1","0","0","0","21-244-0846","False","False","0","9/1/2021 5:36:00 PM","No Pedestrians Involved","Dry","No Unusual Conditions","Daylight","Violation Driver 1","Controls Functioning","Clear","Sideswipe","Intersection","Other Vehicle","Not Applicable","Not Applicable","At",""
"680754","CR-0000090071","0","0","0","0","21-216-9709","False","True","51","8/3/2021 5:00:00 PM","No Pedestrians Involved","Dry","No Unusual Conditions","Daylight","Unknown","Controls Functioning","Clear","Sideswipe","Non-Related","Other Vehicle","Not Applicable","Not Applicable","North Of",""
"680755","CR-0000090072","0","0","0","0","21-217-0303","False","False","0","8/5/2021 9:30:00 AM","No Pedestrians Involved","Dry","Construction - Repair Zone","Daylight","Violation Driver 1","Controls Functioning","Unknown","Rear End","Intersection","Other Vehicle","Not Applicable","Not Applicable","At",""
"680756","CR-0000090073","1","1","0","0","21-218-0871","False","False","0","8/6/2021 8:48:00 PM","No Pedestrians Involved","Dry","No Unusual Conditions","Dark - Street Light","Violation Driver 1","Controls Functioning","Clear","Broadside","Intersection","Other Vehicle","Not Applicable","Not Applicable","At",""
"680757","CR-0000090074","0","1","0","0","21-215-0352","False","False","0","8/3/2021 9:43:00 AM","No Pedestrians Involved","Dry","No Unusual Conditions","Daylight","Violation Driver 1","Controls Functioning","Clear","Vehicle/Bike","Intersection","Bike","Not Applicable","Not Applicable","At","BIKE"
"680758","CR-0000090075","0","0","0","0","21-215-9706","False","True","0","6/18/2021 11:17:00 AM","No Pedestrians Involved","Dry","Unknown","Daylight","Unknown","Unknown","Clear","Sideswipe","Intersection","Other Vehicle","Not Applicable","Not Applicable","At",""
"680759","CR-0000090076","1","0","0","0","21-219-0337","True","False","0","8/7/2021 11:00:00 AM","No Pedestrians Involved","Dry","No Unusual Conditions","Daylight","Violation Driver 1","Controls Functioning","Clear","Broadside","Intersection","Other Vehicle","Not Applicable","Not Applicable","At","LIGHT POLE"
"680761","CR-0000090079","0","0","0","0","21-008-0970","False","True","","1/8/2021 11:48:00 AM","No Pedestrians Involved","Dry","No Unusual Conditions","Daylight","Unknown","No Controls Present/Factor","Clear","Other","Related","Other Vehicle","Not Applicable","Not Applicable","South Of",""
"680762","CR-0000090080","0","0","0","0","21-009-9702","False","True","51","1/8/2021 11:45:00 AM","No Pedestrians Involved","Dry","No Unusual Conditions","Daylight","Violation Driver 1","Controls Functioning","Unknown","Rear End","Non-Related","Other Vehicle","Not Applicable","Not Applicable","South Of",""
"680763","CR-0000090081","0","0","0","0","21-008-9703","False","True","0","1/8/2021 11:12:00 AM","No Pedestrians Involved","Dry","No Unusual Conditions","Daylight","Unknown","Controls Functioning","Clear","Sideswipe","Intersection","Other Vehicle","Not Applicable","Not Applicable","At",""
"680764","CR-0000090077","0","0","1","0","21-219-0880","False","False","200","8/7/2021 9:40:00 PM","Crossing - Not In Crosswalk","Dry","No Unusual Conditions","Dark - Street Light","Violation Driver 1","No Controls Present/Factor","Clear","Vehicle/Pedestrian","Non-Related","Pedestrian","South","North","East Of","PEDESTRIAN"
"680765","CR-0000090082","0","0","0","0","21-219-9703","False","True","","8/4/2021 2:15:00 PM","No Pedestrians Involved","Dry","Construction - Repair Zone","Daylight","Unknown","Controls Functioning","Clear","Rear End","Related","Other Vehicle","Not Applicable","Not Applicable","West Of",""
"680766","CR-0000090084","0","0","0","0","21-220-9703","False","True","0","8/8/2021 11:30:00 AM","No Pedestrians Involved","Dry","No Unusual Conditions","Daylight","Unknown","Controls Functioning","Clear","Broadside","Intersection","Other Vehicle","Not Applicable","Not Applicable","At",""
"680767","CR-0000090083","0","0","0","0","21-010-9703","False","True","51","1/9/2021 4:40:00 PM","No Pedestrians Involved","Dry","No Unusual Conditions","Daylight","Unknown","No Controls Present/Factor","Clear","Broadside","Non-Related","Other Vehicle","Not Applicable","Not Applicable","South Of",""
"680768","CR-0000090085","0","0","1","0","21-221-1038","False","False","0","8/9/2021 9:40:00 PM","Not In Road","Dry","No Unusual Conditions","Dark - Street Light","Violation Driver 1","Unknown","Clear","Vehicle/Pedestrian","Intersection","Pedestrian","Unknown","Unknown","At","PEDESTRIAN"
"680769","CR-0000090086","0","0","0","0","21-221-4002","False","True","0","8/8/2021 11:40:00 PM","No Pedestrians Involved","Unknown","Unknown","Unknown","Unknown","Unknown","Unknown","Broadside","Intersection","Other Vehicle","Not Applicable","Not Applicable","At",""
"680770","CR-0000090087","0","0","0","0","21-010-9704","False","True","0","1/10/2021 11:00:00 AM","No Pedestrians Involved","Dry","No Unusual Conditions","Dark - Street Light","Unknown","No Controls Present/Factor","Clear","Other","Intersection","Parked Vehicle","Not Applicable","Not Applicable","At",""
"680771","CR-0000090088","2","0","0","0","21-210-0098","False","False","23","7/29/2021 11:56:00 PM","No Pedestrians Involved","Dry","No Unusual Conditions","Dark - Street Light","Violation Driver 1","Controls Functioning","Clear","Broadside","Related","Other Vehicle","Not Applicable","Not Applicable","South Of",""
"680772","CR-0000090089","1","0","0","0","21-211-0899","False","False","0","7/30/2021 8:22:00 PM","No Pedestrians Involved","Dry","No Unusual Conditions","Dusk - Dawn","Violation Driver 1","Controls Functioning","Unknown","Sideswipe","Intersection","Other Vehicle","Not Applicable","Not Applicable","At",""
"680773","CR-0000090090","1","0","0","0","21-212-0030","False","False","44","7/31/2021 12:25:00 AM","No Pedestrians Involved","Dry","No Unusual Conditions","Dark - Street Light","Violation Driver 1","Controls Functioning","Clear","Rear End","Related","Other Vehicle","Not Applicable","Not Applicable","East Of",""
"680774","CR-0000090091","1","0","0","0","21-211-0895","False","False","200","7/30/2021 7:59:00 PM","No Pedestrians Involved","Dry","No Unusual Conditions","Dusk - Dawn","Violation Driver 1","Controls Functioning","Clear","Broadside","Non-Related","Other Vehicle","Not Applicable","Not Applicable","North Of",""
"680775","CR-0000090092","0","0","0","0","21-222-9710","False","True","","8/9/2021 3:40:00 PM","No Pedestrians Involved","Dry","No Unusual Conditions","Daylight","Unknown","Controls Functioning","Clear","Rear End","Related","Other Vehicle","Not Applicable","Not Applicable","West Of",""
"680776","CR-0000090093","0","0","0","0","21-210-9705","False","True","51","7/28/2021 5:45:00 PM","No Pedestrians Involved","Dry","Other","Daylight","Unknown","No Controls Present/Factor","Clear","Rear End","Non-Related","Parked Vehicle","Not Applicable","Not Applicable","South Of",""
"680777","CR-0000090094","0","0","0","0","21-212-9703","False","True","0","7/30/2021 1:09:00 PM","No Pedestrians Involved","Dry","No Unusual Conditions","Daylight","Unknown","Controls Functioning","Clear","Rear End","Intersection","Other Vehicle","Not Applicable","Not Applicable","At",""
"680778","CR-0000090095","0","0","0","0","21-013-9706","False","True","0","1/12/2021 6:15:00 AM","No Pedestrians Involved","Dry","No Unusual Conditions","Dusk - Dawn","Unknown","No Controls Present/Factor","Cloudy","Rear End","Intersection","Other Vehicle","Not Applicable","Not Applicable","At",""
"680779","CR-0000090096","0","0","0","0","21-016-9704","False","True","51","1/15/2021 4:05:00 AM","No Pedestrians Involved","Dry","No Unusual Conditions","Daylight","Unknown","Controls Functioning","Clear","Rear End","Non-Related","Other Vehicle","Not Applicable","Not Applicable","North Of",""
"680780","CR-0000090097","0","0","0","0","21-023-9709","False","True","0","1/22/2021 6:10:00 PM","No Pedestrians Involved","Wet","No Unusual Conditions","Dark - Street Light","Unknown","Controls Functioning","Clear","Head On","Intersection","Other Vehicle","Not Applicable","Not Applicable","At",""
"680781","CR-0000090098","0","0","0","0","21-016-9705","False","True","","1/15/2021 12:30:00 PM","No Pedestrians Involved","Dry","No Unusual Conditions","Daylight","Unknown","Controls Functioning","Clear","Rear End","Related","Other Vehicle","Not Applicable","Not Applicable","West Of",""
"680782","CR-0000090099","0","0","0","0","21-015-9718","False","True","51","1/15/2021 2:01:00 PM","No Pedestrians Involved","Dry","No Unusual Conditions","Daylight","Unknown","Controls Functioning","Clear","Sideswipe","Non-Related","Other Vehicle","Not Applicable","Not Applicable","East Of",""
"680783","CR-0000090100","0","0","0","0","21-020-9705","False","True","51","1/16/2021 7:30:00 PM","No Pedestrians Involved","Dry","No Unusual Conditions","Dark - Street Light","Unknown","Controls Functioning","Clear","Broadside","Non-Related","Other Vehicle","Not Applicable","Not Applicable","South Of",""
"680784","CR-0000090101","0","0","0","0","21-017-9701","False","True","","1/17/2021 3:00:00 AM","No Pedestrians Involved","Dry","No Unusual Conditions","Dark - Street Light","Unknown","No Controls Present/Factor","Unknown","Rear End","Related","Parked Vehicle","Not Applicable","Not Applicable","Unknown",""
"680785","CR-0000090102","0","0","0","0","21-017-9702","False","True","51","1/12/2021 9:00:00 AM","No Pedestrians Involved","Dry","No Unusual Conditions","Dark - Street Light","Unknown","No Controls Present/Factor","Clear","Rear End","Non-Related","Parked Vehicle","Not Applicable","Not Applicable","West Of",""
"680786","CR-0000090103","0","0","0","0","21-017-9703","False","True","0","1/17/2021 6:10:00 AM","No Pedestrians Involved","Dry","No Unusual Conditions","Dusk - Dawn","Unknown","Controls Functioning","Clear","Sideswipe","Intersection","Other Vehicle","Not Applicable","Not Applicable","At",""
"680787","CR-0000090104","0","0","0","0","21-022-9712","False","True","50","1/22/2021 1:10:00 AM","No Pedestrians Involved","Dry","No Unusual Conditions","Dark - Street Light","Unknown","Controls Functioning","Clear","Rear End","Related","Other Vehicle","Not Applicable","Not Applicable","South Of",""
"680788","CR-0000090105","0","1","0","0","21-279-0167","False","False","0","10/6/2021 4:01:00 AM","Crossing - Not In Crosswalk","Dry","No Unusual Conditions","Dark - Street Light","Violation Driver 1","Controls Functioning","Clear","Vehicle/Pedestrian","Intersection","Pedestrian","North","North","At","PED"
"680789","CR-0000090106","0","1","0","0","21-279-0474","False","False","528","10/6/2021 12:53:00 PM","No Pedestrians Involved","Dry","No Unusual Conditions","Daylight","Violation Driver 1","No Controls Present/Factor","Clear","Sideswipe","Non-Related","Parked Vehicle","Not Applicable","Not Applicable","East Of",""
"680790","CR-0000090107","1","0","0","0","21-280-0958","False","False","51","10/7/2021 6:55:00 PM","No Pedestrians Involved","Dry","No Unusual Conditions","Dusk - Dawn","Violation Driver 1","Controls Functioning","Clear","Vehicle/Bike","Non-Related","Bike","Not Applicable","Not Applicable","East Of","BIKE"
"680791","CR-0000090108","1","0","0","0","21-282-0542","False","False","285","10/9/2021 2:44:00 PM","No Pedestrians Involved","Dry","No Unusual Conditions","Daylight","Violation Driver 1","Controls Functioning","Clear","Rear End","Non-Related","Other Vehicle","Not Applicable","Not Applicable","South Of",""
"680792","CR-0000090109","0","0","0","0","21-283-0162","False","False","144","10/10/2021 2:57:00 AM","No Pedestrians Involved","Dry","No Unusual Conditions","Dark - Street Light","Violation Driver 1","Controls Functioning","Clear","Rear End","Non-Related","Other Vehicle","Not Applicable","Not Applicable","North Of",""
"680793","CR-0000090110","0","0","0","0","21-287-9710","False","True","51","10/13/2021 6:02:00 PM","No Pedestrians Involved","Dry","No Unusual Conditions","Daylight","Unknown","No Controls Present/Factor","Clear","Broadside","Non-Related","Parked Vehicle","Not Applicable","Not Applicable","South Of",""
"680794","CR-0000090111","0","0","0","0","21-288-9703","False","True","0","10/14/2021 9:10:00 AM","No Pedestrians Involved","Dry","No Unusual Conditions","Daylight","Unknown","Controls Functioning","Clear","Rear End","Intersection","Other Vehicle","Not Applicable","Not Applicable","At",""
"680795","CR-0000090112","0","0","0","0","21-287-9704","False","True","51","10/14/2021 8:00:00 AM","No Pedestrians Involved","Dry","Unknown","Daylight","Unknown","Controls Functioning","Clear","Head On","Non-Related","Other Vehicle","Not Applicable","Not Applicable","North Of",""
"680796","CR-0000090113","0","0","0","0","21-288-0822","True","False","","10/15/2021 8:10:00 PM","No Pedestrians Involved","Dry","No Unusual Conditions","Dark - Street Light","Violation Driver 1","Controls Functioning","Clear","Sideswipe","Related","Other Vehicle","Not Applicable","Not Applicable","West Of","City Vehicle"
"680797","CR-0000090114","2","0","0","0","21-325-0094","False","False","0","11/21/2021 2:00:00 AM","No Pedestrians Involved","Dry","No Unusual Conditions","Dark - Street Light","Violation Driver 1","Controls Functioning","Clear","Broadside","Intersection","Other Vehicle","Not Applicable","Not Applicable","At",""
"680798","CR-0000090116","2","1","0","0","21-325-0553","False","False","0","11/21/2021 4:38:00 PM","No Pedestrians Involved","Dry","No Unusual Conditions","Daylight","Violation Driver 1","Controls Functioning","Clear","Broadside","Intersection","Other Vehicle","Not Applicable","Not Applicable","At",""
"680799","CR-0000090117","0","0","0","0","21-334-0992","False","True","0","11/30/2021 9:22:00 PM","No Pedestrians Involved","Unknown","Unknown","Unknown","Unknown","Unknown","Unknown","Broadside","Intersection","Other Vehicle","Not Applicable","Not Applicable","At",""
"680800","CR-0000090118","1","0","0","0","21-342-0769","False","False","51","12/8/2021 5:32:00 PM","No Pedestrians Involved","Dry","No Unusual Conditions","Dusk - Dawn","Violation Driver 1","No Controls Present/Factor","Clear","Sideswipe","Non-Related","Other Vehicle","Not Applicable","Not Applicable","Unknown",""
"680801","CR-0000090119","1","0","0","0","21-342-0848","False","False","80","12/8/2021 7:04:00 PM","No Pedestrians Involved","Dry","No Unusual Conditions","Dark - Street Light","Violation Driver 1","Controls Functioning","Clear","Sideswipe","Non-Related","Other Vehicle","Not Applicable","Not Applicable","North Of",""
"680802","CR-0000090120","0","0","1","0","21-325-0170","False","False","250","11/21/2021 5:13:00 AM","No Pedestrians Involved","Dry","No Unusual Conditions","Dark - Street Light","Violation Driver 1","No Controls Present/Factor","Clear","Vehicle/Bike","Non-Related","Bike","Not Applicable","Not Applicable","West Of","BIKE"
"680803","CR-0000090121","0","0","0","0","21-325-0456","False","False","56","11/21/2021 2:31:00 PM","No Pedestrians Involved","Dry","No Unusual Conditions","Daylight","Violation Driver 1","No Controls Present/Factor","Clear","Rear End","Non-Related","Other Vehicle","Not Applicable","Not Applicable","West Of",""
"680804","CR-0000090123","0","0","0","0","21-342-9707","False","True","","12/8/2021 1:20:00 PM","No Pedestrians Involved","Dry","No Unusual Conditions","Daylight","Unknown","No Controls Present/Factor","Clear","Rear End","Related","Other Vehicle","Not Applicable","Not Applicable","North Of",""
"680805","CR-0000090124","0","1","0","0","21-343-0752","False","False","51","12/9/2021 10:00:00 PM","No Pedestrians Involved","Dry","No Unusual Conditions","Dusk - Dawn","Violation Driver 1","Controls Functioning","Clear","Vehicle/Bike","Non-Related","Scooter Motorized","Not Applicable","Not Applicable","South Of","BIKE (MOTORIZED SCOOTER)"
"680806","CR-0000090125","0","1","0","0","21-344-0208","False","False","0","12/10/2021 8:28:00 AM","Crossing In Crosswalk - At Intersection","Dry","No Unusual Conditions","Daylight","Violation Driver 1","Controls Functioning","Clear","Vehicle/Pedestrian","Intersection","Pedestrian","North","South","At","PEDESTRIAN"
"680807","CR-0000090126","1","0","0","0","21-344-0243","False","False","0","12/10/2021 8:55:00 AM","Crossing In Crosswalk - At Intersection","Dry","No Unusual Conditions","Daylight","Violation Driver 1","No Controls Present/Factor","Clear","Vehicle/Pedestrian","Intersection","Pedestrian","East","West","At","PEDESTRIAN"
"680808","CR-0000090127","1","0","0","0","21-344-0728","False","False","51","12/10/2021 5:20:00 PM","No Pedestrians Involved","Dry","No Unusual Conditions","Dusk - Dawn","Violation Driver 1","No Controls Present/Factor","Clear","Rear End","Non-Related","Other Vehicle","Not Applicable","Not Applicable","South Of",""
"680809","CR-0000090128","1","0","0","0","21-344-1055","True","False","0","12/10/2021 11:02:00 PM","No Pedestrians Involved","Dry","No Unusual Conditions","Dark - Street Light Not Functioning","Violation Driver 1","Controls Functioning","Clear","Broadside","Intersection","Other Vehicle","Not Applicable","Not Applicable","At","SIGN POST"
"680810","CR-0000090129","0","0","0","0","21-345-9704","False","True","","12/10/2021 12:00:00 PM","No Pedestrians Involved","Dry","No Unusual Conditions","Daylight","Unknown","Controls Functioning","Clear","Rear End","Related","Other Vehicle","Not Applicable","Not Applicable","West Of",""
"680811","CR-0000090130","0","0","0","0","21-345-9708","False","True","51","12/10/2021 8:20:00 PM","No Pedestrians Involved","Dry","No Unusual Conditions","Dark - Street Light","Unknown","Controls Functioning","Clear","Rear End","Non-Related","Other Vehicle","Not Applicable","Not Applicable","Unknown",""
"680812","CR-0000090131","0","0","0","0","21-345-9706","False","True","0","12/11/2021 10:30:00 AM","No Pedestrians Involved","Dry","No Unusual Conditions","Daylight","Unknown","Controls Functioning","Clear","Rear End","Intersection","Other Vehicle","Not Applicable","Not Applicable","At",""
"680813","CR-0000090133","1","0","0","0","21-320-1093","False","False","126","11/16/2021 11:31:00 PM","In Road - Includes Shoulder","Dry","No Unusual Conditions","Dark - Street Light","Violation Driver 1","Unknown","Clear","Vehicle/Pedestrian","Non-Related","Pedestrian","West","East","East Of","PEDESTRIAN"
"680814","CR-0000090134","0","1","0","0","21-321-0607","False","False","0","11/17/2021 2:00:00 PM","Crossing In Crosswalk - At Intersection","Unknown","No Unusual Conditions","Daylight","Violation Driver 1","No Controls Present/Factor","Clear","Vehicle/Pedestrian","Intersection","Pedestrian","South","North","At","PEDESTRIAN"
"680815","CR-0000090135","0","0","0","0","21-321-0791","False","True","","11/17/2021 7:12:00 PM","No Pedestrians Involved","Dry","No Unusual Conditions","Dark - Street Light","Unknown","Controls Functioning","Clear","Broadside","Related","Other Vehicle","Not Applicable","Not Applicable","South Of",""
"680816","CR-0000090137","0","0","0","0","21-322-9702","False","True","0","11/17/2021 6:55:00 PM","No Pedestrians Involved","Dry","No Unusual Conditions","Dark - Street Light","Unknown","Controls Functioning","Clear","Sideswipe","Intersection","Other Vehicle","Not Applicable","Not Applicable","At",""
"680817","CR-0000090138","0","0","0","0","21-322-0960","False","False","0","11/18/2021 10:45:00 PM","No Pedestrians Involved","Dry","No Unusual Conditions","Dark - Street Light","Violation Driver 1","Controls Functioning","Clear","Broadside","Intersection","Other Vehicle","Not Applicable","Not Applicable","At",""
"680818","CR-0000090139","1","0","0","0","21-323-9710","False","True","0","11/18/2021 12:00:00 PM","No Pedestrians Involved","Dry","No Unusual Conditions","Daylight","Unknown","Controls Functioning","Clear","Rear End","Intersection","Other Vehicle","Not Applicable","Not Applicable","At",""
"680819","CR-0000090140","0","0","0","0","21-323-0426","False","False","0","11/19/2021 1:30:00 PM","No Pedestrians Involved","Dry","No Unusual Conditions","Daylight","Violation Driver 1","Controls Functioning","Cloudy","Broadside","Intersection","Other Vehicle","Not Applicable","Not Applicable","At",""
"680820","CR-0000090132","0","0","0","0","21-320-1016","False","False","464","11/16/2021 9:25:00 PM","No Pedestrians Involved","Dry","No Unusual Conditions","Dark - Street Light","Violation Driver 1","Controls Functioning","Clear","Other","Non-Related","Other Vehicle","Not Applicable","Not Applicable","South Of",""
"680821","CR-0000090136","0","0","0","0","21-321-0946","False","False","0","11/17/2021 11:11:00 PM","No Pedestrians Involved","Dry","No Unusual Conditions","Dark - Street Light","Violation Driver 1","Controls Functioning","Clear","Sideswipe","Intersection","Other Vehicle","Not Applicable","Not Applicable","At",""
"680822","CR-0000090141","0","0","0","0","21-323-0589","False","False","385","11/19/2021 2:57:00 PM","No Pedestrians Involved","Dry","No Unusual Conditions","Daylight","Violation Driver 1","No Controls Present/Factor","Clear","Sideswipe","Non-Related","Parked Vehicle","Not Applicable","Not Applicable","South Of",""