"CrashFactId","Name","MinorInjuries","ModerateInjuries","SevereInjuries","FatalInjuries","TcrNumber","CityDamageFlag","ShortFormFlag","Distance","CrashDateTime","PedestrianAction","RoadwaySurface","RoadwayCondition","Lighting","PrimaryCollisionFactor","TrafficControl","Weather","CollisionType","ProximityToIntersection","VehicleInvolvedWith","PedestrianDirectionFrom","PedestrianDirectionTo","DirectionFromIntersection","Comment"
"680823","CR-0000090142","1","0","0","0","21-300-0862","False","False","276","10/27/2021 7:30:00 PM","No Pedestrians Involved","Dry","No Unusual Conditions","Dark - Street Light","Violation Driver 1","No Controls Present/Factor","Cloudy","Broadside","Non-Related","Other Vehicle","Not Applicable","Not Applicable","South Of",""
"680824","CR-0000090143","0","0","1","0","21-213-0162","False","False","0","7/31/2021 11:40:00 PM","In Road - Includes Shoulder","Dry","No Unusual Conditions","Dark - Street Light","Violation Driver 1","Controls Functioning","Clear","Vehicle/Pedestrian","Intersection","Pedestrian","Unknown","Unknown","At","PEDESTRIAN"
"680825","CR-0000090144","1","0","0","0","21-298-0684","False","False","0","10/25/2021 5:30:00 PM","Crossing In Crosswalk - At Intersection","Dry","No Unusual Conditions","Daylight","Violation Driver 1","Controls Functioning","Clear","Vehicle/Pedestrian","Intersection","Pedestrian","West","East","At","PEDESTRIAN"
"680826","CR-0000090145","0","0","0","0","21-298-9707","False","True","51","10/24/2021 7:45:00 PM","No Pedestrians Involved","Wet","No Unusual Conditions","Dark - Street Light","Unknown","No Controls Present/Factor","Rain","Sideswipe","Non-Related","Parked Vehicle","Not Applicable","Not Applicable","West Of",""
"680827","CR-0000090146","0","0","0","0","21-299-9708","False","True","0","10/25/2021 10:40:00 PM","No Pedestrians Involved","Dry","No Unusual Conditions","Dark - Street Light","Unknown","Unknown","Clear","Broadside","Intersection","Other Vehicle","Not Applicable","Not Applicable","At",""
"680828","CR-0000090147","0","0","0","0","21-299-9711","False","True","0","10/21/2021 9:30:00 AM","No Pedestrians Involved","Dry","No Unusual Conditions","Daylight","Unknown","No Controls Present/Factor","Clear","Sideswipe","Intersection","Other Vehicle","Not Applicable","Not Applicable","At",""
"680829","CR-0000090148","0","0","0","0","21-043-9705","False","True","51","2/12/2021 8:00:00 AM","No Pedestrians Involved","Dry","No Unusual Conditions","Daylight","Unknown","No Controls Present/Factor","Clear","Sideswipe","Non-Related","Other Vehicle","Not Applicable","Not Applicable","North Of",""
"680830","CR-0000090150","0","0","0","0","21-026-9702","False","True","51","1/23/2021 9:05:00 PM","No Pedestrians Involved","Dry","No Unusual Conditions","Dark - Street Light","Unknown","No Controls Present/Factor","Clear","Rear End","Non-Related","Parked Vehicle","Not Applicable","Not Applicable","South Of",""
"680831","CR-0000090151","0","1","0","0","21-205-0551","False","False","0","7/23/2021 9:00:00 PM","No Pedestrians Involved","Dry","No Unusual Conditions","Dark - Street Light","Violation Driver 1","Controls Functioning","Clear","Vehicle/Bike","Intersection","Bike","Not Applicable","Not Applicable","At","BIKE (ELECTRIC SCOOTER)"
"680832","CR-0000090152","0","0","0","0","21-229-0872","False","False","51","8/15/2021 1:00:00 AM","In Road - Includes Shoulder","Dry","No Unusual Conditions","Dark - Street Light","Violation Driver 1","No Controls Present/Factor","Clear","Vehicle/Pedestrian","Non-Related","Pedestrian","Unknown","Unknown","Unknown","(2) PEDESTRIANS"
"680833","CR-0000090153","0","1","0","0","21-220-0152","False","False","118","8/8/2021 2:30:00 AM","No Pedestrians Involved","Dry","No Unusual Conditions","Dark - Street Light","Violation Driver 1","No Controls Present/Factor","Clear","Broadside","Non-Related","Motorcycle","Not Applicable","Not Applicable","North Of",""
"680834","CR-0000090154","0","0","0","0","21-312-0749","False","False","0","11/8/2021 5:59:00 PM","No Pedestrians Involved","Dry","No Unusual Conditions","Dark - Street Light","Violation Driver 1","Controls Functioning","Clear","Broadside","Intersection","Other Vehicle","Not Applicable","Not Applicable","At",""
"680835","CR-0000090155","0","2","0","0","21-304-0040","False","False","0","10/31/2021 12:22:00 AM","No Pedestrians Involved","Dry","No Unusual Conditions","Dark - Street Light","Violation Driver 1","Unknown","Clear","Broadside","Intersection","Other Vehicle","Not Applicable","Not Applicable","At",""
"680836","CR-0000090157","0","0","0","0","21-342-9703","False","True","","12/7/2021 6:20:00 PM","No Pedestrians Involved","Dry","Other","Dark - Street Light","Unknown","Controls Functioning","Other","Broadside","Related","Other Vehicle","Not Applicable","Not Applicable","Unknown",""
"680837","CR-0000090158","0","0","0","0","21-159-9714","False","True","51","6/1/2021 12:30:00 PM","No Pedestrians Involved","Dry","No Unusual Conditions","Daylight","Unknown","No Controls Present/Factor","Clear","Broadside","Non-Related","Parked Vehicle","Not Applicable","Not Applicable","North Of",""
"680838","CR-0000090159","1","0","1","0","21-161-0917","True","False","0","6/10/2021 9:35:00 PM","No Pedestrians Involved","Dry","No Unusual Conditions","Dark - Street Light","Violation Driver 1","Controls Functioning","Clear","Head On","Intersection","Fixed Object","Not Applicable","Not Applicable","At","CURB"
"680839","CR-0000090160","0","0","0","0","21-289-9701","False","True","0","10/15/2021 1:30:00 PM","No Pedestrians Involved","Dry","No Unusual Conditions","Daylight","Unknown","Controls Functioning","Clear","Sideswipe","Intersection","Other Vehicle","Not Applicable","Not Applicable","At",""
"680840","CR-0000090161","0","1","0","0","21-305-0127","False","False","140","11/1/2021 2:20:00 AM","In Road - Includes Shoulder","Dry","No Unusual Conditions","Dark - Street Light","Violation Driver 1","No Controls Present/Factor","Clear","Vehicle/Pedestrian","Non-Related","Pedestrian","South","North","North Of","PEDESTRIAN"
"680841","CR-0000090162","1","0","0","0","21-326-9714","False","True","51","10/31/2021 9:45:00 AM","No Pedestrians Involved","Unknown","Unknown","Daylight","Unknown","No Controls Present/Factor","Clear","Sideswipe","Non-Related","Motor Vehicle On Other Roadway","Not Applicable","Not Applicable","Unknown",""
"680842","CR-0000090163","0","0","0","0","21-336-9708","False","True","51","11/3/2021 8:00:00 PM","No Pedestrians Involved","Dry","No Unusual Conditions","Unknown","Unknown","No Controls Present/Factor","Clear","Sideswipe","Non-Related","Parked Vehicle","Not Applicable","Not Applicable","Unknown",""
"680843","CR-0000090164","0","0","0","0","21-328-9701","False","True","0","11/11/2021 11:50:00 AM","No Pedestrians Involved","Dry","No Unusual Conditions","Daylight","Unknown","No Controls Present/Factor","Clear","Rear End","Intersection","Other Vehicle","Not Applicable","Not Applicable","At",""
"680844","CR-0000090165","1","0","0","0","21-326-0848","False","False","592","11/22/2021 6:13:00 PM","No Pedestrians Involved","Dry","No Unusual Conditions","Dark - No Street Light","Violation Driver 1","No Controls Present/Factor","Clear","Other","Non-Related","Parked Vehicle","Not Applicable","Not Applicable","East Of",""
"680845","CR-0000090166","0","0","0","0","21-163-0110","False","False","51","6/6/2021 12:00:00 AM","No Pedestrians Involved","Dry","Other","Daylight","Violation Driver 1","Unknown","Clear","Sideswipe","Non-Related","Parked Vehicle","Not Applicable","Not Applicable","South Of",""
"680846","CR-0000090168","0","0","0","0","21-336-9705","False","True","","1/29/2021 8:30:00 AM","No Pedestrians Involved","Dry","No Unusual Conditions","Daylight","Unknown","Controls Functioning","Clear","Rear End","Related","Other Vehicle","Not Applicable","Not Applicable","West Of",""
"680847","CR-0000090169","0","0","0","0","21-327-9704","False","True","51","11/18/2021 2:05:00 PM","No Pedestrians Involved","Dry","Construction - Repair Zone","Daylight","Unknown","Controls Functioning","Clear","Rear End","Non-Related","Other Vehicle","Not Applicable","Not Applicable","South Of",""
"680848","CR-0000090170","0","0","0","0","21-326-9707","False","True","","11/21/2021 1:53:00 PM","No Pedestrians Involved","Dry","No Unusual Conditions","Daylight","Unknown","No Controls Present/Factor","Clear","Broadside","Related","Other Vehicle","Not Applicable","Not Applicable","North Of",""
"680849","CR-0000090171","0","0","0","0","21-169-0064","True","False","0","6/18/2021 1:56:00 AM","No Pedestrians Involved","Dry","No Unusual Conditions","Dark - Street Light","Violation Driver 1","Controls Functioning","Clear","Hit Object","Intersection","Fixed Object","Not Applicable","Not Applicable","At","TRAFFIC LIGHT POLE"
"680851","CR-0000090173","0","0","0","0","21-172-0880","False","True","51","6/21/2021 7:20:00 PM","No Pedestrians Involved","Unknown","Unknown","Daylight","Unknown","No Controls Present/Factor","Unknown","Rear End","Non-Related","Other Vehicle","Not Applicable","Not Applicable","North Of",""
"680852","CR-0000090174","0","0","0","0","21-174-0486","False","False","125","6/23/2021 1:18:00 PM","No Pedestrians Involved","Dry","No Unusual Conditions","Daylight","Violation Driver 1","Controls Functioning","Clear","Rear End","Non-Related","Other Vehicle","Not Applicable","Not Applicable","East Of",""
"680853","CR-0000090175","0","0","0","0","21-177-9701","False","True","","6/26/2021 10:13:00 AM","No Pedestrians Involved","Dry","No Unusual Conditions","Daylight","Unknown","Controls Functioning","Clear","Sideswipe","Related","Motor Vehicle On Other Roadway","Not Applicable","Not Applicable","West Of",""
"680854","CR-0000090176","0","0","0","0","21-179-0716","False","False","49","6/28/2021 4:00:00 PM","No Pedestrians Involved","Dry","No Unusual Conditions","Daylight","Violation Driver 1","Controls Functioning","Clear","Sideswipe","Related","Other Vehicle","Not Applicable","Not Applicable","South Of",""
"680855","CR-0000090177","1","0","0","0","21-184-1116","False","False","66","7/3/2021 11:29:00 PM","No Pedestrians Involved","Dry","No Unusual Conditions","Dark - Street Light","Violation Driver 1","Controls Functioning","Clear","Sideswipe","Non-Related","Parked Vehicle","Not Applicable","Not Applicable","West Of",""
"680856","CR-0000090178","1","0","0","0","21-187-1064","False","False","40","7/6/2021 8:34:00 PM","No Pedestrians Involved","Dry","No Unusual Conditions","Dusk - Dawn","Violation Driver 1","Controls Functioning","Clear","Rear End","Related","Other Vehicle","Not Applicable","Not Applicable","West Of",""
"680857","CR-0000090179","0","0","0","0","21-278-9709","False","True","0","9/7/2021 6:30:00 AM","No Pedestrians Involved","Dry","No Unusual Conditions","Daylight","Unknown","No Controls Present/Factor","Clear","Broadside","Intersection","Other Vehicle","Not Applicable","Not Applicable","At",""
"680858","CR-0000090180","0","0","0","0","21-279-9703","False","True","","9/23/2021 2:17:00 PM","No Pedestrians Involved","Dry","No Unusual Conditions","Daylight","Unknown","Controls Functioning","Clear","Rear End","Related","Parked Vehicle","Not Applicable","Not Applicable","Unknown",""
"680859","CR-0000090181","0","0","0","0","21-280-9706","False","True","51","10/1/2021 9:20:00 AM","No Pedestrians Involved","Dry","No Unusual Conditions","Daylight","Unknown","Controls Functioning","Clear","Sideswipe","Non-Related","Other Vehicle","Not Applicable","Not Applicable","North Of",""
"680860","CR-0000090182","1","0","0","0","21-285-9706","False","True","0","10/1/2021 4:00:00 PM","No Pedestrians Involved","Dry","No Unusual Conditions","Daylight","Unknown","No Controls Present/Factor","Clear","Rear End","Intersection","Other Vehicle","Not Applicable","Not Applicable","At",""
"680861","CR-0000090183","0","0","0","0","21-279-9710","False","True","30","10/2/2021 4:30:00 PM","No Pedestrians Involved","Dry","No Unusual Conditions","Daylight","Unknown","No Controls Present/Factor","Clear","Rear End","Related","Other Vehicle","Not Applicable","Not Applicable","South Of",""
"680862","CR-0000090184","0","1","0","0","21-277-0009","False","False","0","10/4/2021 12:04:00 AM","No Pedestrians Involved","Dry","No Unusual Conditions","Dark - Street Light","Violation Driver 1","Controls Functioning","Clear","Broadside","Intersection","Other Vehicle","Not Applicable","Not Applicable","At",""
"680863","CR-0000090185","0","1","0","0","21-277-0633","False","False","135","10/4/2021 2:14:00 PM","In Road - Includes Shoulder","Dry","No Unusual Conditions","Daylight","Pedestrian At Fault","Controls Functioning","Clear","Vehicle/Pedestrian","Non-Related","Pedestrian","North","South","West Of","PEDESTRIAN"
"680864","CR-0000090186","0","0","1","0","21-277-0960","False","False","0","10/4/2021 8:15:00 PM","Crossing In Crosswalk - At Intersection","Dry","No Unusual Conditions","Dark - Street Light","Violation Driver 1","Controls Functioning","Clear","Head On","Intersection","Pedestrian","West","East","At","PEDESTRIAN"
"680865","CR-0000090187","0","0","0","0","21-277-9704","False","True","51","10/4/2021 7:30:00 AM","No Pedestrians Involved","Unknown","Unknown","Unknown","Unknown","No Controls Present/Factor","Unknown","Sideswipe","Non-Related","Parked Vehicle","Not Applicable","Not Applicable","West Of",""
"680866","CR-0000090188","0","0","0","0","21-280-9705","False","True","","10/5/2021 8:00:00 PM","No Pedestrians Involved","Dry","No Unusual Conditions","Dark - Street Light","Unknown","No Controls Present/Factor","Clear","Rear End","Related","Parked Vehicle","Not Applicable","Not Applicable","South Of",""
"680867","CR-0000090189","0","0","0","0","21-301-0278","False","False","0","10/28/2021 9:55:00 AM","No Pedestrians Involved","Dry","No Unusual Conditions","Daylight","Violation Driver 1","Controls Functioning","Clear","Rear End","Intersection","Other Vehicle","Not Applicable","Not Applicable","At",""
"680868","CR-0000090190","0","0","0","0","21-301-0823","False","False","0","10/28/2021 7:11:00 PM","No Pedestrians Involved","Dry","No Unusual Conditions","Dark - Street Light","Violation Driver 1","No Controls Present/Factor","Clear","Broadside","Intersection","Other Vehicle","Not Applicable","Not Applicable","At",""
"680869","CR-0000090191","1","0","0","0","21-302-9701","False","True","0","10/5/2021 9:18:00 PM","No Pedestrians Involved","Dry","No Unusual Conditions","Dark - Street Light","Unknown","Controls Functioning","Clear","Broadside","Intersection","Other Vehicle","Not Applicable","Not Applicable","At",""
"680870","CR-0000090192","0","0","0","0","21-302-1065","False","False","0","10/29/2021 10:26:00 PM","No Pedestrians Involved","Dry","No Unusual Conditions","Dark - Street Light","Violation Driver 1","Controls Functioning","Clear","Broadside","Intersection","Other Vehicle","Not Applicable","Not Applicable","At",""
"680871","CR-0000090193","0","0","0","0","21-302-0476","False","False","65","10/29/2021 1:05:00 PM","No Pedestrians Involved","Dry","No Unusual Conditions","Daylight","Violation Driver 1","Controls Functioning","Clear","Rear End","Non-Related","Other Vehicle","Not Applicable","Not Applicable","South Of",""
"680872","CR-0000090194","0","1","0","0","21-302-0154","False","False","76","10/29/2021 5:53:00 AM","No Pedestrians Involved","Dry","No Unusual Conditions","Dark - Street Light","Violation Driver 1","Controls Functioning","Clear","Sideswipe","Non-Related","Motorcycle","Not Applicable","Not Applicable","North Of",""
"680873","CR-0000090195","0","0","0","0","21-301-9717","False","True","51","10/27/2021 8:48:00 PM","No Pedestrians Involved","Dry","No Unusual Conditions","Dark - Street Light","Unknown","Controls Functioning","Clear","Broadside","Non-Related","Other Vehicle","Not Applicable","Not Applicable","East Of",""
"680874","CR-0000090196","0","0","0","0","21-301-9712","False","True","","10/27/2021 11:50:00 AM","No Pedestrians Involved","Dry","No Unusual Conditions","Daylight","Unknown","Controls Functioning","Clear","Sideswipe","Related","Other Vehicle","Not Applicable","Not Applicable","South Of",""
"680875","CR-0000090197","0","0","0","0","21-301-9707","False","True","","10/26/2021 9:00:00 PM","No Pedestrians Involved","Dry","Unknown","Dark - Street Light","Unknown","Controls Functioning","Clear","Rear End","Related","Other Vehicle","Not Applicable","Not Applicable","North Of",""
"680876","CR-0000090198","0","0","0","0","21-301-9705","False","True","51","10/26/2021 7:25:00 AM","No Pedestrians Involved","Dry","No Unusual Conditions","Daylight","Unknown","Controls Functioning","Clear","Head On","Non-Related","Other Vehicle","Not Applicable","Not Applicable","North Of",""
"680877","CR-0000090199","0","0","0","0","21-304-0950","True","False","35","10/31/2021 10:50:00 PM","No Pedestrians Involved","Dry","No Unusual Conditions","Dark - Street Light","Violation Driver 1","Controls Functioning","Unknown","Hit Object","Related","Fixed Object","Not Applicable","Not Applicable","South Of","CENTER MEDIAN"
"680878","CR-0000090200","0","0","0","0","21-291-4001","False","True","","10/16/2021 1:10:00 PM","No Pedestrians Involved","Unknown","Unknown","Unknown","Unknown","Unknown","Unknown","Rear End","Related","Other Vehicle","Not Applicable","Not Applicable","Unknown",""
"680879","CR-0000090201","0","0","0","0","21-304-0231","False","False","202","10/31/2021 3:23:00 AM","No Pedestrians Involved","Dry","No Unusual Conditions","Dark - No Street Light","Violation Driver 1","Controls Functioning","Clear","Head On","Non-Related","Other Vehicle","Not Applicable","Not Applicable","South Of",""
"680880","CR-0000090202","1","0","0","0","21-303-0808","False","False","0","10/30/2021 7:08:00 PM","No Pedestrians Involved","Dry","No Unusual Conditions","Dusk - Dawn","Violation Driver 1","Controls Functioning","Clear","Broadside","Intersection","Other Vehicle","Not Applicable","Not Applicable","At",""
"680881","CR-0000090203","0","0","0","0","21-302-9707","False","True","0","10/29/2021 1:13:00 PM","No Pedestrians Involved","Dry","Unknown","Daylight","Unknown","No Controls Present/Factor","Clear","Vehicle/Bike","Intersection","Bike","Not Applicable","Not Applicable","At","BIKE"
"680882","CR-0000090204","0","0","0","0","21-113-0579","False","False","225","4/23/2021 3:25:00 PM","No Pedestrians Involved","Dry","No Unusual Conditions","Daylight","Violation Driver 1","Controls Functioning","Clear","Rear End","Non-Related","Other Vehicle","Not Applicable","Not Applicable","North Of",""
"680883","CR-0000090205","0","0","0","0","21-230-9709","False","True","","8/18/2021 9:40:00 AM","No Pedestrians Involved","Dry","No Unusual Conditions","Daylight","Unknown","Controls Functioning","Clear","Rear End","Related","Other Vehicle","Not Applicable","Not Applicable","South Of",""
"680884","CR-0000090206","0","0","0","0","21-231-0622","False","False","0","8/19/2021 2:58:00 PM","No Pedestrians Involved","Dry","No Unusual Conditions","Daylight","Violation Driver 1","Controls Functioning","Clear","Broadside","Intersection","Other Vehicle","Not Applicable","Not Applicable","At",""
"680885","CR-0000090207","0","0","0","0","21-232-0215","False","False","202","8/20/2021 9:00:00 AM","No Pedestrians Involved","Dry","No Unusual Conditions","Daylight","Violation Driver 1","No Controls Present/Factor","Cloudy","Rear End","Non-Related","Parked Vehicle","Not Applicable","Not Applicable","North Of",""
"680886","CR-0000090208","0","0","0","0","21-226-9703","False","True","","6/23/2021 4:00:00 PM","No Pedestrians Involved","Dry","No Unusual Conditions","Daylight","Unknown","Unknown","Clear","Sideswipe","Related","Parked Vehicle","Not Applicable","Not Applicable","East Of",""
"680887","CR-0000090209","0","0","0","0","21-266-0211","False","True","51","8/14/2021 1:15:00 AM","No Pedestrians Involved","Dry","Unknown","Dark - Street Light","Unknown","No Controls Present/Factor","Clear","Sideswipe","Non-Related","Parked Vehicle","Not Applicable","Not Applicable","West Of",""
"680888","CR-0000090210","0","0","0","0","21-226-9705","False","True","51","2/14/2021 11:15:00 AM","No Pedestrians Involved","Dry","No Unusual Conditions","Daylight","Unknown","No Controls Present/Factor","Clear","Sideswipe","Non-Related","Parked Vehicle","Not Applicable","Not Applicable","South Of",""
"680889","CR-0000090211","0","0","0","0","21-247-9704","False","True","0","9/2/2021 6:43:00 PM","No Pedestrians Involved","Dry","No Unusual Conditions","Dark - Street Light","Unknown","No Controls Present/Factor","Clear","Sideswipe","Intersection","Parked Vehicle","Not Applicable","Not Applicable","At",""
"680890","CR-0000090212","1","0","0","0","21-248-0191","True","False","630","9/5/2021 3:46:00 AM","No Pedestrians Involved","Dry","No Unusual Conditions","Dark - Street Light","Violation Driver 1","No Controls Present/Factor","Clear","Other","Non-Related","Motor Vehicle On Other Roadway","Not Applicable","Not Applicable","South Of","LIGHT POLE"
"680891","CR-0000090213","0","0","1","0","21-248-0871","False","False","","9/5/2021 8:30:00 PM","Crossing - Not In Crosswalk","Dry","No Unusual Conditions","Dark - Street Light","Pedestrian At Fault","No Controls Present/Factor","Clear","Vehicle/Pedestrian","Related","Pedestrian","South","North","West Of","PEDESTRIAN"
"680892","CR-0000090214","1","2","0","0","21-248-0891","False","False","0","9/5/2021 8:45:00 PM","No Pedestrians Involved","Dry","No Unusual Conditions","Dark - Street Light","Violation Driver 1","Controls Functioning","Clear","Broadside","Intersection","Other Vehicle","Not Applicable","Not Applicable","At",""
"680893","CR-0000090215","1","1","2","0","21-251-0691","False","False","0","9/8/2021 4:49:00 PM","No Pedestrians Involved","Dry","No Unusual Conditions","Daylight","Violation Driver 1","Controls Functioning","Clear","Head On","Intersection","Other Vehicle","Not Applicable","Not Applicable","At",""
"680894","CR-0000090216","0","0","0","0","21-251-9704","False","True","0","9/8/2021 11:05:00 AM","No Pedestrians Involved","Dry","No Unusual Conditions","Daylight","Unknown","Controls Functioning","Clear","Broadside","Intersection","Other Vehicle","Not Applicable","Not Applicable","At",""
"680895","CR-0000090217","0","0","0","0","21-253-9705","False","True","","9/10/2021 3:46:00 PM","No Pedestrians Involved","Dry","No Unusual Conditions","Daylight","Unknown","Controls Functioning","Clear","Sideswipe","Related","Other Vehicle","Not Applicable","Not Applicable","Unknown",""
"680896","CR-0000090218","0","0","0","0","21-257-9714","False","True","","9/11/2021 9:57:00 PM","No Pedestrians Involved","Dry","No Unusual Conditions","Dark - Street Light","Unknown","Controls Functioning","Clear","Sideswipe","Related","Other Vehicle","Not Applicable","Not Applicable","West Of",""
"680897","CR-0000090219","1","0","0","0","21-255-0024","False","False","0","9/12/2021 12:16:00 AM","No Pedestrians Involved","Dry","No Unusual Conditions","Dark - Street Light","Violation Driver 1","Controls Functioning","Clear","Broadside","Intersection","Parked Vehicle","Not Applicable","Not Applicable","At",""
"680898","CR-0000090220","0","0","0","0","21-257-0671","False","False","42","9/14/2021 2:33:00 PM","No Pedestrians Involved","Dry","No Unusual Conditions","Daylight","Violation Driver 1","No Controls Present/Factor","Clear","Rear End","Related","Other Vehicle","Not Applicable","Not Applicable","East Of",""
"680899","CR-0000090221","0","0","0","0","21-259-9709","False","True","","9/15/2021 10:43:00 AM","No Pedestrians Involved","Dry","Unknown","Daylight","Unknown","Controls Functioning","Clear","Rear End","Related","Other Vehicle","Not Applicable","Not Applicable","West Of",""
"680900","CR-0000090222","0","1","0","0","21-259-0322","False","False","147","9/16/2021 10:28:00 AM","No Pedestrians Involved","Dry","No Unusual Conditions","Daylight","Violation Driver 1","No Controls Present/Factor","Clear","Sideswipe","Non-Related","Parked Vehicle","Not Applicable","Not Applicable","South Of",""
"680901","CR-0000090223","0","1","0","0","21-259-0417","False","False","0","9/16/2021 12:11:00 PM","No Pedestrians Involved","Dry","No Unusual Conditions","Daylight","Violation Driver 1","Controls Functioning","Clear","Vehicle/Bike","Intersection","Scooter Motorized","Not Applicable","Not Applicable","At","BIKE (ELEC. SCOOTER)"
"680902","CR-0000090224","0","0","0","0","21-259-9714","False","True","0","9/16/2021 12:25:00 PM","No Pedestrians Involved","Dry","No Unusual Conditions","Daylight","Unknown","Controls Functioning","Clear","Rear End","Intersection","Other Vehicle","Not Applicable","Not Applicable","At",""
"680903","CR-0000090225","0","0","0","0","21-261-9701","False","True","51","9/17/2021 4:30:00 PM","No Pedestrians Involved","Dry","No Unusual Conditions","Daylight","Unknown","No Controls Present/Factor","Clear","Sideswipe","Non-Related","Other Vehicle","Not Applicable","Not Applicable","South Of",""
"680904","CR-0000090226","0","0","0","0","21-261-9702","False","True","51","9/11/2021 7:30:00 AM","No Pedestrians Involved","Unknown","Unknown","Unknown","Unknown","Unknown","Unknown","Broadside","Non-Related","Other Vehicle","Not Applicable","Not Applicable","West Of",""
"680905","CR-0000090227","1","0","0","0","21-263-9706","False","True","0","9/17/2021 7:40:00 AM","No Pedestrians Involved","Unknown","No Unusual Conditions","Daylight","Unknown","Controls Functioning","Clear","Sideswipe","Intersection","Other Vehicle","Not Applicable","Not Applicable","At",""
"680906","CR-0000090228","0","0","0","0","21-287-9711","False","True","0","10/14/2021 8:30:00 AM","No Pedestrians Involved","Dry","No Unusual Conditions","Daylight","Unknown","Controls Functioning","Cloudy","Head On","Intersection","Other Vehicle","Not Applicable","Not Applicable","At",""
"680907","CR-0000090229","0","0","0","0","21-026-0828","True","False","0","1/26/2021 9:50:00 PM","No Pedestrians Involved","Wet","No Unusual Conditions","Dark - Street Light","Unknown","No Controls Present/Factor","Rain","Other","Intersection","Fixed Object","Not Applicable","Not Applicable","At","Concrete Island SJPD Vehicle"
"680908","CR-0000090230","0","0","0","0","21-029-9704","False","True","","1/26/2021 2:14:00 PM","No Pedestrians Involved","Dry","No Unusual Conditions","Daylight","Unknown","No Controls Present/Factor","Cloudy","Rear End","Related","Parked Vehicle","Not Applicable","Not Applicable","West Of",""
"680909","CR-0000090231","0","0","0","0","21-028-9702","False","True","0","1/28/2021 7:45:00 AM","No Pedestrians Involved","Wet","No Unusual Conditions","Daylight","Unknown","Controls Not Functioning","Rain","Broadside","Intersection","Other Vehicle","Not Applicable","Not Applicable","At",""
"680910","CR-0000090232","0","0","0","0","21-029-9706","False","True","","1/28/2021 7:30:00 PM","No Pedestrians Involved","Wet","No Unusual Conditions","Dark - Street Light","Unknown","Controls Functioning","Clear","Rear End","Related","Other Vehicle","Not Applicable","Not Applicable","South Of",""
"680911","CR-0000090233","0","0","0","0","21-035-9707","False","True","51","1/30/2021 11:00:00 PM","No Pedestrians Involved","Dry","No Unusual Conditions","Dark - Street Light","Unknown","No Controls Present/Factor","Cloudy","Sideswipe","Non-Related","Parked Vehicle","Not Applicable","Not Applicable","West Of",""
"680912","CR-0000090234","0","0","0","0","21-032-9732","False","True","","1/31/2021 4:45:00 PM","No Pedestrians Involved","Dry","No Unusual Conditions","Daylight","Unknown","Controls Functioning","Clear","Rear End","Related","Other Vehicle","Not Applicable","Not Applicable","South Of",""
"680913","CR-0000090235","0","0","0","0","21-032-9734","False","True","0","1/31/2021 10:40:00 PM","No Pedestrians Involved","Dry","No Unusual Conditions","Dark - Street Light","Unknown","Unknown","Unknown","Broadside","Intersection","Other Vehicle","Not Applicable","Not Applicable","At",""
"680914","CR-0000090236","0","0","0","0","21-036-9701","False","True","","2/3/2021 6:20:00 PM","No Pedestrians Involved","Dry","No Unusual Conditions","Dark - Street Light","Unknown","Controls Functioning","Other","Rear End","Related","Other Vehicle","Not Applicable","Not Applicable","East Of",""
"680915","CR-0000090237","0","0","0","0","21-034-9706","False","True","255","2/3/2021 12:00:00 AM","No Pedestrians Involved","Dry","No Unusual Conditions","Daylight","Unknown","Controls Functioning","Clear","Sideswipe","Non-Related","Parked Vehicle","Not Applicable","Not Applicable","East Of",""
"680916","CR-0000090240","0","0","0","0","21-043-9702","False","True","0","2/10/2021 5:40:00 PM","No Pedestrians Involved","Dry","No Unusual Conditions","Daylight","Unknown","Controls Functioning","Clear","Overturned","Intersection","Other Vehicle","Not Applicable","Not Applicable","At",""
"680917","CR-0000090241","0","0","0","0","21-043-9701","False","True","","2/11/2021 6:02:00 PM","No Pedestrians Involved","Wet","Unknown","Dark - Street Light","Unknown","No Controls Present/Factor","Rain","Sideswipe","Related","Parked Vehicle","Not Applicable","Not Applicable","East Of",""
"680918","CR-0000090242","0","0","0","0","21-043-0536","False","True","0","2/12/2021 2:20:00 PM","No Pedestrians Involved","Dry","No Unusual Conditions","Daylight","Unknown","Controls Functioning","Clear","Rear End","Intersection","Other Vehicle","Not Applicable","Not Applicable","At",""
"680919","CR-0000090243","0","0","0","0","21-318-9701","False","True","","11/13/2021 5:34:00 AM","No Pedestrians Involved","Dry","No Unusual Conditions","Dark - Street Light","Unknown","Controls Functioning","Clear","Rear End","Related","Other Vehicle","Not Applicable","Not Applicable","East Of",""
"680920","CR-0000090244","0","1","0","0","21-318-0226","False","False","51","11/14/2021 5:20:00 AM","No Pedestrians Involved","Unknown","No Unusual Conditions","Dark - Street Light","Violation Driver 1","Unknown","Clear","Sideswipe","Non-Related","Parked Vehicle","Not Applicable","Not Applicable","North Of",""
"680921","CR-0000090245","0","0","0","0","21-320-9703","False","True","0","11/14/2021 6:45:00 PM","No Pedestrians Involved","Dry","No Unusual Conditions","Dark - Street Light","Unknown","Controls Functioning","Clear","Head On","Intersection","Other Vehicle","Not Applicable","Not Applicable","At",""
"680922","CR-0000090246","1","0","0","0","21-319-0690","False","False","156","11/15/2021 5:29:00 PM","No Pedestrians Involved","Dry","No Unusual Conditions","Dusk - Dawn","Violation Driver 1","Controls Functioning","Clear","Rear End","Non-Related","Other Vehicle","Not Applicable","Not Applicable","North Of",""