"CrashFactId","Name","MinorInjuries","ModerateInjuries","SevereInjuries","FatalInjuries","TcrNumber","CityDamageFlag","ShortFormFlag","Distance","CrashDateTime","PedestrianAction","RoadwaySurface","RoadwayCondition","Lighting","PrimaryCollisionFactor","TrafficControl","Weather","CollisionType","ProximityToIntersection","VehicleInvolvedWith","PedestrianDirectionFrom","PedestrianDirectionTo","DirectionFromIntersection","Comment"
"680923","CR-0000090247","1","0","0","0","21-319-1009","True","False","0","11/15/2021 11:57:00 PM","No Pedestrians Involved","Dry","No Unusual Conditions","Dark - Street Light","Violation Driver 1","Controls Functioning","Clear","Hit Object","Intersection","Other Vehicle","Not Applicable","Not Applicable","At","Traffic Light Pole"
"680924","CR-0000090248","1","0","0","0","21-320-0176","False","False","0","11/16/2021 7:32:00 AM","No Pedestrians Involved","Dry","No Unusual Conditions","Daylight","Violation Driver 1","No Controls Present/Factor","Clear","Vehicle/Bike","Intersection","Bike","Not Applicable","Not Applicable","At","BIKE"
"680925","CR-0000090250","0","0","1","0","21-261-1033","True","False","0","9/18/2021 10:37:00 PM","No Pedestrians Involved","Dry","No Unusual Conditions","Dark - Street Light","Violation Driver 1","No Controls Present/Factor","Clear","Broadside","Intersection","Parked Vehicle","Not Applicable","Not Applicable","At","LIGHT POLE"
"680926","CR-0000090249","0","1","0","0","21-261-0866","False","False","0","9/18/2021 8:18:00 PM","No Pedestrians Involved","Dry","No Unusual Conditions","Dark - Street Light","Violation Driver 1","No Controls Present/Factor","Clear","Broadside","Intersection","Motorcycle","Not Applicable","Not Applicable","At",""
"680927","CR-0000090251","2","0","0","0","21-262-0154","False","False","63","9/19/2021 2:11:00 AM","No Pedestrians Involved","Dry","No Unusual Conditions","Dark - Street Light","Violation Driver 1","Controls Functioning","Clear","Rear End","Non-Related","Other Vehicle","Not Applicable","Not Applicable","East Of",""
"680928","CR-0000090252","0","0","1","0","21-262-0839","False","False","182","9/19/2021 8:52:00 PM","No Pedestrians Involved","Dry","No Unusual Conditions","Dark - Street Light","Violation Driver 1","Controls Functioning","Clear","Broadside","Non-Related","Other Vehicle","Not Applicable","Not Applicable","South Of",""
"680929","CR-0000090254","0","0","0","0","21-266-0215","False","False","0","9/23/2021 7:53:00 AM","No Pedestrians Involved","Dry","No Unusual Conditions","Daylight","Violation Driver 1","Controls Functioning","Clear","Rear End","Intersection","Other Vehicle","Not Applicable","Not Applicable","At",""
"680930","CR-0000090255","0","0","0","0","21-273-9704","False","True","0","9/10/2021 12:00:00 PM","No Pedestrians Involved","Dry","No Unusual Conditions","Daylight","Unknown","No Controls Present/Factor","Clear","Sideswipe","Intersection","Other Vehicle","Not Applicable","Not Applicable","At",""
"680931","CR-0000090256","0","1","0","0","21-273-9708","False","True","0","9/16/2021 7:30:00 PM","No Pedestrians Involved","Dry","No Unusual Conditions","Dusk - Dawn","Unknown","Controls Functioning","Clear","Vehicle/Bike","Intersection","Bike","Not Applicable","Not Applicable","At","BIKE"
"680932","CR-0000090257","2","0","0","0","21-265-0545","False","False","13","9/22/2021 1:43:00 PM","No Pedestrians Involved","Wet","No Unusual Conditions","Daylight","Violation Driver 1","No Controls Present/Factor","Clear","Sideswipe","Related","Other Vehicle","Not Applicable","Not Applicable","North Of",""
"680933","CR-0000090258","1","0","0","0","21-265-0792","False","False","51","9/22/2021 5:24:00 PM","No Pedestrians Involved","Dry","No Unusual Conditions","Daylight","Violation Driver 1","No Controls Present/Factor","Clear","Sideswipe","Non-Related","Other Vehicle","Not Applicable","Not Applicable","North Of",""
"680934","CR-0000090259","0","0","0","0","21-267-9707","False","True","51","9/22/2021 7:40:00 AM","No Pedestrians Involved","Dry","No Unusual Conditions","Daylight","Unknown","No Controls Present/Factor","Clear","Head On","Non-Related","Parked Vehicle","Not Applicable","Not Applicable","North Of",""
"680935","CR-0000090260","1","0","0","0","21-273-9707","False","True","","9/22/2021 1:30:00 PM","No Pedestrians Involved","Dry","No Unusual Conditions","Daylight","Unknown","Controls Functioning","Clear","Rear End","Related","Motorcycle","Not Applicable","Not Applicable","South Of",""
"680936","CR-0000090261","0","0","0","0","21-265-1108","True","False","490","9/22/2021 11:23:00 PM","No Pedestrians Involved","Dry","No Unusual Conditions","Dark - Street Light","Violation Driver 1","Controls Functioning","Clear","Hit Object","Non-Related","Other Object","Not Applicable","Not Applicable","East Of","CURB"
"680937","CR-0000090262","0","1","0","0","21-268-0031","False","False","0","9/25/2021 12:40:00 AM","No Pedestrians Involved","Dry","No Unusual Conditions","Dark - Street Light","Violation Driver 1","No Controls Present/Factor","Clear","Head On","Intersection","Other Vehicle","Not Applicable","Not Applicable","At",""
"680938","CR-0000090263","0","0","0","0","21-270-9705","False","True","","9/26/2021 5:09:00 PM","No Pedestrians Involved","Dry","No Unusual Conditions","Daylight","Unknown","Controls Functioning","Clear","Sideswipe","Related","Other Vehicle","Not Applicable","Not Applicable","South Of",""
"680939","CR-0000090264","0","0","0","0","21-270-9706","False","True","0","9/27/2021 12:50:00 AM","No Pedestrians Involved","Dry","No Unusual Conditions","Dark - Street Light","Unknown","Unknown","Clear","Broadside","Intersection","Other Vehicle","Not Applicable","Not Applicable","At",""
"680940","CR-0000090265","0","0","0","0","21-274-9701","False","True","","9/28/2021 2:48:00 PM","No Pedestrians Involved","Dry","No Unusual Conditions","Daylight","Unknown","Controls Functioning","Clear","Sideswipe","Related","Other Vehicle","Not Applicable","Not Applicable","East Of",""
"680941","CR-0000090266","1","0","0","0","21-271-0632","False","False","0","9/28/2021 3:20:00 PM","Crossing In Crosswalk - At Intersection","Dry","No Unusual Conditions","Daylight","Violation Driver 1","Controls Functioning","Clear","Vehicle/Pedestrian","Intersection","Pedestrian","East","West","At","PEDESTRIAN"
"680942","CR-0000090267","0","0","0","0","21-272-9703","False","True","0","9/29/2021 8:20:00 AM","No Pedestrians Involved","Dry","No Unusual Conditions","Dark - Street Light","Unknown","Controls Functioning","Clear","Sideswipe","Intersection","Other Vehicle","Not Applicable","Not Applicable","At",""
"680943","CR-0000090268","0","0","0","0","21-273-0142","False","False","51","9/30/2021 5:15:00 AM","No Pedestrians Involved","Dry","No Unusual Conditions","Dark - Street Light","Violation Driver 1","No Controls Present/Factor","Clear","Vehicle/Bike","Non-Related","Scooter Motorized","Not Applicable","Not Applicable","East Of","BIKE (ELECTRIC SCOOTER)"
"680944","CR-0000090269","0","0","0","0","21-273-9705","False","True","","9/30/2021 9:45:00 AM","No Pedestrians Involved","Dry","No Unusual Conditions","Daylight","Unknown","Controls Functioning","Clear","Rear End","Related","Other Vehicle","Not Applicable","Not Applicable","West Of",""
"680945","CR-0000090270","0","0","0","0","21-274-9702","False","True","","10/1/2021 8:25:00 AM","No Pedestrians Involved","Dry","No Unusual Conditions","Daylight","Unknown","Controls Functioning","Clear","Rear End","Related","Other Vehicle","Not Applicable","Not Applicable","North Of",""
"680946","CR-0000090272","0","0","0","0","21-319-9703","False","True","51","10/20/2021 2:50:00 PM","No Pedestrians Involved","Dry","No Unusual Conditions","Daylight","Unknown","Unknown","Clear","Broadside","Non-Related","Other Vehicle","Not Applicable","Not Applicable","North Of",""
"680947","CR-0000090273","0","0","0","0","21-306-9706","False","True","51","10/24/2021 9:38:00 PM","No Pedestrians Involved","Wet","No Unusual Conditions","Dark - Street Light","Unknown","No Controls Present/Factor","Rain","Sideswipe","Non-Related","Parked Vehicle","Not Applicable","Not Applicable","South Of",""
"680948","CR-0000090274","0","0","0","0","21-314-9705","False","True","","10/26/2021 2:35:00 PM","No Pedestrians Involved","Unknown","Unknown","Daylight","Unknown","Unknown","Unknown","Sideswipe","Related","Other Vehicle","Not Applicable","Not Applicable","South Of",""
"680949","CR-0000090275","0","0","0","0","21-322-9705","False","True","0","10/29/2021 10:20:00 PM","No Pedestrians Involved","Dry","No Unusual Conditions","Dark - Street Light","Unknown","Controls Functioning","Clear","Sideswipe","Intersection","Other Vehicle","Not Applicable","Not Applicable","At",""
"680950","CR-0000090277","0","0","0","0","21-204-4005","False","True","","7/23/2021 4:19:00 PM","No Pedestrians Involved","Unknown","Unknown","Daylight","Unknown","Unknown","Unknown","Rear End","Related","Other Vehicle","Not Applicable","Not Applicable","Unknown",""
"680951","CR-0000090278","0","0","0","0","21-291-9709","False","True","0","10/6/2021 6:50:00 AM","No Pedestrians Involved","Dry","No Unusual Conditions","Daylight","Unknown","Controls Functioning","Clear","Sideswipe","Intersection","Other Vehicle","Not Applicable","Not Applicable","At",""
"680952","CR-0000090280","0","0","0","0","21-291-9710","False","True","51","10/10/2021 11:05:00 AM","No Pedestrians Involved","Dry","No Unusual Conditions","Daylight","Unknown","No Controls Present/Factor","Clear","Sideswipe","Non-Related","Other Vehicle","Not Applicable","Not Applicable","West Of",""
"680953","CR-0000090281","0","0","0","0","21-288-9708","False","True","","10/14/2021 8:24:00 PM","No Pedestrians Involved","Dry","No Unusual Conditions","Dark - Street Light","Unknown","Controls Functioning","Clear","Rear End","Related","Other Vehicle","Not Applicable","Not Applicable","West Of",""
"680954","CR-0000090282","0","0","0","0","21-288-9710","False","True","51","10/14/2021 12:47:00 AM","No Pedestrians Involved","Dry","No Unusual Conditions","Dark - Street Light","Unknown","Controls Functioning","Clear","Rear End","Non-Related","Other Vehicle","Not Applicable","Not Applicable","West Of",""
"680955","CR-0000090283","0","0","0","0","21-292-9702","False","True","0","10/15/2021 1:50:00 PM","No Pedestrians Involved","Dry","Unknown","Daylight","Unknown","Controls Functioning","Clear","Sideswipe","Intersection","Other Vehicle","Not Applicable","Not Applicable","At",""
"680956","CR-0000090284","1","0","0","0","21-289-0012","False","False","51","10/16/2021 12:00:00 AM","Crossing - Not In Crosswalk","Dry","No Unusual Conditions","Dark - Street Light","Violation Driver 1","Controls Functioning","Clear","Vehicle/Pedestrian","Non-Related","Pedestrian","South","North","East Of","PEDESTRIAN"
"680957","CR-0000090285","0","0","0","0","21-290-9704","False","True","51","10/16/2021 8:30:00 AM","No Pedestrians Involved","Dry","No Unusual Conditions","Daylight","Unknown","No Controls Present/Factor","Clear","Sideswipe","Non-Related","Parked Vehicle","Not Applicable","Not Applicable","North Of",""
"680958","CR-0000090286","0","0","0","0","21-290-9706","False","True","51","10/16/2021 7:15:00 PM","No Pedestrians Involved","Dry","No Unusual Conditions","Dark - Street Light","Unknown","Controls Functioning","Clear","Rear End","Non-Related","Other Vehicle","Not Applicable","Not Applicable","West Of",""
"680959","CR-0000090287","0","0","0","0","21-290-9701","False","True","","10/17/2021 7:28:00 AM","No Pedestrians Involved","Dry","No Unusual Conditions","Daylight","Unknown","Controls Functioning","Clear","Rear End","Related","Other Vehicle","Not Applicable","Not Applicable","East Of",""
"680960","CR-0000090288","0","0","0","0","21-291-9704","False","True","0","10/17/2021 5:45:00 PM","No Pedestrians Involved","Dry","No Unusual Conditions","Daylight","Unknown","Controls Functioning","Cloudy","Head On","Intersection","Other Vehicle","Not Applicable","Not Applicable","At",""
"680961","CR-0000090289","1","0","0","0","21-291-0655","False","False","0","10/18/2021 5:08:00 PM","No Pedestrians Involved","Dry","No Unusual Conditions","Dusk - Dawn","Violation Driver 1","Controls Functioning","Clear","Broadside","Intersection","Other Vehicle","Not Applicable","Not Applicable","At",""
"680962","CR-0000090290","0","0","0","0","21-293-0174","False","False","0","10/20/2021 7:17:00 AM","No Pedestrians Involved","Dry","No Unusual Conditions","Daylight","Violation Driver 1","Controls Functioning","Cloudy","Vehicle/Bike","Intersection","Bike","Not Applicable","Not Applicable","At","BIKE"
"680963","CR-0000090291","0","0","0","0","21-293-9707","False","True","0","10/20/2021 12:25:00 PM","No Pedestrians Involved","Dry","Unknown","Daylight","Unknown","Controls Functioning","Clear","Sideswipe","Intersection","Other Vehicle","Not Applicable","Not Applicable","At",""
"680964","CR-0000090292","0","0","1","0","21-294-0864","False","False","91","10/21/2021 8:10:00 PM","Crossing - Not In Crosswalk","Dry","No Unusual Conditions","Dark - Street Light","Violation Driver 1","Controls Functioning","Clear","Vehicle/Pedestrian","Non-Related","Pedestrian","Unknown","Unknown","East Of","PEDESTRIAN"
"680965","CR-0000090293","1","0","0","0","21-294-0983","False","False","0","10/21/2021 9:00:00 PM","No Pedestrians Involved","Dry","No Unusual Conditions","Dark - Street Light","Violation Driver 1","Controls Functioning","Clear","Broadside","Intersection","Other Vehicle","Not Applicable","Not Applicable","At",""
"680966","CR-0000090294","2","1","0","0","21-295-0242","False","False","0","10/22/2021 9:20:00 AM","No Pedestrians Involved","Wet","No Unusual Conditions","Daylight","Violation Driver 1","Controls Functioning","Clear","Head On","Intersection","Other Vehicle","Not Applicable","Not Applicable","At",""
"680967","CR-0000090295","0","0","0","0","21-295-0633","False","False","29","10/22/2021 4:39:00 PM","No Pedestrians Involved","Dry","No Unusual Conditions","Daylight","Violation Driver 1","Controls Functioning","Clear","Rear End","Related","Other Vehicle","Not Applicable","Not Applicable","West Of",""
"680968","CR-0000090296","1","0","0","0","21-295-0720","False","False","0","10/22/2021 5:55:00 PM","No Pedestrians Involved","Dry","No Unusual Conditions","Daylight","Violation Driver 1","No Controls Present/Factor","Clear","Vehicle/Bike","Intersection","Bike","Not Applicable","Not Applicable","At","BIKE"
"680969","CR-0000090297","0","0","0","0","21-295-9709","False","True","","10/22/2021 1:45:00 PM","No Pedestrians Involved","Wet","No Unusual Conditions","Daylight","Unknown","Controls Functioning","Unknown","Sideswipe","Related","Other Vehicle","Not Applicable","Not Applicable","North Of",""
"680970","CR-0000090298","1","0","0","0","21-296-0544","False","False","0","10/23/2021 2:30:00 PM","No Pedestrians Involved","Dry","No Unusual Conditions","Daylight","Violation Driver 1","Controls Functioning","Clear","Rear End","Intersection","Other Vehicle","Not Applicable","Not Applicable","At",""
"680971","CR-0000090299","2","0","0","0","21-297-0907","False","False","0","10/24/2021 10:00:00 PM","No Pedestrians Involved","Wet","No Unusual Conditions","Dark - Street Light","Violation Driver 1","No Controls Present/Factor","Rain","Sideswipe","Intersection","Other Vehicle","Not Applicable","Not Applicable","At",""
"680972","CR-0000090300","0","0","0","0","21-297-0986","False","False","41","10/24/2021 11:19:00 PM","No Pedestrians Involved","Wet","No Unusual Conditions","Dark - Street Light","Violation Driver 1","Controls Functioning","Rain","Rear End","Related","Other Vehicle","Not Applicable","Not Applicable","East Of",""
"680973","CR-0000090301","0","0","0","0","21-195-9705","False","True","0","5/1/2021 10:00:00 AM","No Pedestrians Involved","Dry","No Unusual Conditions","Daylight","Unknown","No Controls Present/Factor","Clear","Hit Object","Intersection","Fixed Object","Not Applicable","Not Applicable","At",""
"680974","CR-0000090302","1","0","0","0","21-170-9701","False","True","","6/18/2021 3:49:00 PM","No Pedestrians Involved","Dry","No Unusual Conditions","Daylight","Unknown","Controls Functioning","Clear","Rear End","Related","Other Vehicle","Not Applicable","Not Applicable","West Of",""
"680975","CR-0000090303","0","0","0","0","21-187-9706","False","True","","7/1/2021 3:52:00 PM","No Pedestrians Involved","Dry","No Unusual Conditions","Daylight","Unknown","No Controls Present/Factor","Clear","Other","Related","Parked Vehicle","Not Applicable","Not Applicable","West Of",""
"680976","CR-0000090304","0","0","0","0","21-200-9704","False","True","0","7/6/2021 5:25:00 PM","No Pedestrians Involved","Dry","No Unusual Conditions","Daylight","Unknown","Controls Functioning","Clear","Broadside","Intersection","Other Vehicle","Not Applicable","Not Applicable","At",""
"680977","CR-0000090305","1","0","0","0","21-188-0346","False","False","0","7/7/2021 10:49:00 AM","No Pedestrians Involved","Dry","No Unusual Conditions","Daylight","Violation Driver 1","Controls Functioning","Clear","Broadside","Intersection","Other Vehicle","Not Applicable","Not Applicable","At",""
"680978","CR-0000090306","1","0","0","0","21-188-0920","False","False","402","7/7/2021 7:01:00 PM","In Road - Includes Shoulder","Dry","No Unusual Conditions","Daylight","Violation Driver 1","No Controls Present/Factor","Clear","Vehicle/Pedestrian","Non-Related","Pedestrian","Unknown","Unknown","West Of","PEDESTRIAN"
"680979","CR-0000090307","0","0","0","0","21-191-9702","False","True","","7/9/2021 5:45:00 PM","No Pedestrians Involved","Dry","No Unusual Conditions","Daylight","Unknown","Controls Functioning","Clear","Rear End","Related","Other Vehicle","Not Applicable","Not Applicable","West Of",""
"680980","CR-0000090308","0","0","0","0","21-196-9704","False","True","51","7/9/2021 9:40:00 PM","No Pedestrians Involved","Dry","No Unusual Conditions","Dark - Street Light","Unknown","No Controls Present/Factor","Clear","Broadside","Non-Related","Motor Vehicle On Other Roadway","Not Applicable","Not Applicable","East Of",""
"680981","CR-0000090309","0","1","0","0","21-192-0793","False","False","0","7/11/2021 8:00:00 PM","No Pedestrians Involved","Dry","No Unusual Conditions","Daylight","Violation Driver 1","No Controls Present/Factor","Clear","Rear End","Intersection","Other Vehicle","Not Applicable","Not Applicable","At",""
"680982","CR-0000090310","0","0","0","0","21-209-9702","False","True","","7/12/2021 8:22:00 AM","No Pedestrians Involved","Dry","No Unusual Conditions","Daylight","Unknown","Controls Functioning","Clear","Sideswipe","Related","Other Vehicle","Not Applicable","Not Applicable","East Of",""
"680983","CR-0000090311","1","1","0","0","21-196-0921","False","False","150","7/15/2021 7:38:00 PM","Not In Road","Dry","No Unusual Conditions","Daylight","Violation Driver 1","No Controls Present/Factor","Clear","Vehicle/Pedestrian","Non-Related","Pedestrian","Unknown","Unknown","West Of","PEDESTRIAN"
"680984","CR-0000090312","0","0","0","0","21-200-9707","False","True","","7/17/2021 3:05:00 PM","No Pedestrians Involved","Dry","No Unusual Conditions","Daylight","Unknown","Controls Functioning","Clear","Broadside","Related","Other Vehicle","Not Applicable","Not Applicable","East Of",""
"680985","CR-0000090313","1","0","0","0","21-199-0477","False","False","322","7/18/2021 1:30:00 PM","No Pedestrians Involved","Dry","No Unusual Conditions","Daylight","Violation Driver 1","No Controls Present/Factor","Clear","Rear End","Non-Related","Parked Vehicle","Not Applicable","Not Applicable","North Of",""
"680986","CR-0000090314","0","0","0","0","21-199-0545","False","True","51","7/18/2021 3:41:00 PM","No Pedestrians Involved","Dry","No Unusual Conditions","Daylight","Violation Driver 1","No Controls Present/Factor","Clear","Hit Object","Non-Related","Fixed Object","Not Applicable","Not Applicable","West Of","POLE  (STOLEN VEHICLE)"
"680987","CR-0000090315","0","0","0","0","21-198-9701","False","True","","7/16/2021 11:15:00 PM","No Pedestrians Involved","Dry","No Unusual Conditions","Dark - Street Light","Unknown","Controls Functioning","Clear","Rear End","Related","Other Vehicle","Not Applicable","Not Applicable","Unknown",""
"680988","CR-0000090316","0","0","0","0","21-199-9704","False","True","","7/18/2021 8:10:00 AM","No Pedestrians Involved","Dry","No Unusual Conditions","Daylight","Unknown","Controls Functioning","Clear","Sideswipe","Related","Other Vehicle","Not Applicable","Not Applicable","East Of",""
"680989","CR-0000090317","0","0","1","0","21-200-1011","False","False","0","7/19/2021 10:32:00 PM","No Pedestrians Involved","Dry","No Unusual Conditions","Dark - Street Light","Violation Driver 1","No Controls Present/Factor","Clear","Broadside","Intersection","Motorcycle","Not Applicable","Not Applicable","At",""
"680990","CR-0000090318","1","0","0","0","21-202-9712","False","True","0","7/19/2021 9:05:00 PM","No Pedestrians Involved","Dry","No Unusual Conditions","Dark - Street Light","Unknown","Controls Functioning","Clear","Broadside","Intersection","Other Vehicle","Not Applicable","Not Applicable","At",""
"680991","CR-0000090319","0","0","0","0","21-203-9705","False","True","51","7/20/2021 4:00:00 PM","No Pedestrians Involved","Dry","No Unusual Conditions","Daylight","Unknown","Controls Functioning","Clear","Other","Non-Related","Parked Vehicle","Not Applicable","Not Applicable","West Of",""
"680992","CR-0000090320","0","0","0","0","21-202-0630","False","True","0","7/21/2021 3:42:00 PM","No Pedestrians Involved","Unknown","No Unusual Conditions","Daylight","Unknown","Unknown","Unknown","Other","Intersection","Other Vehicle","Not Applicable","Not Applicable","At",""
"680993","CR-0000090321","2","0","0","0","21-202-0950","False","False","165","7/21/2021 9:26:00 PM","No Pedestrians Involved","Dry","No Unusual Conditions","Daylight","Violation Driver 1","No Controls Present/Factor","Clear","Sideswipe","Non-Related","Other Vehicle","Not Applicable","Not Applicable","East Of",""
"680994","CR-0000090322","0","0","0","0","21-205-9703","False","True","51","7/22/2021 9:50:00 PM","No Pedestrians Involved","Dry","No Unusual Conditions","Dark - Street Light","Unknown","Controls Functioning","Clear","Broadside","Non-Related","Other Vehicle","Not Applicable","Not Applicable","West Of",""
"680995","CR-0000090324","0","0","0","0","21-205-9704","False","True","","7/24/2021 1:00:00 AM","No Pedestrians Involved","Dry","No Unusual Conditions","Dark - Street Light","Unknown","Controls Functioning","Clear","Rear End","Related","Other Vehicle","Not Applicable","Not Applicable","West Of",""
"680996","CR-0000090325","0","1","1","0","21-206-0882","False","False","0","7/25/2021 10:05:00 PM","In Road - Includes Shoulder","Dry","No Unusual Conditions","Dark - Street Light","Violation Driver 1","No Controls Present/Factor","Clear","Vehicle/Pedestrian","Intersection","Pedestrian","Unknown","Unknown","At","(2) PEDESTRIANS"
"680997","CR-0000090327","1","0","0","0","21-208-0246","False","False","42","7/27/2021 9:11:00 AM","No Pedestrians Involved","Dry","No Unusual Conditions","Daylight","Violation Driver 1","Unknown","Clear","Rear End","Related","Other Vehicle","Not Applicable","Not Applicable","West Of",""
"680998","CR-0000090326","1","1","0","0","21-207-0203","False","False","51","7/26/2021 7:30:00 AM","No Pedestrians Involved","Dry","Holes Deep Rut","Daylight","Violation Driver 1","No Controls Present/Factor","Clear","Rear End","Non-Related","Parked Vehicle","Not Applicable","Not Applicable","East Of",""
"680999","CR-0000090328","1","0","0","0","21-208-0758","False","False","333","7/27/2021 6:45:00 PM","No Pedestrians Involved","Dry","No Unusual Conditions","Daylight","Violation Driver 1","Controls Functioning","Clear","Rear End","Non-Related","Other Vehicle","Not Applicable","Not Applicable","West Of",""
"681000","CR-0000090329","1","0","0","0","21-209-0641","False","False","420","7/28/2021 3:02:00 PM","No Pedestrians Involved","Dry","No Unusual Conditions","Daylight","Violation Driver 1","No Controls Present/Factor","Clear","Broadside","Non-Related","Other Vehicle","Not Applicable","Not Applicable","West Of",""
"681001","CR-0000090330","0","0","0","0","21-209-9707","False","True","","7/28/2021 11:59:00 AM","No Pedestrians Involved","Dry","No Unusual Conditions","Daylight","Unknown","Controls Functioning","Clear","Rear End","Related","Other Vehicle","Not Applicable","Not Applicable","North Of",""
"681002","CR-0000090331","1","0","0","0","21-298-0525","False","False","","9/3/2021 11:50:00 AM","No Pedestrians Involved","Unknown","Unknown","Daylight","Violation Driver 1","Unknown","Unknown","Vehicle/Bike","Non-Related","Scooter Motorized","Not Applicable","Not Applicable","Unknown","BIKE (ELECTRIC SCOOTER)"
"681003","CR-0000090332","0","0","0","0","21-263-9708","False","True","","9/18/2021 8:47:00 PM","No Pedestrians Involved","Dry","No Unusual Conditions","Dark - Street Light","Unknown","Controls Functioning","Clear","Rear End","Related","Other Vehicle","Not Applicable","Not Applicable","West Of",""
"681004","CR-0000090333","1","0","0","0","21-298-0435","False","False","0","10/25/2021 12:40:00 PM","No Pedestrians Involved","Wet","No Unusual Conditions","Daylight","Violation Driver 1","No Controls Present/Factor","Cloudy","Rear End","Intersection","Other Vehicle","Not Applicable","Not Applicable","At",""
"681005","CR-0000090334","0","0","0","0","21-341-9709","False","True","51","12/2/2021 12:44:00 PM","No Pedestrians Involved","Dry","No Unusual Conditions","Daylight","Unknown","No Controls Present/Factor","Clear","Rear End","Non-Related","Parked Vehicle","Not Applicable","Not Applicable","South Of",""
"681006","CR-0000090335","0","0","0","0","21-341-9710","False","True","","12/3/2021 4:13:00 PM","No Pedestrians Involved","Dry","No Unusual Conditions","Daylight","Unknown","Controls Functioning","Clear","Sideswipe","Related","Other Vehicle","Not Applicable","Not Applicable","West Of",""
"681007","CR-0000090336","0","0","0","0","21-341-9708","False","True","","12/4/2021 9:25:00 PM","No Pedestrians Involved","Dry","No Unusual Conditions","Dark - Street Light","Unknown","Controls Functioning","Clear","Sideswipe","Related","Other Vehicle","Not Applicable","Not Applicable","North Of",""
"681008","CR-0000090338","3","0","0","0","21-342-0205","False","False","54","12/8/2021 8:34:00 AM","No Pedestrians Involved","Dry","No Unusual Conditions","Daylight","Violation Driver 1","No Controls Present/Factor","Clear","Broadside","Non-Related","Other Vehicle","Not Applicable","Not Applicable","East Of",""
"681009","CR-0000090339","0","0","0","2","22-097-0825","False","False","0","4/7/2022 6:26:00 PM","Crossing In Crosswalk - At Intersection","Dry","No Unusual Conditions","Daylight","Violation Driver 1","Controls Functioning","Clear","Vehicle/Pedestrian","Intersection","Pedestrian","North","South","At","2 pedestrian fatalities."
"681010","CR-0000090340","0","0","0","0","22-102-4006","False","True","","4/12/2022 3:10:00 PM","No Pedestrians Involved","Unknown","Unknown","Daylight","Unknown","Unknown","Unknown","Rear End","Related","Other Vehicle","Not Applicable","Not Applicable","West Of",""
"681011","CR-0000090341","1","1","0","0","22-106-0144","False","False","0","4/16/2022 4:15:00 AM","No Pedestrians Involved","Wet","No Unusual Conditions","Dark - Street Light","Violation Driver 1","Controls Functioning","Rain","Hit Object","Intersection","Fixed Object","Not Applicable","Not Applicable","At","Telephone Pole"
"681012","CR-0000090342","1","0","0","0","21-291-9708","False","False","","10/8/2021 1:23:00 PM","No Pedestrians Involved","Dry","No Unusual Conditions","Daylight","Unknown","Controls Functioning","Clear","Rear End","Related","Other Vehicle","Not Applicable","Not Applicable","East Of",""
"681013","CR-0000090353","2","0","0","0","21-326-0610","False","False","1390","11/22/2021 3:00:00 PM","No Pedestrians Involved","Dry","No Unusual Conditions","Daylight","Violation Driver 1","No Controls Present/Factor","Clear","Sideswipe","Non-Related","Other Vehicle","Not Applicable","Not Applicable","North Of",""
"681014","CR-0000090354","0","0","0","0","21-348-9710","False","True","","12/13/2021 6:10:00 PM","No Pedestrians Involved","Wet","No Unusual Conditions","Dark - Street Light","Unknown","Controls Functioning","Clear","Rear End","Related","Other Vehicle","Not Applicable","Not Applicable","North Of",""
"681015","CR-0000090355","0","0","0","0","21-347-9710","False","True","0","12/13/2021 5:50:00 AM","No Pedestrians Involved","Wet","No Unusual Conditions","Dark - Street Light","Unknown","Controls Functioning","Rain","Sideswipe","Intersection","Other Vehicle","Not Applicable","Not Applicable","At",""
"681016","CR-0000090356","0","0","0","0","21-348-0032","False","False","50","12/14/2021 1:27:00 AM","No Pedestrians Involved","Wet","No Unusual Conditions","Dark - Street Light","Violation Driver 1","No Controls Present/Factor","Rain","Sideswipe","Related","Parked Vehicle","Not Applicable","Not Applicable","South Of",""
"681017","CR-0000090357","1","0","0","0","21-348-0129","False","False","174","12/14/2021 7:15:00 AM","No Pedestrians Involved","Wet","No Unusual Conditions","Daylight","Violation Driver 1","No Controls Present/Factor","Cloudy","Head On","Non-Related","Other Vehicle","Not Applicable","Not Applicable","West Of",""
"681018","CR-0000090364","0","0","0","0","21-348-0625","True","False","0","12/14/2021 4:19:00 PM","No Pedestrians Involved","Wet","No Unusual Conditions","Dusk - Dawn","Violation Driver 1","Controls Functioning","Clear","Hit Object","Intersection","Fixed Object","Not Applicable","Not Applicable","At","Traffic Signal Pole #18251"
"681019","CR-0000090365","0","0","0","0","21-349-9708","False","True","51","12/14/2021 3:15:00 PM","No Pedestrians Involved","Dry","No Unusual Conditions","Daylight","Unknown","Unknown","Clear","Sideswipe","Non-Related","Other Vehicle","Not Applicable","Not Applicable","West Of",""
"681020","CR-0000090366","1","1","0","0","21-349-0023","False","False","0","12/15/2021 12:12:00 AM","No Pedestrians Involved","Wet","No Unusual Conditions","Dark - Street Light","Violation Driver 1","Controls Functioning","Rain","Broadside","Intersection","Other Vehicle","Not Applicable","Not Applicable","At",""
"681021","CR-0000090369","0","0","0","0","21-349-0855","False","False","0","12/15/2021 7:49:00 PM","No Pedestrians Involved","Dry","No Unusual Conditions","Dark - Street Light","Violation Driver 1","Controls Functioning","Clear","Vehicle/Pedestrian","Intersection","Motor Vehicle On Other Roadway","Not Applicable","Not Applicable","At",""