"CrashFactId","Name","MinorInjuries","ModerateInjuries","SevereInjuries","FatalInjuries","TcrNumber","CityDamageFlag","ShortFormFlag","Distance","CrashDateTime","PedestrianAction","RoadwaySurface","RoadwayCondition","Lighting","PrimaryCollisionFactor","TrafficControl","Weather","CollisionType","ProximityToIntersection","VehicleInvolvedWith","PedestrianDirectionFrom","PedestrianDirectionTo","DirectionFromIntersection","Comment"
"681022","CR-0000090375","1","1","0","0","21-350-0556","False","False","90","12/16/2021 3:23:00 PM","No Pedestrians Involved","Dry","No Unusual Conditions","Daylight","Violation Driver 1","Controls Functioning","Clear","Rear End","Non-Related","Other Vehicle","Not Applicable","Not Applicable","South Of",""
"681023","CR-0000090385","1","0","0","0","21-350-0836","False","False","80","12/16/2021 9:14:00 PM","No Pedestrians Involved","Dry","No Unusual Conditions","Dark - Street Light","Violation Driver 1","Controls Functioning","Clear","Vehicle/Bike","Non-Related","Bike","Not Applicable","Not Applicable","East Of","Bike"
"681024","CR-0000090388","0","0","0","0","21-350-9712","False","True","51","12/16/2021 1:33:00 PM","No Pedestrians Involved","Dry","No Unusual Conditions","Daylight","Unknown","Controls Functioning","Clear","Broadside","Non-Related","Other Vehicle","Not Applicable","Not Applicable","South Of",""
"681025","CR-0000090390","1","0","0","0","21-351-0995","False","False","0","12/17/2021 10:09:00 PM","No Pedestrians Involved","Dry","No Unusual Conditions","Dark - Street Light","Violation Driver 1","Controls Functioning","Clear","Broadside","Intersection","Other Vehicle","Not Applicable","Not Applicable","At",""
"681026","CR-0000090391","0","0","0","0","21-352-9703","False","True","","12/17/2021 6:30:00 PM","No Pedestrians Involved","Unknown","Unknown","Unknown","Unknown","Unknown","Unknown","Sideswipe","Related","Other Vehicle","Not Applicable","Not Applicable","Unknown",""
"681027","CR-0000090392","0","1","0","0","21-353-0763","False","False","70","12/19/2021 7:19:00 PM","No Pedestrians Involved","Dry","No Unusual Conditions","Dark - Street Light","Violation Driver 1","Controls Functioning","Clear","Rear End","Non-Related","Other Vehicle","Not Applicable","Not Applicable","West Of",""
"681028","CR-0000090393","1","0","0","0","21-342-0328","False","False","57","12/8/2021 10:49:00 AM","No Pedestrians Involved","Dry","No Unusual Conditions","Daylight","Violation Driver 1","No Controls Present/Factor","Cloudy","Broadside","Non-Related","Other Vehicle","Not Applicable","Not Applicable","North Of",""
"681029","CR-0000090394","1","0","0","0","21-342-0636","False","False","51","12/8/2021 5:30:00 PM","No Pedestrians Involved","Dry","No Unusual Conditions","Daylight","Violation Driver 1","No Controls Present/Factor","Clear","Sideswipe","Non-Related","Other Vehicle","Not Applicable","Not Applicable","East Of",""
"681030","CR-0000090395","0","0","0","0","21-358-9704","False","True","0","12/23/2021 6:02:00 PM","No Pedestrians Involved","Dry","No Unusual Conditions","Dark - Street Light","Unknown","Controls Functioning","Clear","Broadside","Intersection","Other Vehicle","Not Applicable","Not Applicable","At",""
"681031","CR-0000090396","0","0","0","0","21-361-9701","False","True","51","12/25/2021 4:00:00 PM","No Pedestrians Involved","Wet","No Unusual Conditions","Dusk - Dawn","Unknown","Unknown","Rain","Broadside","Non-Related","Other Vehicle","Not Applicable","Not Applicable","North Of",""
"681032","CR-0000090397","0","0","0","0","21-360-0046","False","False","112","12/26/2021 1:11:00 AM","No Pedestrians Involved","Wet","No Unusual Conditions","Dark - Street Light","Violation Driver 1","No Controls Present/Factor","Clear","Sideswipe","Non-Related","Other Vehicle","Not Applicable","Not Applicable","North Of",""
"681033","CR-0000090399","1","0","0","0","21-360-0383","False","False","0","12/26/2021 2:25:00 PM","No Pedestrians Involved","Wet","No Unusual Conditions","Daylight","Violation Driver 1","Controls Functioning","Cloudy","Broadside","Intersection","Other Vehicle","Not Applicable","Not Applicable","At",""
"681034","CR-0000090400","0","0","0","0","21-360-9702","False","True","","12/26/2021 12:55:00 PM","No Pedestrians Involved","Dry","No Unusual Conditions","Daylight","Unknown","Controls Functioning","Clear","Rear End","Related","Other Vehicle","Not Applicable","Not Applicable","North Of",""
"681035","CR-0000090401","0","0","0","0","21-361-9702","False","True","","12/27/2021 2:20:00 PM","No Pedestrians Involved","Wet","No Unusual Conditions","Daylight","Unknown","Controls Functioning","Clear","Sideswipe","Related","Other Vehicle","Not Applicable","Not Applicable","West Of",""
"681036","CR-0000090402","1","0","0","0","21-364-0164","False","False","0","12/30/2021 5:59:00 AM","No Pedestrians Involved","Dry","No Unusual Conditions","Dark - Street Light","Violation Driver 1","Controls Functioning","Clear","Sideswipe","Intersection","Other Vehicle","Not Applicable","Not Applicable","At",""
"681037","CR-0000090404","0","0","0","0","21-076-9710","False","True","0","2/25/2021 6:20:00 PM","No Pedestrians Involved","Dry","No Unusual Conditions","Dark - Street Light","Unknown","Controls Functioning","Cloudy","Rear End","Intersection","Other Vehicle","Not Applicable","Not Applicable","At",""
"681038","CR-0000090405","0","0","0","0","21-073-9718","False","True","","3/11/2021 2:59:00 PM","No Pedestrians Involved","Dry","No Unusual Conditions","Daylight","Unknown","Controls Functioning","Clear","Rear End","Related","Other Vehicle","Not Applicable","Not Applicable","West Of",""
"681039","CR-0000090406","0","0","0","0","21-072-9711","False","True","51","3/13/2021 1:30:00 AM","No Pedestrians Involved","Dry","Unknown","Dark - Street Light","Unknown","Controls Functioning","Clear","Broadside","Non-Related","Parked Vehicle","Not Applicable","Not Applicable","North Of",""
"681040","CR-0000090407","0","0","0","0","21-078-9707","False","True","","3/19/2021 2:00:00 PM","No Pedestrians Involved","Wet","No Unusual Conditions","Daylight","Unknown","Unknown","Cloudy","Rear End","Related","Other Vehicle","Not Applicable","Not Applicable","West Of",""
"681041","CR-0000090408","0","0","0","0","21-101-4000","False","True","51","4/10/2021 11:09:00 PM","No Pedestrians Involved","Unknown","Unknown","Unknown","Unknown","Unknown","Unknown","Sideswipe","Non-Related","Parked Vehicle","Not Applicable","Not Applicable","South Of",""
"681042","CR-0000090409","0","0","0","0","21-105-4002","False","True","","4/11/2021 12:20:00 PM","No Pedestrians Involved","Unknown","Unknown","Daylight","Unknown","Unknown","Unknown","Sideswipe","Related","Other Vehicle","Not Applicable","Not Applicable","East Of",""
"681043","CR-0000090410","0","0","0","0","21-106-4000","False","True","51","4/14/2021 6:00:00 PM","No Pedestrians Involved","Unknown","Unknown","Daylight","Unknown","Unknown","Unknown","Sideswipe","Non-Related","Parked Vehicle","Not Applicable","Not Applicable","West Of",""
"681044","CR-0000090411","0","0","0","0","21-113-4000","False","True","51","4/10/2021 8:20:00 PM","No Pedestrians Involved","Unknown","Unknown","Unknown","Unknown","Unknown","Unknown","Rear End","Non-Related","Parked Vehicle","Not Applicable","Not Applicable","North Of",""
"681045","CR-0000090412","0","0","0","0","21-113-4002","False","True","51","4/22/2021 4:30:00 PM","No Pedestrians Involved","Unknown","Unknown","Daylight","Unknown","Unknown","Unknown","Other","Non-Related","Parked Vehicle","Not Applicable","Not Applicable","South Of",""
"681046","CR-0000090413","0","0","0","0","21-113-4003","False","True","","12/31/2021 10:00:00 PM","No Pedestrians Involved","Unknown","Unknown","Unknown","Unknown","Unknown","Unknown","Rear End","Related","Other Vehicle","Not Applicable","Not Applicable","Unknown",""
"681047","CR-0000090414","0","0","0","0","21-073-4001","False","True","51","3/11/2021 12:55:00 PM","No Pedestrians Involved","Unknown","Unknown","Daylight","Unknown","Unknown","Unknown","Sideswipe","Non-Related","Parked Vehicle","Not Applicable","Not Applicable","East Of",""
"681048","CR-0000090415","0","0","0","0","21-084-0127","False","True","51","3/25/2021 5:26:00 AM","No Pedestrians Involved","Dry","No Unusual Conditions","Dark - Street Light","Unknown","No Controls Present/Factor","Clear","Other","Non-Related","Parked Vehicle","Not Applicable","Not Applicable","North Of",""
"681049","CR-0000090416","0","0","0","0","21-084-9711","False","True","51","3/25/2021 6:30:00 AM","No Pedestrians Involved","Dry","Other","Daylight","Unknown","Unknown","Clear","Other","Non-Related","Parked Vehicle","Not Applicable","Not Applicable","South Of",""
"681050","CR-0000090417","0","0","0","0","21-092-9702","False","True","0","3/26/2021 6:33:00 AM","No Pedestrians Involved","Dry","No Unusual Conditions","Daylight","Unknown","Unknown","Clear","Head On","Intersection","Other Vehicle","Not Applicable","Not Applicable","At",""
"681051","CR-0000090418","0","0","0","0","21-089-9706","False","True","51","3/28/2021 12:15:00 AM","No Pedestrians Involved","Dry","No Unusual Conditions","Dark - Street Light","Unknown","No Controls Present/Factor","Clear","Rear End","Non-Related","Parked Vehicle","Not Applicable","Not Applicable","East Of",""
"681052","CR-0000090419","0","0","0","0","21-089-9713","False","True","51","3/30/2021 2:00:00 AM","No Pedestrians Involved","Dry","No Unusual Conditions","Dark - Street Light","Unknown","No Controls Present/Factor","Clear","Rear End","Non-Related","Parked Vehicle","Not Applicable","Not Applicable","East Of",""
"681053","CR-0000090420","0","0","0","0","21-092-9704","False","True","51","4/1/2021 5:30:00 PM","No Pedestrians Involved","Dry","No Unusual Conditions","Daylight","Unknown","Unknown","Clear","Sideswipe","Non-Related","Other Vehicle","Not Applicable","Not Applicable","West Of",""
"681054","CR-0000090421","0","0","0","0","21-093-9702","False","True","0","4/2/2021 6:50:00 PM","No Pedestrians Involved","Dry","No Unusual Conditions","Daylight","Unknown","Unknown","Clear","Rear End","Intersection","Other Vehicle","Not Applicable","Not Applicable","At",""
"681055","CR-0000090422","0","0","0","0","21-093-9705","False","True","0","4/2/2021 10:55:00 PM","No Pedestrians Involved","Dry","No Unusual Conditions","Dark - Street Light","Unknown","No Controls Present/Factor","Clear","Sideswipe","Intersection","Other Vehicle","Not Applicable","Not Applicable","At",""
"681056","CR-0000090423","0","0","0","0","21-162-9703","False","True","51","6/3/2021 10:30:00 PM","No Pedestrians Involved","Dry","No Unusual Conditions","Unknown","Unknown","No Controls Present/Factor","Unknown","Other","Non-Related","Other Vehicle","Not Applicable","Not Applicable","North Of",""
"681057","CR-0000090424","0","0","0","0","21-162-9704","False","True","","6/9/2021 5:44:00 PM","No Pedestrians Involved","Dry","No Unusual Conditions","Daylight","Unknown","No Controls Present/Factor","Clear","Sideswipe","Related","Other Vehicle","Not Applicable","Not Applicable","South Of",""
"681058","CR-0000090425","0","0","0","0","21-162-9707","False","True","51","6/11/2021 12:15:00 PM","No Pedestrians Involved","Dry","No Unusual Conditions","Daylight","Unknown","Unknown","Clear","Rear End","Non-Related","Other Vehicle","Not Applicable","Not Applicable","North Of",""
"681059","CR-0000090426","0","0","0","0","21-266-9706","False","True","0","8/31/2021 2:50:00 PM","No Pedestrians Involved","Dry","No Unusual Conditions","Daylight","Unknown","Controls Functioning","Clear","Sideswipe","Intersection","Other Vehicle","Not Applicable","Not Applicable","At",""
"681060","CR-0000090427","0","0","0","0","21-162-9851","False","False","0","3/9/2021 8:15:00 AM","No Pedestrians Involved","Dry","No Unusual Conditions","Daylight","Unknown","Controls Functioning","Cloudy","Sideswipe","Intersection","Other Vehicle","Not Applicable","Not Applicable","At",""
"681061","CR-0000090428","0","0","0","0","21-162-9852","False","False","50","3/24/2021 1:28:00 AM","No Pedestrians Involved","Dry","No Unusual Conditions","Dark - No Street Light","Unknown","No Controls Present/Factor","Clear","Sideswipe","Related","Parked Vehicle","Not Applicable","Not Applicable","South Of",""
"681062","CR-0000090429","0","0","0","0","21-162-9853","False","False","0","4/14/2021 2:28:00 PM","No Pedestrians Involved","Dry","Construction - Repair Zone","Daylight","Unknown","Controls Functioning","Clear","Sideswipe","Intersection","Other Vehicle","Not Applicable","Not Applicable","At",""
"681063","CR-0000090430","1","0","0","0","21-353-0864","False","False","30","12/19/2021 9:34:00 PM","No Pedestrians Involved","Dry","No Unusual Conditions","Dark - Street Light","Violation Driver 1","No Controls Present/Factor","Clear","Rear End","Related","Other Vehicle","Not Applicable","Not Applicable","North Of",""
"681064","CR-0000090433","0","0","0","0","21-354-9706","False","True","","12/20/2021 9:10:00 AM","No Pedestrians Involved","Dry","No Unusual Conditions","Daylight","Unknown","Controls Functioning","Cloudy","Rear End","Related","Other Vehicle","Not Applicable","Not Applicable","West Of",""
"681065","CR-0000090434","0","0","0","0","21-358-9702","False","True","51","12/21/2021 6:30:00 PM","No Pedestrians Involved","Wet","No Unusual Conditions","Dark - Street Light","Unknown","No Controls Present/Factor","Rain","Sideswipe","Non-Related","Other Vehicle","Not Applicable","Not Applicable","Unknown",""
"681066","CR-0000090435","0","0","0","0","21-356-9712","False","True","","12/21/2021 6:20:00 PM","No Pedestrians Involved","Wet","No Unusual Conditions","Dark - Street Light","Unknown","Controls Functioning","Rain","Rear End","Related","Other Vehicle","Not Applicable","Not Applicable","North Of",""
"681067","CR-0000090436","0","0","0","0","21-356-0159","False","False","436","12/22/2021 7:10:00 AM","No Pedestrians Involved","Wet","No Unusual Conditions","Daylight","Unknown","No Controls Present/Factor","Cloudy","Sideswipe","Non-Related","Other Vehicle","Not Applicable","Not Applicable","West Of",""
"681068","CR-0000090438","0","0","0","0","21-352-0932","False","False","130","12/18/2021 1:22:00 AM","No Pedestrians Involved","Dry","No Unusual Conditions","Daylight","Violation Driver 1","No Controls Present/Factor","Clear","Rear End","Non-Related","Parked Vehicle","Not Applicable","Not Applicable","West Of",""
"681069","CR-0000090439","1","0","0","0","21-353-0002","False","False","66","12/19/2021 12:03:00 AM","In Road - Includes Shoulder","Dry","Unknown","Dark - No Street Light","Violation Driver 1","No Controls Present/Factor","Clear","Vehicle/Pedestrian","Non-Related","Pedestrian","Unknown","Unknown","East Of","PEDESTRIAN"
"681075","CR-0000090446","0","0","0","0","21-096-4001","False","True","","4/6/2021 3:00:00 PM","No Pedestrians Involved","Unknown","Unknown","Unknown","Unknown","Unknown","Unknown","Rear End","Related","Other Vehicle","Not Applicable","Not Applicable","Unknown",""
"681077","CR-0000090458","0","0","0","0","21-061-9703","False","True","51","3/21/2021 12:00:00 PM","No Pedestrians Involved","Dry","Other","Daylight","Unknown","Controls Functioning","Clear","Sideswipe","Non-Related","Other Vehicle","Not Applicable","Not Applicable","West Of",""
"681078","CR-0000090456","0","0","0","0","21-058-9703","False","True","","2/27/2021 5:00:00 AM","No Pedestrians Involved","Dry","No Unusual Conditions","Dark - Street Light","Unknown","Controls Functioning","Clear","Broadside","Related","Parked Vehicle","Not Applicable","Not Applicable","East Of",""
"681079","CR-0000090465","0","0","0","0","21-119-9705","False","True","0","4/29/2021 5:45:00 AM","No Pedestrians Involved","Dry","No Unusual Conditions","Dusk - Dawn","Unknown","Controls Functioning","Clear","Sideswipe","Intersection","Other Vehicle","Not Applicable","Not Applicable","At",""
"681080","CR-0000090498","1","0","0","0","21-335-0538","False","False","27","12/1/2021 3:05:00 PM","Crossing - Not In Crosswalk","Dry","No Unusual Conditions","Daylight","Violation Driver 1","No Controls Present/Factor","Clear","Vehicle/Pedestrian","Related","Pedestrian","East","West","South Of",""
"681081","CR-0000090506","0","0","0","0","21-346-0444","False","False","530","12/12/2021 1:32:00 PM","No Pedestrians Involved","Wet","Loose Material On Roadway","Daylight","Violation Driver 1","No Controls Present/Factor","Rain","Rear End","Driveway","Other Vehicle","Not Applicable","Not Applicable","South Of",""
"681082","CR-0000090502","1","0","0","0","21-345-0356","False","False","0","12/11/2021 11:03:00 AM","No Pedestrians Involved","Dry","No Unusual Conditions","Daylight","Violation Driver 1","Controls Functioning","Clear","Broadside","Intersection","Motorcycle","Not Applicable","Not Applicable","At",""
"681083","CR-0000090451","0","0","0","0","21-049-9705","False","False","","2/18/2021 12:55:00 PM","No Pedestrians Involved","Dry","No Unusual Conditions","Daylight","Unknown","Controls Functioning","Clear","Rear End","Related","Other Vehicle","Not Applicable","Not Applicable","Unknown",""
"681084","CR-0000090487","0","0","0","0","21-156-9704","False","True","","6/4/2021 11:48:00 PM","No Pedestrians Involved","Dry","No Unusual Conditions","Dark - Street Light","Unknown","No Controls Present/Factor","Clear","Sideswipe","Related","Parked Vehicle","Not Applicable","Not Applicable","South Of",""
"681085","CR-0000090496","0","0","0","0","21-334-1089","False","False","0","11/30/2021 11:16:00 PM","No Pedestrians Involved","Dry","No Unusual Conditions","Dark - Street Light","Unknown","Controls Functioning","Clear","Rear End","Intersection","Other Vehicle","Not Applicable","Not Applicable","At",""
"681086","CR-0000090453","0","0","0","0","21-055-9708","False","True","51","2/23/2021 11:18:00 AM","No Pedestrians Involved","Dry","No Unusual Conditions","Daylight","Unknown","No Controls Present/Factor","Clear","Rear End","Non-Related","Parked Vehicle","Not Applicable","Not Applicable","East Of",""
"681087","CR-0000090491","1","0","0","0","21-246-0523","False","False","150","9/3/2021 2:30:00 PM","Crossing - Not In Crosswalk","Dry","No Unusual Conditions","Daylight","Violation Driver 1","Controls Functioning","Clear","Vehicle/Pedestrian","Non-Related","Pedestrian","West","East","South Of",""
"681088","CR-0000090505","1","0","0","0","21-347-9713","False","False","0","12/11/2021 4:00:00 PM","No Pedestrians Involved","Dry","No Unusual Conditions","Daylight","Unknown","No Controls Present/Factor","Clear","Sideswipe","Intersection","Other Vehicle","Not Applicable","Not Applicable","At",""
"681089","CR-0000090485","0","0","0","0","21-154-0151","False","True","35","6/2/2021 5:35:00 AM","No Pedestrians Involved","Dry","No Unusual Conditions","Dusk - Dawn","Unknown","Controls Functioning","Clear","Hit Object","Related","Fixed Object","Not Applicable","Not Applicable","North Of","hit wood pole"
"681090","CR-0000090476","0","0","0","0","21-150-9701","False","True","0","5/26/2021 7:30:00 PM","No Pedestrians Involved","Dry","No Unusual Conditions","Dusk - Dawn","Unknown","Controls Functioning","Clear","Broadside","Intersection","Other Vehicle","Not Applicable","Not Applicable","At",""
"681091","CR-0000090493","0","0","0","0","21-073-4002","False","True","","3/11/2021 2:30:00 PM","No Pedestrians Involved","Unknown","Unknown","Daylight","Unknown","Unknown","Unknown","Rear End","Related","Other Vehicle","Not Applicable","Not Applicable","East Of",""
"681092","CR-0000090467","1","1","0","0","21-112-0700","False","False","0","5/2/2021 5:14:00 PM","No Pedestrians Involved","Dry","No Unusual Conditions","Daylight","Violation Driver 1","Controls Functioning","Clear","Broadside","Intersection","Other Vehicle","Not Applicable","Not Applicable","At",""
"681093","CR-0000090448","0","0","0","0","21-046-0326","False","True","0","2/13/2021 12:30:00 PM","No Pedestrians Involved","Dry","No Unusual Conditions","Daylight","Unknown","Controls Functioning","Cloudy","Sideswipe","Intersection","Other Vehicle","Not Applicable","Not Applicable","At",""
"681094","CR-0000090471","0","0","0","0","21-137-9709","False","True","","5/16/2021 7:00:00 PM","No Pedestrians Involved","Dry","No Unusual Conditions","Daylight","Unknown","Controls Functioning","Cloudy","Rear End","Related","Other Vehicle","Not Applicable","Not Applicable","Unknown",""
"681095","CR-0000090455","0","0","0","0","21-056-9707","False","True","","2/24/2021 10:00:00 PM","No Pedestrians Involved","Dry","No Unusual Conditions","Dark - Street Light","Unknown","Controls Functioning","Clear","Sideswipe","Related","Parked Vehicle","Not Applicable","Not Applicable","West Of",""
"681096","CR-0000090473","0","0","0","0","21-139-9709","False","True","","5/18/2021 6:10:00 PM","No Pedestrians Involved","Dry","No Unusual Conditions","Daylight","Unknown","Controls Functioning","Clear","Rear End","Related","Other Vehicle","Not Applicable","Not Applicable","South Of",""
"681097","CR-0000090510","0","0","0","0","21-346-0776","True","False","20","12/12/2021 9:18:00 PM","No Pedestrians Involved","Wet","No Unusual Conditions","Dark - Street Light","Violation Driver 1","No Controls Present/Factor","Rain","Hit Object","Related","Fixed Object","Not Applicable","Not Applicable","East Of","hit tree"
"681098","CR-0000090463","0","0","0","0","21-120-9704","False","True","0","4/27/2021 11:30:00 AM","No Pedestrians Involved","Dry","No Unusual Conditions","Daylight","Unknown","Unknown","Clear","Sideswipe","Intersection","Other Vehicle","Not Applicable","Not Applicable","At",""
"681099","CR-0000090475","1","0","0","0","21-140-0187","False","False","0","5/20/2021 8:15:00 AM","No Pedestrians Involved","Dry","No Unusual Conditions","Daylight","Violation Driver 1","Controls Functioning","Clear","Rear End","Intersection","Other Vehicle","Not Applicable","Not Applicable","At",""
"681100","CR-0000090468","1","1","0","0","21-123-0919","False","False","0","5/3/2021 10:18:00 PM","No Pedestrians Involved","Dry","No Unusual Conditions","Dark - Street Light","Violation Driver 1","Controls Functioning","Clear","Rear End","Intersection","Other Vehicle","Not Applicable","Not Applicable","At",""
"681101","CR-0000090501","0","0","0","0","21-080-4000","False","True","51","3/21/2021 10:00:00 AM","No Pedestrians Involved","Unknown","Unknown","Unknown","Unknown","Unknown","Unknown","Sideswipe","Non-Related","Parked Vehicle","Not Applicable","Not Applicable","East Of",""
"681102","CR-0000090499","0","0","0","0","21-078-4002","False","True","0","3/19/2021 8:35:00 PM","No Pedestrians Involved","Unknown","Unknown","Dusk - Dawn","Unknown","Unknown","Unknown","Rear End","Intersection","Other Vehicle","Not Applicable","Not Applicable","At",""
"681103","CR-0000090508","0","0","0","0","21-346-0673","False","False","566","12/12/2021 6:28:00 PM","No Pedestrians Involved","Wet","No Unusual Conditions","Dark - Street Light","Violation Driver 1","Controls Functioning","Rain","Hit Object","Non-Related","Fixed Object","Not Applicable","Not Applicable","East Of","hit utility pole"
"681104","CR-0000090486","0","0","0","0","21-154-0731","False","False","51","6/3/2021 1:50:00 PM","No Pedestrians Involved","Dry","No Unusual Conditions","Daylight","Violation Driver 1","No Controls Present/Factor","Clear","Sideswipe","Non-Related","Parked Vehicle","Not Applicable","Not Applicable","North Of",""
"681105","CR-0000090449","0","0","0","0","21-048-9706","False","True","0","2/16/2021 10:18:00 PM","No Pedestrians Involved","Dry","No Unusual Conditions","Dark - Street Light","Unknown","Unknown","Clear","Sideswipe","Intersection","Other Vehicle","Not Applicable","Not Applicable","At",""
"681106","CR-0000090466","0","1","0","0","21-121-1001","False","False","92","5/1/2021 8:53:00 PM","No Pedestrians Involved","Dry","No Unusual Conditions","Dark - Street Light","Violation Driver 1","No Controls Present/Factor","Clear","Rear End","Non-Related","Other Vehicle","Not Applicable","Not Applicable","North Of",""
"681107","CR-0000090450","0","0","0","0","21-048-0483","False","False","0","2/17/2021 1:54:00 PM","No Pedestrians Involved","Wet","No Unusual Conditions","Daylight","Violation Driver 1","Controls Functioning","Clear","Rear End","Intersection","Other Vehicle","Not Applicable","Not Applicable","At",""
"681108","CR-0000090490","1","0","0","0","21-135-0726","False","False","42","12/23/2021 7:45:00 PM","No Pedestrians Involved","Dry","No Unusual Conditions","Dark - Street Light","Violation Driver 1","Controls Functioning","Cloudy","Rear End","Related","Other Vehicle","Not Applicable","Not Applicable","West Of",""
"681109","CR-0000090478","0","0","0","0","21-147-9705","False","True","0","5/26/2021 7:55:00 PM","No Pedestrians Involved","Dry","No Unusual Conditions","Dusk - Dawn","Unknown","Controls Functioning","Clear","Broadside","Intersection","Other Vehicle","Not Applicable","Not Applicable","At",""
"681110","CR-0000090470","0","0","0","0","21-133-9715","False","True","","5/13/2021 4:39:00 PM","No Pedestrians Involved","Dry","No Unusual Conditions","Daylight","Unknown","No Controls Present/Factor","Clear","Sideswipe","Related","Parked Vehicle","Not Applicable","Not Applicable","South Of",""
"681111","CR-0000090464","1","0","0","0","21-119-0854","False","False","41","4/29/2021 7:45:00 PM","No Pedestrians Involved","Dry","No Unusual Conditions","Daylight","Violation Driver 1","No Controls Present/Factor","Clear","Sideswipe","Related","Parked Vehicle","Not Applicable","Not Applicable","West Of",""
"681112","CR-0000090462","0","0","0","0","21-125-9702","False","True","51","4/23/2021 12:25:00 PM","No Pedestrians Involved","Dry","Reduced Roadway Width","Daylight","Unknown","No Controls Present/Factor","Clear","Head On","Non-Related","Parked Vehicle","Not Applicable","Not Applicable","South Of",""
"681113","CR-0000090507","2","0","0","0","21-346-0669","False","False","75","12/12/2021 6:22:00 PM","No Pedestrians Involved","Wet","No Unusual Conditions","Dark - Street Light","Violation Driver 1","Controls Functioning","Rain","Rear End","Non-Related","Other Vehicle","Not Applicable","Not Applicable","South Of",""
"681114","CR-0000090509","0","0","0","0","21-346-0768","False","False","","12/12/2021 9:09:00 PM","No Pedestrians Involved","Wet","No Unusual Conditions","Dark - Street Light","Violation Driver 1","No Controls Present/Factor","Rain","Rear End","Related","Parked Vehicle","Not Applicable","Not Applicable","South Of",""
"681115","CR-0000090469","0","0","0","0","21-125-0480","False","False","0","5/5/2021 1:30:00 PM","No Pedestrians Involved","Dry","No Unusual Conditions","Daylight","Unknown","Unknown","Clear","Broadside","Intersection","Other Vehicle","Not Applicable","Not Applicable","At",""
"681116","CR-0000090480","0","0","0","0","21-152-9713","False","True","0","5/29/2021 1:00:00 PM","No Pedestrians Involved","Unknown","Unknown","Unknown","Unknown","No Controls Present/Factor","Clear","Sideswipe","Intersection","Parked Vehicle","Not Applicable","Not Applicable","At",""
"681117","CR-0000090500","0","0","0","0","21-348-9709","False","False","570","12/7/2021 9:02:00 PM","No Pedestrians Involved","Dry","No Unusual Conditions","Dark - Street Light","Unknown","No Controls Present/Factor","Clear","Sideswipe","Non-Related","Parked Vehicle","Not Applicable","Not Applicable","East Of",""
"681118","CR-0000090484","0","0","0","0","21-154-0146","True","False","100","6/3/2021 5:28:00 AM","No Pedestrians Involved","Dry","No Unusual Conditions","Dark - Street Light","Violation Driver 1","No Controls Present/Factor","Clear","Hit Object","Non-Related","Fixed Object","Not Applicable","Not Applicable","East Of","hit light pole"
"681119","CR-0000090479","0","0","0","0","21-149-9701","False","False","","5/28/2021 10:28:00 PM","No Pedestrians Involved","Dry","Unknown","Dark - Street Light","Unknown","Controls Functioning","Clear","Rear End","Related","Other Vehicle","Not Applicable","Not Applicable","East Of",""
"681120","CR-0000090459","0","0","0","0","21-063-0454","False","False","40","3/4/2021 1:22:00 PM","No Pedestrians Involved","Slippery (Muddy Oily etc.)","Loose Material On Roadway","Daylight","Violation Driver 1","Controls Functioning","Clear","Hit Object","Related","Fixed Object","Not Applicable","Not Applicable","East Of","hit curb"
"681121","CR-0000090504","0","0","0","0","21-348-9711","False","True","","12/11/2021 1:00:00 PM","No Pedestrians Involved","Dry","No Unusual Conditions","Daylight","Unknown","Controls Functioning","Clear","Broadside","Related","Other Vehicle","Not Applicable","Not Applicable","West Of",""
"681122","CR-0000090481","0","0","0","0","21-152-9709","False","True","51","5/31/2021 10:41:00 PM","No Pedestrians Involved","Dry","No Unusual Conditions","Dark - Street Light","Unknown","No Controls Present/Factor","Clear","Sideswipe","Non-Related","Parked Vehicle","Not Applicable","Not Applicable","West Of",""
"681123","CR-0000090483","0","0","0","0","21-155-9702","False","True","","6/2/2021 5:50:00 PM","No Pedestrians Involved","Dry","No Unusual Conditions","Daylight","Unknown","Controls Functioning","Clear","Rear End","Related","Other Vehicle","Not Applicable","Not Applicable","North Of",""
"681124","CR-0000090461","0","0","0","0","21-125-9707","False","True","0","4/5/2021 1:00:00 PM","No Pedestrians Involved","Dry","No Unusual Conditions","Dark - Street Light","Unknown","No Controls Present/Factor","Clear","Sideswipe","Intersection","Parked Vehicle","Not Applicable","Not Applicable","At",""
"681125","CR-0000090495","0","0","0","0","21-357-9713","False","True","","11/29/2021 11:44:00 AM","No Pedestrians Involved","Dry","No Unusual Conditions","Daylight","Unknown","No Controls Present/Factor","Clear","Hit Object","Related","Fixed Object","Not Applicable","Not Applicable","North Of","v1 hit fence"
"681126","CR-0000090477","0","0","0","0","21-147-9703","False","True","51","5/26/2021 7:30:00 PM","No Pedestrians Involved","Dry","No Unusual Conditions","Daylight","Unknown","Controls Functioning","Clear","Sideswipe","Non-Related","Other Vehicle","Not Applicable","Not Applicable","North Of",""
"681127","CR-0000090492","0","0","0","0","21-001-0948","False","False","50","1/1/2021 10:25:00 PM","No Pedestrians Involved","Dry","No Unusual Conditions","Dark - Street Light","Unknown","No Controls Present/Factor","Clear","Sideswipe","Related","Parked Vehicle","Not Applicable","Not Applicable","North Of",""
"681128","CR-0000090457","0","0","0","0","21-064-9721","False","True","51","2/28/2021 10:00:00 AM","No Pedestrians Involved","Dry","No Unusual Conditions","Daylight","Unknown","Controls Functioning","Clear","Sideswipe","Non-Related","Other Vehicle","Not Applicable","Not Applicable","East Of",""