"CrashFactId","Name","MinorInjuries","ModerateInjuries","SevereInjuries","FatalInjuries","TcrNumber","CityDamageFlag","ShortFormFlag","Distance","CrashDateTime","PedestrianAction","RoadwaySurface","RoadwayCondition","Lighting","PrimaryCollisionFactor","TrafficControl","Weather","CollisionType","ProximityToIntersection","VehicleInvolvedWith","PedestrianDirectionFrom","PedestrianDirectionTo","DirectionFromIntersection","Comment"
"681129","CR-0000090454","0","0","0","0","21-056-9701","False","True","0","2/24/2021 1:47:00 PM","No Pedestrians Involved","Dry","No Unusual Conditions","Daylight","Unknown","No Controls Present/Factor","Clear","Sideswipe","Intersection","Other Vehicle","Unknown","Unknown","At",""
"681130","CR-0000090497","0","0","0","0","21-074-4001","False","True","","3/12/2021 11:28:00 PM","No Pedestrians Involved","Unknown","Unknown","Unknown","Unknown","Unknown","Unknown","Sideswipe","Related","Parked Vehicle","Not Applicable","Not Applicable","East Of",""
"681131","CR-0000090494","2","0","0","0","20-211-1218","False","False","400","11/29/2021 5:30:00 PM","No Pedestrians Involved","Dry","No Unusual Conditions","Dark - Street Light","Violation Driver 1","No Controls Present/Factor","Clear","Rear End","Non-Related","Other Vehicle","Not Applicable","Not Applicable","North Of",""
"681132","CR-0000090472","0","0","0","0","21-137-9707","False","True","0","5/17/2021 9:50:00 AM","No Pedestrians Involved","Dry","No Unusual Conditions","Daylight","Unknown","Controls Functioning","Clear","Sideswipe","Intersection","Other Vehicle","Not Applicable","Not Applicable","At",""
"681133","CR-0000090452","0","0","0","0","21-055-9705","False","True","51","2/23/2021 7:50:00 PM","No Pedestrians Involved","Dry","No Unusual Conditions","Dark - Street Light","Unknown","No Controls Present/Factor","Unknown","Sideswipe","Non-Related","Other Vehicle","Not Applicable","Not Applicable","East Of",""
"681134","CR-0000090503","0","0","0","0","21-084-4000","False","True","","3/24/2021 4:30:00 PM","No Pedestrians Involved","Unknown","Unknown","Unknown","Unknown","Unknown","Unknown","Sideswipe","Related","Other Vehicle","Not Applicable","Not Applicable","Unknown",""
"681135","CR-0000090474","0","0","0","0","21-140-9702","False","True","0","5/19/2021 7:51:00 AM","No Pedestrians Involved","Dry","No Unusual Conditions","Daylight","Unknown","Controls Functioning","Clear","Broadside","Intersection","Other Vehicle","Not Applicable","Not Applicable","At",""
"681136","CR-0000090517","0","0","0","0","21-095-4000","False","True","0","4/4/2021 1:40:00 PM","No Pedestrians Involved","Unknown","Unknown","Daylight","Unknown","Unknown","Unknown","Rear End","Intersection","Other Vehicle","Not Applicable","Not Applicable","At",""
"681137","CR-0000090514","0","0","0","0","21-091-4002","False","True","0","3/31/2021 6:00:00 PM","No Pedestrians Involved","Unknown","Unknown","Unknown","Unknown","Unknown","Unknown","Sideswipe","Intersection","Parked Vehicle","Not Applicable","Not Applicable","At",""
"681138","CR-0000090519","0","0","0","0","21-096-4000","False","True","0","4/6/2021 10:40:00 AM","No Pedestrians Involved","Unknown","Unknown","Unknown","Unknown","Unknown","Unknown","Other","Intersection","Other Vehicle","Not Applicable","Not Applicable","At",""
"681139","CR-0000090513","0","0","0","0","21-091-4000","False","True","","3/29/2021 3:00:00 PM","No Pedestrians Involved","Unknown","No Unusual Conditions","Daylight","Unknown","Unknown","Unknown","Other","Related","Fixed Object","Not Applicable","Not Applicable","South Of","Curb"
"681140","CR-0000090516","0","0","0","0","21-093-4001","False","True","","3/31/2021 4:30:00 AM","No Pedestrians Involved","Unknown","Unknown","Unknown","Unknown","Unknown","Unknown","Sideswipe","Related","Parked Vehicle","Not Applicable","Not Applicable","Unknown",""
"681141","CR-0000090512","0","0","0","0","21-085-4001","False","True","","3/25/2021 8:09:00 PM","No Pedestrians Involved","Unknown","Unknown","Dusk - Dawn","Unknown","Unknown","Unknown","Other","Related","Other Vehicle","Not Applicable","Not Applicable","West Of",""
"681142","CR-0000090515","0","0","0","0","21-093-4000","False","True","","4/1/2021 2:00:00 PM","No Pedestrians Involved","Unknown","Unknown","Daylight","Unknown","Unknown","Unknown","Rear End","Related","Other Vehicle","Not Applicable","Not Applicable","South Of",""
"681143","CR-0000090523","0","0","0","0","21-069-4001","False","True","51","3/7/2021 12:10:00 AM","No Pedestrians Involved","Unknown","Unknown","Unknown","Unknown","Unknown","Unknown","Rear End","Non-Related","Parked Vehicle","Not Applicable","Not Applicable","North Of",""
"681144","CR-0000090522","0","0","0","0","21-067-4004","False","True","","3/8/2021 4:40:00 PM","No Pedestrians Involved","Unknown","Unknown","Unknown","Unknown","Unknown","Unknown","Vehicle/Bike","Related","Bike","Not Applicable","Not Applicable","East Of","bike"
"681145","CR-0000090520","0","0","0","0","21-098-4000","False","True","","3/21/2021 1:05:00 PM","No Pedestrians Involved","Unknown","Unknown","Daylight","Unknown","Unknown","Unknown","Other","Related","Parked Vehicle","Not Applicable","Not Applicable","West Of",""
"681146","CR-0000090518","0","0","0","0","21-095-4002","False","True","51","4/4/2021 12:45:00 PM","No Pedestrians Involved","Unknown","Unknown","Unknown","Unknown","Unknown","Unknown","Sideswipe","Non-Related","Motorcycle","Not Applicable","Not Applicable","North Of","MC"
"681147","CR-0000090521","0","0","0","0","21-097-4000","False","True","51","3/31/2021 1:55:00 PM","No Pedestrians Involved","Unknown","Unknown","Unknown","Unknown","Unknown","Unknown","Other","Non-Related","Parked Vehicle","Not Applicable","Not Applicable","South Of",""
"681148","CR-0000090524","0","0","0","0","21-070-4000","False","True","","2/21/2021 9:40:00 AM","No Pedestrians Involved","Unknown","Unknown","Unknown","Unknown","Unknown","Unknown","Rear End","Related","Other Vehicle","Not Applicable","Not Applicable","West Of",""
"681149","CR-0000090528","0","0","0","0","21-114-4002","False","True","51","4/16/2021 1:00:00 PM","No Pedestrians Involved","Unknown","Unknown","Unknown","Unknown","Unknown","Unknown","Other","Non-Related","Parked Vehicle","Not Applicable","Not Applicable","South Of",""
"681150","CR-0000090527","0","0","0","0","21-115-4000","False","True","51","4/25/2021 12:50:00 AM","No Pedestrians Involved","Unknown","Unknown","Unknown","Unknown","Unknown","Unknown","Rear End","Non-Related","Other Vehicle","Not Applicable","Not Applicable","South Of",""
"681151","CR-0000090529","0","0","0","0","21-564-4001","False","True","51","2/24/2021 5:00:00 PM","No Pedestrians Involved","Unknown","Unknown","Unknown","Unknown","Unknown","Unknown","Rear End","Non-Related","Other Vehicle","Not Applicable","Not Applicable","North Of",""
"681152","CR-0000090525","0","0","0","0","22-012-4001","False","True","51","12/30/2021 3:16:00 PM","No Pedestrians Involved","Unknown","Unknown","Unknown","Unknown","Unknown","Unknown","Other","Non-Related","Other Vehicle","Not Applicable","Not Applicable","East Of",""
"681153","CR-0000090526","0","0","0","0","21-115-4001","False","True","0","4/25/2021 11:30:00 AM","No Pedestrians Involved","Unknown","Unknown","Daylight","Unknown","Unknown","Unknown","Sideswipe","Intersection","Other Vehicle","Not Applicable","Not Applicable","At",""
"681154","CR-0000090539","0","0","0","1","21-061-0677","False","False","","3/2/2022 4:45:00 PM","In Road - Includes Shoulder","Dry","No Unusual Conditions","Daylight","Unknown","No Controls Present/Factor","Clear","Vehicle/Pedestrian","Related","Pedestrian","No Direction (Not Walking)","No Direction (Not Walking)","North Of","PED"
"681155","CR-0000090559","2","0","0","0","22-022-0719","False","False","0","1/22/2022 8:02:00 PM","No Pedestrians Involved","Dry","No Unusual Conditions","Dark - Street Light","Violation Driver 1","Controls Functioning","Clear","Head On","Intersection","Motor Vehicle On Other Roadway","Not Applicable","Not Applicable","At",""
"681156","CR-0000090541","1","0","0","0","22-015-0277","False","False","0","1/15/2022 11:09:00 AM","No Pedestrians Involved","Dry","No Unusual Conditions","Daylight","Violation Driver 1","Controls Functioning","Clear","Rear End","Intersection","Other Vehicle","Not Applicable","Not Applicable","At",""
"681157","CR-0000090557","0","0","0","0","22-022-0581","False","False","0","1/22/2022 5:00:00 PM","No Pedestrians Involved","Dry","No Unusual Conditions","Daylight","Violation Driver 1","Controls Functioning","Clear","Sideswipe","Intersection","Other Vehicle","Not Applicable","Not Applicable","At",""
"681158","CR-0000090550","0","0","0","0","22-021-0645","False","False","0","1/21/2022 4:46:00 PM","Crossing In Crosswalk - At Intersection","Dry","No Unusual Conditions","Daylight","Violation Driver 1","Controls Functioning","Clear","Vehicle/Pedestrian","Intersection","Pedestrian","West","East","At","PEDESTRIAN"
"681159","CR-0000090554","1","0","0","0","22-022-0083","False","False","214","1/22/2022 2:07:00 AM","No Pedestrians Involved","Dry","No Unusual Conditions","Dark - Street Light","Violation Driver 2","Controls Functioning","Clear","Broadside","Non-Related","Other Vehicle","Not Applicable","Not Applicable","North Of",""
"681160","CR-0000090547","0","0","0","0","22-016-0614","False","False","250","1/16/2022 6:12:00 PM","No Pedestrians Involved","Dry","No Unusual Conditions","Dark - Street Light","Violation Driver 1","Controls Functioning","Clear","Hit Object","Non-Related","Fixed Object","Not Applicable","Not Applicable","West Of",""
"681161","CR-0000090543","0","0","0","0","22-015-0704","False","False","0","1/15/2022 8:26:00 PM","No Pedestrians Involved","Dry","No Unusual Conditions","Dark - Street Light","Violation Driver 1","Controls Functioning","Clear","Head On","Intersection","Other Vehicle","Not Applicable","Not Applicable","At",""
"681162","CR-0000090546","0","0","1","0","22-016-0292","False","False","0","1/16/2022 10:48:00 AM","No Pedestrians Involved","Dry","No Unusual Conditions","Daylight","Violation Driver 1","Controls Functioning","Clear","Vehicle/Bike","Intersection","Bike","Not Applicable","Not Applicable","At",""
"681163","CR-0000090553","1","0","0","0","22-022-0082","False","False","27","1/22/2022 2:01:00 AM","No Pedestrians Involved","Dry","No Unusual Conditions","Dark - Street Light","Violation Driver 1","Controls Functioning","Clear","Broadside","Related","Other Vehicle","Not Applicable","Not Applicable","East Of",""
"681164","CR-0000090540","0","0","0","0","22-124-0938","False","False","57","5/4/2022 11:45:00 PM","No Pedestrians Involved","Dry","No Unusual Conditions","Dark - Street Light","Violation Driver 1","No Controls Present/Factor","Clear","Sideswipe","Non-Related","Parked Vehicle","Not Applicable","Not Applicable","North Of",""
"681165","CR-0000090556","0","0","0","0","22-022-0574","False","False","0","1/22/2022 5:21:00 PM","No Pedestrians Involved","Dry","No Unusual Conditions","Daylight","Violation Driver 1","Controls Functioning","Clear","Rear End","Intersection","Other Vehicle","Not Applicable","Not Applicable","At",""
"681166","CR-0000090552","0","0","0","0","22-021-1058","True","False","20","1/21/2022 11:49:00 PM","No Pedestrians Involved","Dry","No Unusual Conditions","Dark - Street Light","Violation Driver 1","No Controls Present/Factor","Wind","Hit Object","Related","Fixed Object","Not Applicable","Not Applicable","North Of","CURB & TREE"
"681167","CR-0000090548","0","0","0","0","22-021-0032","False","False","0","1/21/2022 12:41:00 AM","No Pedestrians Involved","Dry","No Unusual Conditions","Dark - No Street Light","Violation Driver 1","Controls Functioning","Clear","Rear End","Intersection","Parked Vehicle","Not Applicable","Not Applicable","At",""
"681168","CR-0000090555","0","0","0","0","22-022-0460","False","False","0","1/22/2022 2:00:00 PM","No Pedestrians Involved","Dry","No Unusual Conditions","Daylight","Violation Driver 1","Controls Functioning","Clear","Rear End","Intersection","Other Vehicle","Not Applicable","Not Applicable","At",""
"681169","CR-0000090542","2","0","0","0","22-015-0290","False","False","0","1/15/2022 11:26:00 AM","No Pedestrians Involved","Dry","No Unusual Conditions","Daylight","Violation Driver 1","Controls Functioning","Clear","Broadside","Intersection","Other Vehicle","Not Applicable","Not Applicable","At",""
"681170","CR-0000090545","0","0","0","0","22-016-0004","False","False","0","1/16/2022 12:04:00 AM","No Pedestrians Involved","Dry","No Unusual Conditions","Dark - Street Light","Violation Driver 1","No Controls Present/Factor","Clear","Rear End","Intersection","Parked Vehicle","Not Applicable","Not Applicable","At",""
"681171","CR-0000090551","2","0","0","0","22-021-0945","False","False","0","1/21/2022 9:11:00 PM","No Pedestrians Involved","Dry","No Unusual Conditions","Dark - Street Light","Violation Driver 1","Controls Functioning","Clear","Sideswipe","Intersection","Other Vehicle","Not Applicable","Not Applicable","At",""
"681172","CR-0000090558","1","0","0","0","22-022-0675","True","False","147","1/22/2022 7:11:00 PM","No Pedestrians Involved","Dry","No Unusual Conditions","Dark - Street Light","Violation Driver 1","No Controls Present/Factor","Clear","Head On","Non-Related","Fixed Object","Not Applicable","Not Applicable","West Of","LIGHT POLE"
"681173","CR-0000090560","0","0","0","0","22-022-0933","False","False","0","1/22/2022 11:50:00 PM","In Road - Includes Shoulder","Dry","No Unusual Conditions","Dark - Street Light","Violation Driver 1","Controls Functioning","Clear","Vehicle/Pedestrian","Related","Pedestrian","Unknown","Unknown","At","PEDESTRIAN"
"681174","CR-0000090549","0","0","0","0","22-021-0549","False","False","26","1/21/2022 3:22:00 PM","No Pedestrians Involved","Dry","No Unusual Conditions","Daylight","Violation Driver 1","Controls Functioning","Clear","Sideswipe","Related","Other Vehicle","Not Applicable","Not Applicable","South Of",""
"681175","CR-0000090544","1","0","0","0","22-015-0743","False","False","0","1/15/2022 9:12:00 PM","No Pedestrians Involved","Dry","No Unusual Conditions","Dark - Street Light","Violation Driver 1","Controls Functioning","Clear","Broadside","Intersection","Other Vehicle","Not Applicable","Not Applicable","At",""
"681176","CR-0000090564","0","0","0","0","22-001-0071","False","False","95","1/1/2022 1:00:00 AM","No Pedestrians Involved","Dry","Unknown","Dark - Street Light","Violation Driver 1","No Controls Present/Factor","Clear","Head On","Non-Related","Parked Vehicle","Not Applicable","Not Applicable","East Of",""
"681177","CR-0000090570","1","0","0","0","22-001-0784","False","False","98","1/1/2022 7:43:00 PM","No Pedestrians Involved","Dry","Holes Deep Rut","Dusk - Dawn","Violation Driver 1","Controls Functioning","Clear","Vehicle/Bike","Non-Related","Scooter Motorized","Not Applicable","Not Applicable","South Of","BIKE (E-SCOOTER)"
"681178","CR-0000090574","0","0","0","0","22-002-0373","False","False","535","1/2/2022 1:27:00 PM","No Pedestrians Involved","Dry","No Unusual Conditions","Daylight","Violation Driver 1","Controls Functioning","Clear","Hit Object","Non-Related","Fixed Object","Not Applicable","Not Applicable","West Of",""
"681179","CR-0000090568","0","0","0","0","22-001-0535","False","False","270","1/1/2022 1:00:00 PM","No Pedestrians Involved","Dry","No Unusual Conditions","Daylight","Violation Driver 1","No Controls Present/Factor","Clear","Other","Non-Related","Animal","Not Applicable","Not Applicable","North Of",""
"681180","CR-0000090579","0","0","0","0","22-002-0628","False","False","0","1/2/2022 6:15:00 PM","No Pedestrians Involved","Dry","No Unusual Conditions","Dark - Street Light","Violation Driver 1","No Controls Present/Factor","Clear","Rear End","Intersection","Other Vehicle","Not Applicable","Not Applicable","At",""
"681181","CR-0000090569","0","0","0","0","22-001-0720","True","False","1330","1/1/2022 6:33:00 PM","No Pedestrians Involved","Dry","No Unusual Conditions","Dark - No Street Light","Violation Driver 1","Controls Functioning","Clear","Hit Object","Non-Related","Fixed Object","Not Applicable","Not Applicable","South Of","TELEPHONE POLE"
"681182","CR-0000090567","0","0","0","0","22-001-0262","True","False","240","1/1/2022 6:15:00 AM","No Pedestrians Involved","Dry","No Unusual Conditions","Dusk - Dawn","Violation Driver 1","No Controls Present/Factor","Clear","Hit Object","Non-Related","Fixed Object","Not Applicable","Not Applicable","South Of","TREE"
"681183","CR-0000090563","0","0","0","0","22-001-0055","False","False","20","1/1/2022 12:47:00 AM","No Pedestrians Involved","Dry","No Unusual Conditions","Dark - Street Light","Violation Driver 1","No Controls Present/Factor","Clear","Sideswipe","Related","Parked Vehicle","Not Applicable","Not Applicable","West Of",""
"681184","CR-0000090577","1","0","0","0","22-002-0593","False","False","63","1/2/2022 5:51:00 PM","No Pedestrians Involved","Dry","No Unusual Conditions","Dark - Street Light","Violation Driver 1","No Controls Present/Factor","Clear","Rear End","Non-Related","Other Vehicle","Not Applicable","Not Applicable","West Of",""
"681185","CR-0000090573","0","0","0","0","22-002-0120","False","False","141","1/2/2022 1:30:00 AM","No Pedestrians Involved","Dry","No Unusual Conditions","Dark - No Street Light","Violation Driver 1","No Controls Present/Factor","Clear","Rear End","Non-Related","Parked Vehicle","Not Applicable","Not Applicable","South Of",""
"681186","CR-0000090576","1","0","0","0","22-002-0548","False","False","0","1/2/2022 5:00:00 PM","No Pedestrians Involved","Dry","No Unusual Conditions","Daylight","Violation Driver 1","No Controls Present/Factor","Clear","Broadside","Intersection","Other Vehicle","Not Applicable","Not Applicable","At",""
"681187","CR-0000090575","0","1","0","0","22-002-0482","False","False","71","1/2/2022 3:49:00 PM","No Pedestrians Involved","Dry","No Unusual Conditions","Daylight","Violation Driver 1","Controls Functioning","Clear","Broadside","Non-Related","Other Vehicle","Not Applicable","Not Applicable","East Of",""
"681188","CR-0000090578","0","1","0","0","22-002-0612","False","False","51","1/2/2022 6:00:00 PM","No Pedestrians Involved","Dry","No Unusual Conditions","Dark - Street Light","Violation Driver 1","No Controls Present/Factor","Clear","Head On","Non-Related","Parked Vehicle","Not Applicable","Not Applicable","West Of",""
"681189","CR-0000090571","1","0","0","0","22-001-0812","False","False","88","1/1/2022 8:17:00 PM","No Pedestrians Involved","Dry","No Unusual Conditions","Dark - Street Light","Violation Driver 1","Controls Functioning","Clear","Rear End","Non-Related","Other Vehicle","Not Applicable","Not Applicable","North Of",""
"681190","CR-0000090572","0","0","1","0","21-365-0847","True","False","0","1/1/2022 12:47:00 AM","No Pedestrians Involved","Dry","No Unusual Conditions","Dark - Street Light","Violation Driver 1","Controls Functioning","Clear","Broadside","Intersection","Other Vehicle","Not Applicable","Not Applicable","At","LIGHT POLE"
"681191","CR-0000090580","3","0","0","0","22-002-0671","False","False","89","1/2/2022 7:10:00 PM","No Pedestrians Involved","Dry","No Unusual Conditions","Dark - Street Light","Violation Driver 1","Controls Functioning","Clear","Rear End","Non-Related","Other Vehicle","Not Applicable","Not Applicable","North Of",""
"681192","CR-0000090561","1","0","0","0","22-023-0001","False","False","60","1/23/2022 12:01:00 AM","No Pedestrians Involved","Dry","No Unusual Conditions","Dark - Street Light","Violation Driver 1","Controls Functioning","Clear","Head On","Non-Related","Other Vehicle","Not Applicable","Not Applicable","East Of",""
"681193","CR-0000090566","0","0","0","0","22-001-0261","False","False","0","1/1/2022 6:07:00 AM","No Pedestrians Involved","Unknown","No Unusual Conditions","Dusk - Dawn","Violation Driver 1","Unknown","Clear","Broadside","Intersection","Other Vehicle","Not Applicable","Not Applicable","At",""
"681194","CR-0000090562","0","1","0","0","22-023-0081","True","False","280","1/23/2022 1:19:00 AM","No Pedestrians Involved","Dry","No Unusual Conditions","Dark - Street Light","Violation Driver 1","No Controls Present/Factor","Clear","Sideswipe","Non-Related","Fixed Object","Not Applicable","Not Applicable","South Of","CURB"
"681195","CR-0000090565","0","0","0","0","22-001-0260","False","False","190","1/1/2022 6:03:00 AM","No Pedestrians Involved","Dry","No Unusual Conditions","Dusk - Dawn","Violation Driver 1","No Controls Present/Factor","Clear","Rear End","Non-Related","Other Vehicle","Not Applicable","Not Applicable","West Of",""
"681196","CR-0000090581","0","0","1","0","22-002-0762","False","False","0","1/2/2022 8:57:00 PM","Crossing - Not In Crosswalk","Dry","No Unusual Conditions","Dark - Street Light","Pedestrian At Fault","Controls Functioning","Clear","Vehicle/Pedestrian","Intersection","Pedestrian","South","North","At","PEDESTRIAN"
"681197","CR-0000090582","0","0","0","0","22-002-0768","False","False","51","1/2/2022 9:02:00 PM","No Pedestrians Involved","Dry","No Unusual Conditions","Dark - Street Light","Violation Driver 1","No Controls Present/Factor","Clear","Sideswipe","Non-Related","Other Vehicle","Not Applicable","Not Applicable","East Of",""
"681198","CR-0000090583","0","0","0","0","22-002-0776","True","False","0","1/2/2022 9:14:00 PM","No Pedestrians Involved","Dry","No Unusual Conditions","Unknown","Violation Driver 1","No Controls Present/Factor","Clear","Hit Object","Intersection","Fixed Object","Not Applicable","Not Applicable","At","STREET SIGN"
"681199","CR-0000090584","0","0","0","0","22-002-0784","False","False","41","1/2/2022 9:27:00 PM","No Pedestrians Involved","Dry","No Unusual Conditions","Dark - Street Light","Violation Driver 1","No Controls Present/Factor","Clear","Hit Object","Related","Fixed Object","Not Applicable","Not Applicable","West Of",""
"681200","CR-0000090585","0","0","0","0","22-002-0885","True","False","","1/2/2022 11:31:00 PM","No Pedestrians Involved","Dry","No Unusual Conditions","Dark - Street Light","Violation Driver 1","Controls Functioning","Clear","Hit Object","Related","Fixed Object","Not Applicable","Not Applicable","Unknown","MEDIAN / TRAFFIC LIGHT"
"681201","CR-0000090586","0","0","0","0","22-010-9705","False","True","0","1/2/2022 10:38:00 AM","No Pedestrians Involved","Dry","No Unusual Conditions","Daylight","Violation Driver 1","Controls Functioning","Clear","Sideswipe","Related","Other Vehicle","Not Applicable","Not Applicable","At",""
"681202","CR-0000090587","0","0","0","0","22-003-0089","True","False","250","1/3/2022 2:58:00 AM","No Pedestrians Involved","Dry","No Unusual Conditions","Dark - Street Light","Violation Driver 1","Controls Functioning","Clear","Hit Object","Non-Related","Fixed Object","Not Applicable","Not Applicable","West Of","LIGHT POLE AND TREE"
"681203","CR-0000090588","0","0","0","0","22-003-0106","False","False","0","1/3/2022 3:50:00 AM","No Pedestrians Involved","Dry","No Unusual Conditions","Dark - Street Light","Violation Driver 1","Controls Functioning","Clear","Head On","Intersection","Parked Vehicle","Not Applicable","Not Applicable","At",""
"681204","CR-0000090589","0","0","0","0","22-003-0256","False","False","25","1/3/2022 5:30:00 AM","No Pedestrians Involved","Dry","No Unusual Conditions","Daylight","Violation Driver 1","No Controls Present/Factor","Clear","Rear End","Related","Parked Vehicle","Not Applicable","Not Applicable","North Of",""
"681205","CR-0000090590","1","0","0","0","22-003-0405","False","False","51","1/3/2022 11:30:00 AM","Not In Road","Dry","No Unusual Conditions","Daylight","Violation Driver 1","Controls Functioning","Clear","Vehicle/Pedestrian","Non-Related","Pedestrian","West","East","East Of","PEDESTRIAN (Sheriffs Pursuit Collision)
(VTA Bus Stop)"
"681206","CR-0000090591","0","0","0","0","22-003-0471","False","False","236","1/3/2022 11:45:00 AM","No Pedestrians Involved","Dry","No Unusual Conditions","Daylight","Violation Driver 1","Controls Functioning","Clear","Rear End","Non-Related","Other Vehicle","Not Applicable","Not Applicable","West Of",""
"681207","CR-0000090592","0","0","0","0","22-003-0553","False","False","30","1/3/2022 2:10:00 PM","No Pedestrians Involved","Dry","No Unusual Conditions","Daylight","Violation Driver 1","No Controls Present/Factor","Clear","Hit Object","Related","Fixed Object","Not Applicable","Not Applicable","West Of","FENCE"
"681208","CR-0000090593","2","0","0","0","22-003-0575","False","False","0","1/3/2022 2:33:00 PM","No Pedestrians Involved","Dry","No Unusual Conditions","Daylight","Violation Driver 1","Controls Functioning","Cloudy","Head On","Intersection","Other Vehicle","Not Applicable","Not Applicable","At",""
"681209","CR-0000090594","0","1","0","0","22-004-0761","False","False","0","1/3/2022 11:00:00 PM","Crossing In Crosswalk - At Intersection","Wet","No Unusual Conditions","Dark - Street Light","Violation Driver 1","No Controls Present/Factor","Clear","Vehicle/Pedestrian","Intersection","Pedestrian","South","North","At","PEDESTRIAN (SKATEBOARD)"
"681210","CR-0000090595","0","0","1","0","22-003-0778","False","False","0","1/3/2022 6:43:00 PM","Crossing In Crosswalk - At Intersection","Dry","Unknown","Dark - No Street Light","Violation Driver 1","No Controls Present/Factor","Clear","Vehicle/Pedestrian","Intersection","Pedestrian","North","South","At","PEDESTRIAN"
"681211","CR-0000090596","1","0","0","0","22-003-0791","False","False","0","1/3/2022 6:55:00 PM","No Pedestrians Involved","Dry","Unknown","Daylight","Violation Driver 1","Controls Functioning","Cloudy","Broadside","Intersection","Other Vehicle","Not Applicable","Not Applicable","At",""
"681212","CR-0000090597","0","0","0","0","22-012-9703","False","True","0","1/3/2022 10:34:00 AM","No Pedestrians Involved","Dry","No Unusual Conditions","Daylight","Violation Driver 1","Controls Functioning","Cloudy","Head On","Intersection","Other Vehicle","Not Applicable","North","At",""
"681213","CR-0000090598","0","1","0","0","22-004-0142","False","False","0","1/4/2022 5:58:00 AM","No Pedestrians Involved","Dry","No Unusual Conditions","Dark - Street Light","Violation Driver 1","Controls Functioning","Cloudy","Broadside","Intersection","Other Vehicle","Not Applicable","Not Applicable","At",""
"681214","CR-0000090599","1","0","0","0","22-004-0160","False","False","0","1/4/2022 6:57:00 AM","No Pedestrians Involved","Dry","No Unusual Conditions","Daylight","Violation Driver 1","Controls Functioning","Cloudy","Broadside","Intersection","Other Vehicle","Not Applicable","Not Applicable","At",""
"681215","CR-0000090600","0","0","0","0","22-004-0176","False","False","150","1/4/2022 7:25:00 AM","No Pedestrians Involved","Dry","No Unusual Conditions","Daylight","Violation Driver 1","No Controls Present/Factor","Cloudy","Rear End","Non-Related","Other Vehicle","Not Applicable","Not Applicable","East Of",""
"681216","CR-0000090601","0","0","0","0","22-004-0301","False","False","0","1/4/2022 11:45:00 AM","No Pedestrians Involved","Dry","No Unusual Conditions","Daylight","Violation Driver 1","No Controls Present/Factor","Clear","Broadside","Intersection","Other Vehicle","Not Applicable","Not Applicable","At","VTA BUS INVOLVED"
"681217","CR-0000090602","0","0","0","0","22-004-0307","False","False","0","1/4/2022 10:28:00 AM","No Pedestrians Involved","Dry","No Unusual Conditions","Daylight","Violation Driver 1","Controls Functioning","Clear","Broadside","Intersection","Other Vehicle","Not Applicable","Not Applicable","At","PROPERTY DAMAGE ONLY"
"681218","CR-0000090603","0","0","0","0","22-004-0385","False","False","89","1/4/2022 11:30:00 AM","No Pedestrians Involved","Dry","No Unusual Conditions","Daylight","Violation Driver 1","Controls Functioning","Clear","Rear End","Non-Related","Parked Vehicle","Not Applicable","Not Applicable","North Of",""
"681219","CR-0000090604","0","0","0","0","22-004-0427","False","False","52","1/4/2022 12:24:00 PM","No Pedestrians Involved","Dry","No Unusual Conditions","Daylight","Violation Driver 1","No Controls Present/Factor","Cloudy","Rear End","Non-Related","Other Vehicle","Not Applicable","Not Applicable","West Of",""
"681220","CR-0000090605","2","0","0","0","22-004-0724","False","False","255","1/4/2022 4:48:00 PM","No Pedestrians Involved","Dry","No Unusual Conditions","Daylight","Violation Driver 1","Controls Functioning","Clear","Rear End","Non-Related","Other Vehicle","Not Applicable","Not Applicable","South Of",""
"681221","CR-0000090606","0","0","0","0","22-004-0850","False","False","100","1/4/2022 7:23:00 PM","No Pedestrians Involved","Dry","No Unusual Conditions","Dark - Street Light","Violation Driver 1","No Controls Present/Factor","Clear","Rear End","Non-Related","Other Vehicle","Not Applicable","Not Applicable","West Of",""
"681222","CR-0000090607","0","1","0","0","22-004-0914","False","False","268","1/4/2022 8:55:00 PM","Crossing - Not In Crosswalk","Dry","No Unusual Conditions","Dark - Street Light","Violation Driver 1","No Controls Present/Factor","Clear","Vehicle/Pedestrian","Non-Related","Pedestrian","East","West","South Of","PEDESTRIAN"
"681223","CR-0000090608","2","0","0","0","22-004-0998","False","False","0","1/4/2022 11:16:00 PM","No Pedestrians Involved","Dry","No Unusual Conditions","Dark - Street Light","Violation Driver 1","Controls Functioning","Clear","Broadside","Intersection","Other Vehicle","Not Applicable","Not Applicable","At","POLICE VEHICLE INVOLVED"
"681224","CR-0000090609","0","0","0","0","22-005-0024","False","False","61","1/5/2022 12:45:00 AM","No Pedestrians Involved","Dry","No Unusual Conditions","Dark - Street Light","Violation Driver 1","Controls Functioning","Clear","Head On","Non-Related","Non-Collision","Not Applicable","Not Applicable","South Of","PG&E POLE"
"681225","CR-0000090610","1","0","0","0","22-005-0027","False","False","34","1/5/2022 12:50:00 AM","No Pedestrians Involved","Dry","No Unusual Conditions","Dark - Street Light","Violation Driver 1","No Controls Present/Factor","Clear","Sideswipe","Related","Parked Vehicle","Not Applicable","Not Applicable","West Of",""
"681226","CR-0000090611","0","0","0","0","22-005-0097","False","False","0","1/5/2022 4:34:00 AM","No Pedestrians Involved","Dry","No Unusual Conditions","Dark - Street Light","Violation Driver 1","Controls Functioning","Clear","Head On","Intersection","Other Vehicle","Not Applicable","Not Applicable","At",""