"CrashFactId","Name","MinorInjuries","ModerateInjuries","SevereInjuries","FatalInjuries","TcrNumber","CityDamageFlag","ShortFormFlag","Distance","CrashDateTime","PedestrianAction","RoadwaySurface","RoadwayCondition","Lighting","PrimaryCollisionFactor","TrafficControl","Weather","CollisionType","ProximityToIntersection","VehicleInvolvedWith","PedestrianDirectionFrom","PedestrianDirectionTo","DirectionFromIntersection","Comment"
"681327","CR-0000090714","0","0","1","0","22-010-0491","False","False","300","1/10/2022 2:17:00 PM","No Pedestrians Involved","Dry","No Unusual Conditions","Daylight","Violation Driver 1","No Controls Present/Factor","Clear","Rear End","Non-Related","Other Vehicle","Not Applicable","Not Applicable","East Of",""
"681328","CR-0000090715","0","0","0","0","22-013-0025","False","False","35","1/13/2022 12:43:00 AM","No Pedestrians Involved","Dry","No Unusual Conditions","Dark - Street Light","Violation Driver 1","Controls Functioning","Clear","Sideswipe","Related","Parked Vehicle","Not Applicable","Not Applicable","South Of",""
"681329","CR-0000090716","0","1","0","0","22-012-0027","False","False","333","1/13/2022 12:47:00 AM","No Pedestrians Involved","Dry","No Unusual Conditions","Dark - Street Light","Violation Driver 1","No Controls Present/Factor","Clear","Sideswipe","Non-Related","Parked Vehicle","Not Applicable","Not Applicable","North Of",""
"681330","CR-0000090717","0","0","0","0","22-013-0102","True","False","0","1/13/2022 4:10:00 AM","No Pedestrians Involved","Dry","No Unusual Conditions","Dark - Street Light","Violation Driver 1","Controls Functioning","Clear","Head On","Intersection","Fixed Object","Not Applicable","Not Applicable","At","SIGN POLE"
"681331","CR-0000090718","1","0","0","0","22-013-0131","False","False","0","1/13/2022 5:22:00 AM","No Pedestrians Involved","Dry","No Unusual Conditions","Dark - Street Light","Violation Driver 1","Controls Functioning","Clear","Head On","Intersection","Motor Vehicle On Other Roadway","Not Applicable","Not Applicable","At",""
"681332","CR-0000090719","0","0","0","0","22-013-0236","False","False","520","1/13/2022 9:24:00 AM","No Pedestrians Involved","Dry","No Unusual Conditions","Daylight","Violation Driver 1","No Controls Present/Factor","Clear","Head On","Non-Related","Parked Vehicle","Not Applicable","Not Applicable","South Of",""
"681333","CR-0000090720","0","0","0","0","22-013-0401","False","False","137","1/13/2022 1:00:00 PM","No Pedestrians Involved","Dry","No Unusual Conditions","Dark - Street Light","Violation Driver 1","Controls Functioning","Clear","Rear End","Non-Related","Other Vehicle","Not Applicable","Not Applicable","South Of",""
"681334","CR-0000090721","4","0","0","0","22-013-0634","False","False","380","1/13/2022 5:57:00 PM","No Pedestrians Involved","Dry","No Unusual Conditions","Daylight","Violation Driver 1","No Controls Present/Factor","Clear","Broadside","Non-Related","Other Vehicle","Not Applicable","Not Applicable","East Of",""
"681335","CR-0000090724","0","0","0","0","22-019-9701","False","True","","1/13/2022 4:23:00 PM","No Pedestrians Involved","Dry","No Unusual Conditions","Daylight","Unknown","Controls Functioning","Clear","Rear End","Related","Other Vehicle","Not Applicable","Not Applicable","East Of",""
"681336","CR-0000090725","0","1","0","0","22-014-0172","False","False","0","1/14/2022 8:28:00 AM","No Pedestrians Involved","Dry","No Unusual Conditions","Daylight","Violation Driver 1","No Controls Present/Factor","Clear","Vehicle/Pedestrian","Intersection","Pedestrian","Not Applicable","Not Applicable","At","PEDESTRIAN"
"681337","CR-0000090726","0","0","0","0","22-014-0196","False","False","0","1/14/2022 9:12:00 AM","No Pedestrians Involved","Dry","No Unusual Conditions","Daylight","Violation Driver 1","Controls Functioning","Clear","Broadside","Intersection","Other Vehicle","Not Applicable","Not Applicable","At",""
"681338","CR-0000090727","0","0","0","0","22-014-0423","False","False","130","1/14/2022 2:32:00 PM","No Pedestrians Involved","Dry","No Unusual Conditions","Daylight","Violation Driver 1","Controls Functioning","Clear","Rear End","Non-Related","Parked Vehicle","Not Applicable","Not Applicable","South Of",""
"681339","CR-0000090728","0","1","0","0","22-015-0433","False","False","51","1/14/2022 8:11:00 AM","No Pedestrians Involved","Dry","No Unusual Conditions","Daylight","Violation Driver 1","No Controls Present/Factor","Clear","Broadside","Non-Related","Parked Vehicle","Not Applicable","Not Applicable","East Of",""
"681340","CR-0000090729","4","1","0","0","22-014-0490","False","False","0","1/14/2022 3:52:00 PM","No Pedestrians Involved","Dry","No Unusual Conditions","Daylight","Violation Driver 1","Controls Functioning","Clear","Broadside","Intersection","Other Vehicle","Not Applicable","Not Applicable","At",""
"681341","CR-0000090730","0","1","0","0","22-014-0610","False","False","0","1/14/2022 6:13:00 PM","No Pedestrians Involved","Dry","No Unusual Conditions","Dark - Street Light","Violation Driver 1","Controls Functioning","Clear","Other","Intersection","Non-Collision","Not Applicable","Not Applicable","At",""
"681342","CR-0000090731","0","0","0","0","22-014-0738","False","False","59","1/14/2022 9:10:00 PM","No Pedestrians Involved","Dry","No Unusual Conditions","Dark - Street Light","Violation Driver 1","Controls Functioning","Clear","Head On","Non-Related","Parked Vehicle","Not Applicable","Not Applicable","East Of",""
"681343","CR-0000090732","0","0","0","0","22-014-0748","False","False","0","1/14/2022 9:23:00 PM","No Pedestrians Involved","Dry","No Unusual Conditions","Dark - Street Light","Violation Driver 1","Controls Functioning","Clear","Broadside","Intersection","Other Vehicle","Not Applicable","Not Applicable","At",""
"681344","CR-0000090734","0","0","0","0","22-015-4002","False","True","","1/14/2022 8:00:00 AM","No Pedestrians Involved","Unknown","Unknown","Daylight","Unknown","Unknown","Unknown","Other","Related","Unknown","Not Applicable","Not Applicable","West Of",""
"681345","CR-0000090735","0","0","0","0","22-014-4004","False","True","","1/14/2022 8:00:00 PM","No Pedestrians Involved","Unknown","Unknown","Unknown","Unknown","Unknown","Unknown","Rear End","Related","Other Vehicle","Not Applicable","Not Applicable","Unknown",""
"681346","CR-0000090736","0","0","0","0","22-015-4004","False","True","","1/14/2022 6:55:00 PM","No Pedestrians Involved","Unknown","Unknown","Unknown","Unknown","Unknown","Unknown","Sideswipe","Related","Other Vehicle","Not Applicable","Not Applicable","Unknown",""
"681347","CR-0000090733","0","0","0","0","22-015-4000","False","True","51","1/14/2022 9:55:00 PM","No Pedestrians Involved","Unknown","Unknown","Unknown","Unknown","Unknown","Unknown","Sideswipe","Non-Related","Parked Vehicle","Not Applicable","Not Applicable","South Of",""
"681348","CR-0000090722","0","0","0","0","22-014-4000","False","True","","1/13/2022 11:11:00 PM","No Pedestrians Involved","Unknown","Unknown","Unknown","Unknown","Unknown","Unknown","Rear End","Related","Parked Vehicle","Not Applicable","Not Applicable","East Of",""
"681349","CR-0000090723","0","0","0","0","22-013-4003","False","True","0","1/13/2022 10:05:00 AM","No Pedestrians Involved","Unknown","Unknown","Daylight","Unknown","Unknown","Unknown","Sideswipe","Intersection","Other Vehicle","Not Applicable","Not Applicable","At",""
"681350","CR-0000090737","0","0","0","0","22-015-0043","True","False","450","1/15/2022 1:00:00 AM","No Pedestrians Involved","Dry","No Unusual Conditions","Dark - Street Light","Violation Driver 1","Controls Functioning","Clear","Broadside","Non-Related","Other Object","Not Applicable","Not Applicable","North Of","MEDIAN"
"681351","CR-0000090738","0","0","0","0","22-015-4001","False","False","","1/15/2022 12:40:00 AM","No Pedestrians Involved","Unknown","Unknown","Unknown","Unknown","Unknown","Unknown","Other","Related","Parked Vehicle","Not Applicable","Not Applicable","Unknown",""
"681352","CR-0000090739","0","0","0","0","22-016-0031","False","False","0","1/16/2022 12:32:00 AM","No Pedestrians Involved","Dry","Unknown","Dark - Street Light","Violation Driver 1","Unknown","Clear","Head On","Intersection","Fixed Object","Not Applicable","Not Applicable","At","PG&E POLE"
"681353","CR-0000090740","0","0","0","0","22-016-0050","False","False","63","1/16/2022 12:45:00 AM","No Pedestrians Involved","Dry","No Unusual Conditions","Dark - Street Light","Violation Driver 1","No Controls Present/Factor","Clear","Rear End","Non-Related","Parked Vehicle","Not Applicable","Not Applicable","North Of",""
"681354","CR-0000090741","0","0","0","0","22-016-0162","False","False","46","1/16/2022 6:31:00 AM","No Pedestrians Involved","Unknown","No Unusual Conditions","Dark - Street Light","Violation Driver 1","No Controls Present/Factor","Unknown","Rear End","Related","Parked Vehicle","Not Applicable","Not Applicable","South Of",""
"681355","CR-0000090742","1","0","0","0","22-016-0268","False","False","173","1/16/2022 10:10:00 AM","No Pedestrians Involved","Dry","No Unusual Conditions","Daylight","Violation Driver 1","No Controls Present/Factor","Clear","Broadside","Non-Related","Other Vehicle","Not Applicable","Not Applicable","South Of",""
"681356","CR-0000090743","0","0","0","0","22-016-0363","False","False","200","1/16/2022 12:30:00 PM","No Pedestrians Involved","Dry","No Unusual Conditions","Daylight","Violation Driver 1","Unknown","Clear","Rear End","Non-Related","Parked Vehicle","Not Applicable","Not Applicable","North Of",""
"681357","CR-0000090745","0","0","0","0","22-016-0622","False","False","243","1/16/2022 6:00:00 PM","No Pedestrians Involved","Dry","No Unusual Conditions","Dark - Street Light","Violation Driver 1","Unknown","Clear","Broadside","Non-Related","Other Vehicle","Not Applicable","Not Applicable","South Of",""
"681358","CR-0000090744","1","0","0","0","22-016-0464","False","False","25","1/16/2022 3:20:00 PM","No Pedestrians Involved","Dry","No Unusual Conditions","Daylight","Violation Driver 1","Unknown","Clear","Sideswipe","Related","Motor Vehicle On Other Roadway","Not Applicable","Not Applicable","North Of",""
"681359","CR-0000090746","2","0","0","0","22-016-0727","False","False","0","1/16/2022 8:37:00 PM","No Pedestrians Involved","Dry","No Unusual Conditions","Dark - Street Light","Violation Driver 1","Controls Functioning","Clear","Broadside","Intersection","Other Vehicle","Not Applicable","Not Applicable","At",""
"681360","CR-0000090747","0","0","0","0","22-016-0767","False","False","270","1/16/2022 9:31:00 PM","No Pedestrians Involved","Dry","No Unusual Conditions","Dark - Street Light","Violation Driver 1","No Controls Present/Factor","Clear","Rear End","Non-Related","Other Vehicle","Not Applicable","Not Applicable","North Of",""
"681361","CR-0000090748","0","0","0","0","22-016-0787","False","False","22","1/16/2022 10:01:00 PM","No Pedestrians Involved","Dry","No Unusual Conditions","Dark - Street Light","Violation Driver 1","Controls Functioning","Clear","Broadside","Related","Other Vehicle","Not Applicable","Not Applicable","South Of",""
"681362","CR-0000090749","0","0","0","0","22-016-4000","False","True","51","1/16/2022 12:05:00 AM","No Pedestrians Involved","Unknown","Unknown","Unknown","Unknown","Unknown","Unknown","Rear End","Non-Related","Parked Vehicle","Not Applicable","Not Applicable","North Of",""
"681363","CR-0000090750","0","0","0","0","22-016-4002","False","True","0","1/16/2022 1:40:00 PM","No Pedestrians Involved","Unknown","Unknown","Daylight","Unknown","Unknown","Unknown","Sideswipe","Intersection","Other Vehicle","Not Applicable","Not Applicable","At",""
"681364","CR-0000090751","0","0","0","0","22-017-0014","False","False","33","1/17/2022 12:15:00 AM","No Pedestrians Involved","Dry","No Unusual Conditions","Dark - Street Light","Violation Driver 1","Unknown","Clear","Rear End","Related","Other Vehicle","Not Applicable","Not Applicable","West Of",""
"681365","CR-0000090752","0","0","0","0","22-017-0475","True","False","0","1/17/2022 2:48:00 PM","No Pedestrians Involved","Dry","Construction - Repair Zone","Daylight","Violation Driver 1","Controls Functioning","Clear","Sideswipe","Intersection","Fixed Object","Not Applicable","Not Applicable","At","TRAFFIC SIGNAL"
"681366","CR-0000090753","1","0","0","0","22-017-0483","False","False","0","1/17/2022 2:53:00 PM","No Pedestrians Involved","Dry","No Unusual Conditions","Daylight","Violation Driver 1","Controls Functioning","Clear","Head On","Intersection","Other Vehicle","Not Applicable","Not Applicable","At",""
"681367","CR-0000090754","0","2","0","0","22-018-0487","False","False","","1/17/2022 5:00:00 PM","No Pedestrians Involved","Dry","No Unusual Conditions","Dusk - Dawn","Violation Driver 1","No Controls Present/Factor","Clear","Overturned","Related","Non-Collision","Not Applicable","Not Applicable","North Of",""
"681368","CR-0000090755","0","1","0","0","22-017-0575","False","False","280","1/17/2022 4:45:00 PM","No Pedestrians Involved","Dry","No Unusual Conditions","Daylight","Violation Driver 1","No Controls Present/Factor","Clear","Broadside","Non-Related","Other Vehicle","Not Applicable","Not Applicable","West Of",""
"681369","CR-0000090756","1","0","0","0","22-017-0614","False","False","51","1/17/2022 5:27:00 PM","No Pedestrians Involved","Dry","No Unusual Conditions","Dark - Street Light","Violation Driver 1","Controls Functioning","Clear","Rear End","Non-Related","Other Vehicle","Not Applicable","Not Applicable","East Of",""
"681370","CR-0000090757","1","0","0","0","22-017-0637","False","False","250","1/17/2022 5:59:00 PM","No Pedestrians Involved","Dry","No Unusual Conditions","Dark - Street Light","Violation Driver 1","Controls Functioning","Clear","Rear End","Non-Related","Other Vehicle","Not Applicable","Not Applicable","South Of",""
"681371","CR-0000090758","0","0","0","0","22-023-0671","False","False","30","1/17/2022 5:19:00 PM","No Pedestrians Involved","Dry","No Unusual Conditions","Dusk - Dawn","Violation Driver 1","No Controls Present/Factor","Clear","Other","Related","Parked Vehicle","Not Applicable","Not Applicable","West Of",""
"681372","CR-0000090760","0","0","0","0","22-017-4004","False","False","","1/17/2022 1:30:00 PM","No Pedestrians Involved","Unknown","Unknown","Daylight","Unknown","Unknown","Unknown","Broadside","Related","Parked Vehicle","Not Applicable","Not Applicable","Unknown",""
"681373","CR-0000090761","0","0","0","0","22-033-9707","False","False","51","1/17/2022 9:00:00 PM","No Pedestrians Involved","Dry","No Unusual Conditions","Dark - Street Light","Unknown","No Controls Present/Factor","Clear","Sideswipe","Non-Related","Parked Vehicle","Not Applicable","Not Applicable","West Of",""
"681374","CR-0000090762","0","0","0","0","22-018-0022","True","False","194","1/18/2022 1:45:00 AM","No Pedestrians Involved","Dry","No Unusual Conditions","Dark - Street Light","Violation Driver 1","Controls Functioning","Clear","Hit Object","Non-Related","Fixed Object","Not Applicable","Not Applicable","West Of","LIGHT POLE / FENCE"
"681375","CR-0000090763","2","0","0","0","22-018-0241","False","False","43","1/18/2022 8:50:00 AM","No Pedestrians Involved","Dry","No Unusual Conditions","Daylight","Violation Driver 1","Controls Functioning","Clear","Sideswipe","Related","Other Vehicle","Not Applicable","Not Applicable","South Of",""
"681376","CR-0000090764","1","0","0","0","22-018-0468","False","False","250","1/18/2022 12:53:00 PM","No Pedestrians Involved","Dry","No Unusual Conditions","Daylight","Violation Driver 1","Controls Functioning","Clear","Vehicle/Bike","Non-Related","Bike","Not Applicable","Not Applicable","East Of","BIKE"
"681377","CR-0000090765","0","0","0","0","22-018-0609","False","False","162","1/18/2022 3:09:00 PM","No Pedestrians Involved","Dry","No Unusual Conditions","Daylight","Violation Driver 1","No Controls Present/Factor","Clear","Sideswipe","Non-Related","Parked Vehicle","Not Applicable","Not Applicable","South Of",""
"681378","CR-0000090766","0","0","1","0","22-018-0739","False","False","0","1/18/2022 5:26:00 PM","No Pedestrians Involved","Dry","No Unusual Conditions","Dusk - Dawn","Violation Driver 1","Controls Functioning","Clear","Head On","Intersection","Other Vehicle","Not Applicable","Not Applicable","At",""
"681379","CR-0000090767","2","1","0","0","22-018-0771","False","False","0","1/18/2022 6:03:00 PM","No Pedestrians Involved","Dry","No Unusual Conditions","Dark - Street Light","Violation Driver 1","Controls Functioning","Clear","Rear End","Intersection","Other Vehicle","Not Applicable","Not Applicable","At",""
"681380","CR-0000090768","0","1","0","0","22-018-0796","False","False","450","1/18/2022 6:36:00 PM","Crossing - Not In Crosswalk","Dry","No Unusual Conditions","Dark - Street Light","Violation Driver 1","Controls Functioning","Clear","Vehicle/Pedestrian","Non-Related","Pedestrian","Unknown","Unknown","South Of","PEDESTRIAN"
"681381","CR-0000090770","0","0","0","0","22-019-0082","False","False","148","1/19/2022 2:12:00 AM","No Pedestrians Involved","Dry","Unknown","Dark - Street Light","Violation Driver 1","Unknown","Clear","Sideswipe","Non-Related","Parked Vehicle","Not Applicable","Not Applicable","South Of",""
"681382","CR-0000090771","0","1","0","0","22-019-0095","False","False","40","1/19/2022 2:40:00 AM","No Pedestrians Involved","Dry","No Unusual Conditions","Dark - Street Light","Violation Driver 1","Controls Functioning","Clear","Head On","Related","Parked Vehicle","Not Applicable","Not Applicable","East Of",""
"681383","CR-0000090772","0","1","0","0","22-019-0123","False","False","728","1/19/2022 4:12:00 AM","No Pedestrians Involved","Dry","No Unusual Conditions","Dark - Street Light","Violation Driver 1","No Controls Present/Factor","Clear","Rear End","Non-Related","Other Vehicle","Not Applicable","Not Applicable","South Of",""
"681384","CR-0000090773","1","0","0","0","22-019-0359","False","False","40","1/19/2022 11:32:00 AM","No Pedestrians Involved","Dry","No Unusual Conditions","Daylight","Violation Driver 1","Controls Functioning","Clear","Rear End","Related","Other Vehicle","Not Applicable","Not Applicable","South Of",""
"681385","CR-0000090774","1","0","0","0","22-019-0150","False","False","51","1/19/2022 5:36:00 AM","No Pedestrians Involved","Dry","No Unusual Conditions","Dark - Street Light","Violation Driver 1","No Controls Present/Factor","Clear","Sideswipe","Non-Related","Bike","Not Applicable","Not Applicable","South Of","BIKE"
"681386","CR-0000090776","0","0","0","0","22-019-0765","False","False","25","1/19/2022 5:42:00 AM","No Pedestrians Involved","Dry","Unknown","Dusk - Dawn","Violation Driver 1","No Controls Present/Factor","Clear","Other","Related","Other Vehicle","Not Applicable","Not Applicable","West Of",""
"681387","CR-0000090777","0","0","0","0","22-019-0341","True","False","","1/19/2022 11:09:00 AM","No Pedestrians Involved","Dry","Construction - Repair Zone","Daylight","Violation Driver 1","Controls Functioning","Clear","Hit Object","Related","Fixed Object","Not Applicable","Not Applicable","Unknown","TRAFFIC SIGNAL"
"681388","CR-0000090775","1","0","0","0","22-019-0290","True","False","70","1/19/2022 10:14:00 AM","No Pedestrians Involved","Dry","No Unusual Conditions","Daylight","Violation Driver 1","No Controls Present/Factor","Clear","Hit Object","Non-Related","Fixed Object","Not Applicable","Not Applicable","North Of","TREE"
"681389","CR-0000090778","2","0","0","0","22-019-0561","False","False","420","1/19/2022 2:58:00 PM","No Pedestrians Involved","Dry","No Unusual Conditions","Daylight","Violation Driver 1","No Controls Present/Factor","Clear","Sideswipe","Non-Related","Other Vehicle","Not Applicable","Not Applicable","West Of",""
"681390","CR-0000090779","0","0","1","0","22-019-0367","False","False","0","1/19/2022 11:43:00 AM","Crossing In Crosswalk - At Intersection","Dry","No Unusual Conditions","Daylight","Violation Driver 1","Unknown","Clear","Vehicle/Pedestrian","Intersection","Pedestrian","Unknown","Unknown","At","PEDESTRIAN"
"681391","CR-0000090780","1","1","0","0","22-019-0497","False","False","122","1/19/2022 1:57:00 PM","No Pedestrians Involved","Dry","No Unusual Conditions","Daylight","Violation Driver 1","Controls Functioning","Clear","Rear End","Non-Related","Other Vehicle","Not Applicable","Not Applicable","West Of",""
"681392","CR-0000090781","0","0","0","0","22-019-0629","False","False","51","1/19/2022 2:42:00 PM","No Pedestrians Involved","Dry","No Unusual Conditions","Daylight","Violation Driver 1","Controls Functioning","Clear","Sideswipe","Non-Related","Other Vehicle","Not Applicable","Not Applicable","North Of",""
"681393","CR-0000090782","0","0","0","0","22-019-0650","False","False","40","1/19/2022 4:35:00 PM","No Pedestrians Involved","Dry","No Unusual Conditions","Daylight","Violation Driver 1","Controls Functioning","Clear","Rear End","Related","Other Vehicle","Not Applicable","Not Applicable","West Of",""
"681394","CR-0000090783","0","0","2","0","22-019-0847","False","False","0","1/19/2022 7:09:00 PM","No Pedestrians Involved","Dry","No Unusual Conditions","Dark - Street Light","Violation Driver 1","Controls Functioning","Clear","Broadside","Intersection","Other Vehicle","Not Applicable","Not Applicable","At",""
"681395","CR-0000090785","0","1","0","0","22-020-0238","False","False","0","1/20/2022 9:33:00 AM","Crossing - Not In Crosswalk","Dry","No Unusual Conditions","Daylight","Violation Driver 1","No Controls Present/Factor","Clear","Vehicle/Pedestrian","Intersection","Pedestrian","West","East","At","PEDESTRIAN"
"681396","CR-0000090786","0","0","0","0","22-025-4000","False","True","0","1/21/2022 12:40:00 PM","No Pedestrians Involved","Unknown","Unknown","Daylight","Unknown","Unknown","Unknown","Rear End","Intersection","Other Vehicle","Not Applicable","Not Applicable","At",""
"681397","CR-0000090787","0","0","0","0","22-024-4001","False","True","51","1/22/2022 12:00:00 PM","No Pedestrians Involved","Unknown","Unknown","Daylight","Unknown","Unknown","Unknown","Broadside","Non-Related","Parked Vehicle","Not Applicable","Not Applicable","South Of",""
"681398","CR-0000090788","0","0","0","0","22-023-0254","False","False","45","1/23/2022 4:00:00 AM","No Pedestrians Involved","Dry","No Unusual Conditions","Daylight","Violation Driver 1","Controls Functioning","Clear","Sideswipe","Related","Parked Vehicle","Not Applicable","Not Applicable","East Of",""
"681399","CR-0000090789","0","0","0","0","22-022-0267","False","False","0","1/23/2022 9:33:00 AM","No Pedestrians Involved","Dry","No Unusual Conditions","Daylight","Violation Driver 1","Unknown","Clear","Sideswipe","Intersection","Motor Vehicle On Other Roadway","Not Applicable","Not Applicable","At",""
"681400","CR-0000090790","1","0","0","0","22-023-0467","True","False","77","1/23/2022 2:03:00 PM","No Pedestrians Involved","Dry","No Unusual Conditions","Daylight","Violation Driver 1","Controls Functioning","Clear","Hit Object","Non-Related","Fixed Object","Not Applicable","Not Applicable","West Of","LIGHT POLE"
"681402","CR-0000090792","0","0","0","0","22-023-0523","False","False","100","1/23/2022 3:37:00 PM","No Pedestrians Involved","Dry","No Unusual Conditions","Daylight","Violation Driver 1","Controls Functioning","Clear","Sideswipe","Non-Related","Parked Vehicle","Not Applicable","Not Applicable","South Of",""
"681403","CR-0000090793","0","0","0","0","22-023-0536","False","False","0","1/23/2022 4:05:00 PM","No Pedestrians Involved","Dry","No Unusual Conditions","Daylight","Violation Driver 1","No Controls Present/Factor","Clear","Broadside","Intersection","Other Vehicle","Not Applicable","Not Applicable","At",""
"681404","CR-0000090794","1","0","0","0","22-023-0574","False","False","300","1/23/2022 4:50:00 PM","No Pedestrians Involved","Dry","No Unusual Conditions","Daylight","Violation Driver 1","No Controls Present/Factor","Clear","Sideswipe","Non-Related","Other Vehicle","Not Applicable","Not Applicable","East Of",""
"681405","CR-0000090795","0","1","0","0","22-023-0672","False","False","51","1/23/2022 6:35:00 PM","Crossing In Crosswalk - At Intersection","Dry","No Unusual Conditions","Dark - Street Light","Violation Driver 1","No Controls Present/Factor","Clear","Vehicle/Pedestrian","Non-Related","Pedestrian","East","West","Unknown","PEDESTRIAN"
"681406","CR-0000090796","0","0","0","0","22-023-0812","False","False","675","1/23/2022 5:22:00 PM","No Pedestrians Involved","Dry","No Unusual Conditions","Daylight","Violation Driver 1","No Controls Present/Factor","Clear","Head On","Non-Related","Parked Vehicle","Not Applicable","Not Applicable","South Of",""
"681407","CR-0000090797","0","0","0","0","22-023-0839","False","False","0","1/23/2022 10:29:00 PM","No Pedestrians Involved","Dry","No Unusual Conditions","Dark - Street Light","Violation Driver 1","No Controls Present/Factor","Clear","Sideswipe","Intersection","Parked Vehicle","Not Applicable","Not Applicable","At","EMERGENCY VEHICLE INVOLVED"
"681408","CR-0000090798","1","0","0","0","22-027-0894","False","False","0","1/23/2022 9:00:00 PM","Crossing - Not In Crosswalk","Dry","No Unusual Conditions","Dark - Street Light","Violation Driver 1","No Controls Present/Factor","Clear","Vehicle/Pedestrian","Intersection","Pedestrian","North","South","At","PEDESTRIAN"
"681409","CR-0000090799","0","0","0","0","22-024-0116","False","False","51","1/23/2022 4:05:00 AM","No Pedestrians Involved","Dry","No Unusual Conditions","Dark - Street Light","Violation Driver 1","Unknown","Clear","Sideswipe","Non-Related","Parked Vehicle","Not Applicable","Not Applicable","North Of",""
"681410","CR-0000090800","3","0","0","0","22-024-0199","False","False","0","1/24/2022 7:50:00 AM","No Pedestrians Involved","Dry","No Unusual Conditions","Daylight","Violation Driver 1","Controls Functioning","Clear","Broadside","Intersection","Other Vehicle","Not Applicable","Not Applicable","At",""
"681411","CR-0000090801","0","0","0","0","22-024-0519","True","False","0","1/24/2022 1:48:00 PM","No Pedestrians Involved","Dry","No Unusual Conditions","Daylight","Violation Driver 1","Controls Functioning","Clear","Hit Object","Intersection","Fixed Object","Not Applicable","Not Applicable","At","SIGN"
"681412","CR-0000090802","3","0","0","0","22-024-0530","False","False","0","1/24/2022 2:04:00 PM","No Pedestrians Involved","Dry","No Unusual Conditions","Daylight","Violation Driver 1","Controls Functioning","Clear","Broadside","Intersection","Other Vehicle","Not Applicable","Not Applicable","At",""
"681413","CR-0000090803","0","0","1","0","22-024-0607","False","False","0","1/24/2022 3:28:00 PM","No Pedestrians Involved","Dry","No Unusual Conditions","Daylight","Bike At Fault","Controls Functioning","Clear","Broadside","Intersection","Bike","Not Applicable","Not Applicable","At","BIKE"
"681414","CR-0000090804","0","1","0","0","22-024-0830","False","False","5280","1/24/2022 8:30:00 PM","No Pedestrians Involved","Dry","No Unusual Conditions","Dark - Street Light","Violation Driver 1","No Controls Present/Factor","Clear","Overturned","Non-Related","Non-Collision","Not Applicable","Not Applicable","West Of",""
"681415","CR-0000090805","1","0","0","0","22-024-0935","False","False","0","1/24/2022 9:42:00 PM","No Pedestrians Involved","Dry","No Unusual Conditions","Dark - Street Light","Violation Driver 1","Controls Functioning","Clear","Head On","Intersection","Other Vehicle","Not Applicable","Not Applicable","At",""
"681416","CR-0000090806","0","0","0","0","22-024-4003","False","True","45","1/24/2022 11:05:00 AM","No Pedestrians Involved","Unknown","Unknown","Daylight","Unknown","Unknown","Unknown","Other","Related","Parked Vehicle","Not Applicable","Not Applicable","West Of",""
"681417","CR-0000090807","0","0","0","0","22-026-4003","False","True","420","1/24/2022 3:15:00 PM","No Pedestrians Involved","Unknown","Unknown","Daylight","Unknown","Unknown","Unknown","Rear End","Non-Related","Other Vehicle","Not Applicable","Not Applicable","East Of",""
"681418","CR-0000090808","0","0","0","0","22-032-9702","False","True","0","1/24/2022 8:00:00 AM","Crossing In Crosswalk - At Intersection","Dry","No Unusual Conditions","Daylight","Violation Driver 1","Unknown","Clear","Vehicle/Pedestrian","Intersection","Pedestrian","Unknown","Unknown","At","PEDESTRIANS (2)"
"681419","CR-0000090809","1","0","0","0","22-025-0189","False","False","91","1/25/2022 9:20:00 AM","No Pedestrians Involved","Dry","Unknown","Daylight","Violation Driver 1","Controls Functioning","Clear","Head On","Non-Related","Other Vehicle","Not Applicable","Not Applicable","West Of",""
"681420","CR-0000090810","0","0","0","0","22-025-0355","False","False","45","1/25/2022 11:30:00 AM","No Pedestrians Involved","Dry","No Unusual Conditions","Daylight","Violation Driver 1","Controls Functioning","Clear","Sideswipe","Related","Other Vehicle","Not Applicable","Not Applicable","East Of",""
"681421","CR-0000090811","1","0","0","0","22-025-0426","True","False","0","1/25/2022 1:02:00 PM","No Pedestrians Involved","Dry","No Unusual Conditions","Daylight","Violation Driver 1","Controls Functioning","Clear","Overturned","Intersection","Fixed Object","Not Applicable","Not Applicable","At","TRAFFIC LIGHT"
"681422","CR-0000090812","0","0","0","0","22-026-9707","False","True","51","1/25/2022 6:14:00 PM","No Pedestrians Involved","Dry","No Unusual Conditions","Dark - Street Light","Unknown","Controls Functioning","Clear","Sideswipe","Non-Related","Parked Vehicle","Not Applicable","Not Applicable","South Of",""
"681423","CR-0000090813","0","1","0","0","22-026-0198","False","False","0","1/26/2022 8:02:00 AM","No Pedestrians Involved","Dry","No Unusual Conditions","Daylight","Violation Driver 1","Controls Functioning","Clear","Broadside","Intersection","Other Vehicle","Not Applicable","Not Applicable","At",""
"681424","CR-0000090814","0","0","0","0","22-026-0415","False","False","108","1/26/2022 12:27:00 PM","No Pedestrians Involved","Dry","No Unusual Conditions","Daylight","Violation Driver 1","Controls Functioning","Clear","Sideswipe","Non-Related","Other Vehicle","Not Applicable","Not Applicable","North Of",""
"681425","CR-0000090815","1","2","0","0","22-026-0527","False","False","0","1/26/2022 2:09:00 PM","No Pedestrians Involved","Dry","Unknown","Daylight","Violation Driver 1","No Controls Present/Factor","Clear","Other","Related","Other Vehicle","Not Applicable","Not Applicable","At",""