"CrashFactId","Name","MinorInjuries","ModerateInjuries","SevereInjuries","FatalInjuries","TcrNumber","CityDamageFlag","ShortFormFlag","Distance","CrashDateTime","PedestrianAction","RoadwaySurface","RoadwayCondition","Lighting","PrimaryCollisionFactor","TrafficControl","Weather","CollisionType","ProximityToIntersection","VehicleInvolvedWith","PedestrianDirectionFrom","PedestrianDirectionTo","DirectionFromIntersection","Comment"
"681820","CR-0000091229","1","0","0","0","22-084-0693","False","False","168","3/25/2022 6:26:00 PM","No Pedestrians Involved","Dry","No Unusual Conditions","Daylight","Violation Driver 1","Controls Functioning","Clear","Broadside","Non-Related","Other Vehicle","Not Applicable","Not Applicable","South Of",""
"681821","CR-0000091230","0","0","0","0","22-084-0090","True","False","115","3/25/2022 3:12:00 AM","No Pedestrians Involved","Dry","No Unusual Conditions","Dark - Street Light","Violation Driver 1","No Controls Present/Factor","Clear","Head On","Non-Related","Fixed Object","Not Applicable","Not Applicable","North Of","TREE"
"681822","CR-0000091231","0","1","0","0","22-085-0661","False","False","0","3/26/2022 6:24:00 PM","No Pedestrians Involved","Dry","No Unusual Conditions","Daylight","Violation Driver 1","Controls Functioning","Clear","Broadside","Intersection","Other Vehicle","Not Applicable","Not Applicable","At",""
"681823","CR-0000091232","0","1","0","0","22-084-0684","False","False","121","3/25/2022 6:19:00 PM","No Pedestrians Involved","Dry","No Unusual Conditions","Dusk - Dawn","Bike At Fault","No Controls Present/Factor","Clear","Broadside","Non-Related","Bike","Not Applicable","Not Applicable","East Of","BIKE"
"681824","CR-0000091233","0","0","0","0","22-086-0047","False","False","60","3/27/2022 1:06:00 AM","No Pedestrians Involved","Dry","Unknown","Dark - Street Light","Violation Driver 1","Controls Functioning","Clear","Rear End","Non-Related","Parked Vehicle","Not Applicable","Not Applicable","Unknown",""
"681825","CR-0000091234","0","0","0","0","22-086-0101","False","False","105","3/27/2022 2:30:00 AM","No Pedestrians Involved","Dry","No Unusual Conditions","Dark - Street Light","Violation Driver 1","No Controls Present/Factor","Clear","Rear End","Non-Related","Parked Vehicle","Not Applicable","Not Applicable","North Of",""
"681826","CR-0000091235","0","0","0","0","22-086-0066","False","False","","3/27/2022 3:01:00 AM","No Pedestrians Involved","Dry","No Unusual Conditions","Dark - Street Light","Violation Driver 1","Controls Functioning","Clear","Rear End","Related","Other Vehicle","Not Applicable","Not Applicable","East Of",""
"681827","CR-0000091236","0","0","0","0","22-087-0012","True","False","28","3/28/2022 12:15:00 AM","No Pedestrians Involved","Wet","No Unusual Conditions","Dark - Street Light","Violation Driver 1","Controls Functioning","Rain","Hit Object","Related","Fixed Object","Not Applicable","Not Applicable","South Of","STREET LIGHT"
"681828","CR-0000091237","0","0","0","0","22-088-0090","False","False","385","3/29/2022 3:18:00 AM","No Pedestrians Involved","Dry","No Unusual Conditions","Dark - Street Light","Violation Driver 1","No Controls Present/Factor","Clear","Rear End","Non-Related","Parked Vehicle","Not Applicable","Not Applicable","East Of",""
"681829","CR-0000091238","0","0","0","0","22-088-0158","True","False","30","3/29/2022 7:16:00 AM","No Pedestrians Involved","Dry","No Unusual Conditions","Daylight","Violation Driver 1","Controls Not Functioning","Clear","Hit Object","Related","Fixed Object","Not Applicable","Not Applicable","South Of","STREET LIGHT"
"681830","CR-0000091239","0","1","0","0","22-088-0678","False","False","0","3/29/2022 4:12:00 PM","No Pedestrians Involved","Dry","No Unusual Conditions","Daylight","Violation Driver 1","Controls Functioning","Clear","Broadside","Intersection","Other Vehicle","Not Applicable","Not Applicable","At",""
"681831","CR-0000091240","0","0","0","0","22-088-0867","False","False","0","3/29/2022 6:57:00 PM","No Pedestrians Involved","Dry","No Unusual Conditions","Dark - Street Light","Violation Driver 1","No Controls Present/Factor","Clear","Broadside","Intersection","Other Vehicle","Not Applicable","Not Applicable","At",""
"681832","CR-0000091241","0","0","0","0","22-088-1054","False","False","76","3/29/2022 10:51:00 PM","No Pedestrians Involved","Dry","No Unusual Conditions","Dark - Street Light","Violation Driver 1","No Controls Present/Factor","Clear","Sideswipe","Non-Related","Parked Vehicle","Not Applicable","Not Applicable","South Of",""
"681833","CR-0000091242","0","1","0","0","22-089-0136","False","False","70","3/30/2022 7:48:00 AM","No Pedestrians Involved","Dry","No Unusual Conditions","Daylight","Violation Driver 1","No Controls Present/Factor","Clear","Vehicle/Bike","Non-Related","Bike","Not Applicable","Not Applicable","East Of","BIKE"
"681834","CR-0000091244","0","1","0","0","22-089-0735","True","False","180","3/30/2022 6:00:00 PM","No Pedestrians Involved","Dry","No Unusual Conditions","Daylight","Violation Driver 1","No Controls Present/Factor","Clear","Hit Object","Non-Related","Fixed Object","Not Applicable","Not Applicable","West Of","LIGHT POLE"
"681835","CR-0000091243","0","1","0","0","22-089-0428","False","False","160","3/30/2022 1:07:00 PM","No Pedestrians Involved","Dry","No Unusual Conditions","Daylight","Violation Driver 1","Controls Functioning","Clear","Broadside","Non-Related","Other Vehicle","Not Applicable","Not Applicable","East Of",""
"681836","CR-0000091245","0","0","0","0","22-089-0326","False","False","201","3/30/2022 11:24:00 AM","No Pedestrians Involved","Dry","No Unusual Conditions","Daylight","Violation Driver 1","No Controls Present/Factor","Clear","Rear End","Non-Related","Parked Vehicle","Not Applicable","Not Applicable","East Of",""
"681837","CR-0000091246","0","0","0","0","22-090-0374","False","False","114","3/31/2022 8:30:00 AM","No Pedestrians Involved","Dry","No Unusual Conditions","Daylight","Violation Driver 1","No Controls Present/Factor","Clear","Rear End","Non-Related","Parked Vehicle","Not Applicable","Not Applicable","West Of",""
"681838","CR-0000091247","1","1","0","0","22-090-0956","False","False","93","3/31/2022 9:10:00 PM","No Pedestrians Involved","Dry","No Unusual Conditions","Dark - Street Light","Violation Driver 1","Controls Functioning","Clear","Broadside","Non-Related","Other Vehicle","Not Applicable","Not Applicable","West Of",""
"681839","CR-0000091248","0","0","0","0","22-090-0968","True","False","205","3/31/2022 9:10:00 PM","No Pedestrians Involved","Dry","Other","Dark - Street Light","Violation Driver 1","No Controls Present/Factor","Clear","Hit Object","Non-Related","Fixed Object","Not Applicable","Not Applicable","North Of","CENTER MEDIAN"
"681840","CR-0000091258","0","0","0","0","22-096-9705","False","True","0","3/10/2022 3:00:00 AM","No Pedestrians Involved","Unknown","Unknown","Dark - Street Light","Unknown","Unknown","Clear","Other","Intersection","Other Vehicle","Not Applicable","Not Applicable","At",""
"681841","CR-0000091259","0","0","0","0","22-070-9708","False","True","20","3/11/2022 12:05:00 PM","No Pedestrians Involved","Dry","No Unusual Conditions","Daylight","Unknown","Controls Functioning","Clear","Rear End","Related","Other Vehicle","Not Applicable","Not Applicable","West Of",""
"681842","CR-0000091260","0","0","0","0","22-074-9707","False","True","51","3/12/2022 2:00:00 PM","No Pedestrians Involved","Dry","Unknown","Dusk - Dawn","Unknown","Controls Functioning","Clear","Broadside","Non-Related","Other Vehicle","Not Applicable","Not Applicable","South Of",""
"681843","CR-0000091261","0","0","0","0","22-077-9706","False","True","40","3/16/2022 8:15:00 AM","No Pedestrians Involved","Dry","No Unusual Conditions","Daylight","Unknown","Controls Functioning","Clear","Rear End","Related","Other Vehicle","Not Applicable","Not Applicable","South Of",""
"681844","CR-0000091299","0","0","0","0","22-093-9706","False","True","0","3/16/2022 2:15:00 PM","No Pedestrians Involved","Dry","No Unusual Conditions","Daylight","Unknown","Controls Functioning","Clear","Sideswipe","Intersection","Other Vehicle","Not Applicable","Not Applicable","At",""
"681845","CR-0000091298","0","0","0","0","22-093-9704","False","True","51","3/3/2022 1:00:00 PM","No Pedestrians Involved","Dry","No Unusual Conditions","Daylight","Unknown","No Controls Present/Factor","Clear","Vehicle/Bike","Non-Related","Bike","Not Applicable","Not Applicable","West Of","BIKE"
"681846","CR-0000091300","0","0","0","0","22-093-9707","False","True","51","3/17/2022 4:25:00 PM","No Pedestrians Involved","Dry","No Unusual Conditions","Daylight","Unknown","Controls Functioning","Clear","Overturned","Non-Related","Other Vehicle","Not Applicable","Not Applicable","East Of",""
"681847","CR-0000091301","0","0","0","0","22-072-9704","False","True","","3/10/2022 2:25:00 PM","No Pedestrians Involved","Dry","No Unusual Conditions","Daylight","Unknown","Controls Functioning","Clear","Rear End","Related","Other Vehicle","Not Applicable","Not Applicable","Unknown",""
"681848","CR-0000091302","0","0","0","0","22-072-9705","False","True","","3/13/2022 12:45:00 AM","No Pedestrians Involved","Dry","No Unusual Conditions","Dark - Street Light","Unknown","Controls Functioning","Clear","Head On","Related","Other Vehicle","Not Applicable","Not Applicable","West Of",""
"681849","CR-0000091303","0","0","0","0","22-073-0181","False","False","","3/14/2022 9:17:00 AM","No Pedestrians Involved","Dry","No Unusual Conditions","Daylight","Violation Driver 1","Controls Functioning","Clear","Rear End","Related","Other Vehicle","Not Applicable","Not Applicable","South Of",""
"681850","CR-0000091304","0","0","0","0","22-084-9705","False","True","51","3/25/2022 12:25:00 PM","No Pedestrians Involved","Dry","No Unusual Conditions","Daylight","Unknown","Controls Functioning","Clear","Rear End","Non-Related","Other Vehicle","Not Applicable","Not Applicable","East Of",""
"681851","CR-0000091305","0","0","0","0","22-084-0084","False","False","79","3/25/2022 2:53:00 AM","No Pedestrians Involved","Dry","No Unusual Conditions","Dark - Street Light","Violation Driver 1","Controls Functioning","Clear","Rear End","Non-Related","Other Vehicle","Not Applicable","Not Applicable","East Of",""
"681852","CR-0000091306","0","0","0","0","22-087-9703","False","True","51","3/27/2022 3:30:00 PM","No Pedestrians Involved","Dry","No Unusual Conditions","Daylight","Unknown","Controls Functioning","Clear","Rear End","Non-Related","Other Vehicle","Not Applicable","Not Applicable","West Of",""
"681853","CR-0000091316","1","1","0","0","22-072-0085","False","False","0","3/13/2022 1:44:00 AM","No Pedestrians Involved","Dry","No Unusual Conditions","Dark - Street Light","Violation Driver 1","Controls Functioning","Clear","Broadside","Intersection","Other Vehicle","Not Applicable","Not Applicable","At",""
"681854","CR-0000091317","0","1","0","0","22-070-0970","False","False","195","3/11/2022 11:16:00 PM","No Pedestrians Involved","Dry","No Unusual Conditions","Dark - Street Light","Violation Driver 1","Controls Functioning","Clear","Rear End","Non-Related","Parked Vehicle","Not Applicable","Not Applicable","North Of",""
"681855","CR-0000091318","1","0","0","0","22-070-0751","False","False","","3/11/2022 6:46:00 PM","No Pedestrians Involved","Dry","No Unusual Conditions","Daylight","Violation Driver 1","No Controls Present/Factor","Clear","Head On","Related","Other Vehicle","Not Applicable","Not Applicable","Unknown",""
"681856","CR-0000091337","1","0","0","0","22-070-0640","False","False","19","3/11/2022 7:53:00 PM","No Pedestrians Involved","Dry","No Unusual Conditions","Daylight","Violation Driver 1","Controls Functioning","Clear","Rear End","Related","Other Vehicle","Not Applicable","Not Applicable","East Of",""
"681857","CR-0000091338","0","0","1","0","22-070-0477","False","False","0","3/11/2022 1:30:00 PM","No Pedestrians Involved","Dry","No Unusual Conditions","Daylight","Bike At Fault","Unknown","Clear","Vehicle/Bike","Intersection","Bike","Not Applicable","Not Applicable","At","BIKE"
"681858","CR-0000091339","1","1","0","0","22-069-0912","False","False","0","3/10/2022 2:18:00 PM","No Pedestrians Involved","Dry","No Unusual Conditions","Daylight","Violation Driver 1","Controls Functioning","Clear","Head On","Intersection","Other Vehicle","Not Applicable","Not Applicable","At",""
"681859","CR-0000091340","0","1","0","0","22-068-0135","False","False","241","3/9/2022 6:23:00 AM","No Pedestrians Involved","Dry","No Unusual Conditions","Dusk - Dawn","Violation Driver 1","No Controls Present/Factor","Clear","Broadside","Non-Related","Other Vehicle","Not Applicable","Not Applicable","South Of",""
"681860","CR-0000091341","0","0","0","0","22-067-1061","False","False","0","3/8/2022 11:48:00 PM","No Pedestrians Involved","Dry","No Unusual Conditions","Dark - Street Light","Violation Driver 1","Controls Functioning","Clear","Head On","Intersection","Other Vehicle","Not Applicable","Not Applicable","At",""
"681861","CR-0000091342","0","0","0","0","22-066-0727","False","False","0","3/7/2022 4:00:00 PM","No Pedestrians Involved","Dry","No Unusual Conditions","Daylight","Violation Driver 1","No Controls Present/Factor","Clear","Rear End","Intersection","Other Vehicle","Not Applicable","Not Applicable","At",""
"681862","CR-0000091343","0","0","1","0","22-065-0147","False","False","0","3/6/2022 2:31:00 AM","In Road - Includes Shoulder","Dry","No Unusual Conditions","Dark - Street Light","Violation Driver 1","Controls Functioning","Clear","Vehicle/Pedestrian","Intersection","Pedestrian","Unknown","Unknown","At","PEDESTRIAN"
"681863","CR-0000091344","0","0","0","0","22-064-0395","False","False","51","3/5/2022 12:47:00 PM","No Pedestrians Involved","Dry","No Unusual Conditions","Daylight","Violation Driver 1","No Controls Present/Factor","Clear","Vehicle/Bike","Non-Related","Bike","Not Applicable","Not Applicable","East Of","BIKE"
"681864","CR-0000091345","1","0","0","0","22-064-0203","False","False","230","3/5/2022 7:27:00 AM","No Pedestrians Involved","Dry","No Unusual Conditions","Daylight","Violation Driver 1","No Controls Present/Factor","Clear","Sideswipe","Non-Related","Motorcycle","Not Applicable","Not Applicable","North Of",""
"681865","CR-0000091346","1","0","0","0","22-063-0720","False","False","","3/4/2022 6:24:00 PM","No Pedestrians Involved","Dry","No Unusual Conditions","Daylight","Violation Driver 1","Controls Functioning","Clear","Rear End","Related","Other Vehicle","Not Applicable","Not Applicable","West Of",""
"681866","CR-0000091347","0","1","0","0","22-063-0596","False","False","0","3/4/2022 4:14:00 PM","Crossing In Crosswalk - At Intersection","Dry","No Unusual Conditions","Daylight","Violation Driver 1","Controls Functioning","Clear","Vehicle/Pedestrian","Intersection","Pedestrian","North","South","At","PEDESTRIAN"
"681867","CR-0000091348","1","0","0","0","22-063-0187","False","False","0","3/4/2022 8:25:00 AM","No Pedestrians Involved","Dry","Unknown","Daylight","Violation Driver 1","Controls Functioning","Clear","Head On","Intersection","Bike","Not Applicable","Not Applicable","At","BIKE"
"681868","CR-0000091349","1","0","0","0","22-062-0880","False","False","348","3/3/2022 7:46:00 PM","No Pedestrians Involved","Dry","No Unusual Conditions","Dark - Street Light","Violation Driver 1","Controls Functioning","Cloudy","Rear End","Non-Related","Other Vehicle","Not Applicable","Not Applicable","West Of",""
"681869","CR-0000091350","0","1","0","0","22-062-0598","False","False","25","3/3/2022 2:43:00 PM","In Road - Includes Shoulder","Wet","No Unusual Conditions","Daylight","Violation Driver 1","Controls Functioning","Rain","Vehicle/Pedestrian","Related","Pedestrian","South","North","South Of","PEDESTRIAN"
"681870","CR-0000091351","1","0","0","0","22-061-0570","False","False","","3/2/2022 2:18:00 PM","Crossing In Crosswalk - At Intersection","Dry","No Unusual Conditions","Daylight","Violation Driver 1","Controls Obscured","Clear","Vehicle/Pedestrian","Related","Pedestrian","West","East","North Of","PEDESTRIAN"
"681871","CR-0000091352","2","0","0","0","22-042-0306","False","False","48","2/11/2022 10:34:00 AM","No Pedestrians Involved","Dry","No Unusual Conditions","Daylight","Violation Driver 1","Controls Functioning","Clear","Rear End","Related","Other Vehicle","Not Applicable","Not Applicable","North Of",""
"681872","CR-0000091353","1","0","0","0","22-042-0909","False","False","0","2/11/2022 7:00:00 PM","Crossing In Crosswalk - At Intersection","Dry","No Unusual Conditions","Daylight","Violation Driver 1","No Controls Present/Factor","Clear","Vehicle/Pedestrian","Intersection","Pedestrian","South","North","At","PED"
"681873","CR-0000091354","0","0","0","0","22-119-4000","False","True","51","2/14/2022 10:22:00 PM","No Pedestrians Involved","Unknown","Unknown","Dark - Street Light","Unknown","No Controls Present/Factor","Unknown","Sideswipe","Non-Related","Parked Vehicle","Not Applicable","Not Applicable","West Of",""
"681874","CR-0000091355","1","0","0","0","22-041-0462","True","False","235","2/10/2022 12:08:00 PM","No Pedestrians Involved","Dry","No Unusual Conditions","Daylight","Violation Driver 1","Controls Functioning","Clear","Head On","Non-Related","Fixed Object","Not Applicable","Not Applicable","West Of","Light Pole #10J77"
"681875","CR-0000091356","1","0","0","0","22-040-0849","False","False","570","2/9/2022 7:12:00 PM","No Pedestrians Involved","Dry","No Unusual Conditions","Dark - Street Light","Violation Driver 1","Controls Not Functioning","Clear","Broadside","Non-Related","Motor Vehicle On Other Roadway","Not Applicable","Not Applicable","South Of",""
"681876","CR-0000091357","0","1","0","0","22-037-0351","False","False","60","2/6/2022 11:20:00 AM","In Road - Includes Shoulder","Dry","No Unusual Conditions","Daylight","Violation Driver 1","Controls Functioning","Clear","Broadside","Non-Related","Bike","West","East","West Of","BIKE"
"681877","CR-0000091358","0","1","0","0","22-037-0528","False","False","261","2/6/2022 3:22:00 PM","No Pedestrians Involved","Dry","No Unusual Conditions","Daylight","Violation Driver 1","Controls Functioning","Clear","Rear End","Non-Related","Other Vehicle","Not Applicable","Not Applicable","West Of",""
"681878","CR-0000091359","2","0","0","0","22-036-0076","False","False","31","2/5/2022 1:18:00 AM","No Pedestrians Involved","Dry","No Unusual Conditions","Dark - Street Light","Violation Driver 1","Controls Functioning","Clear","Rear End","Related","Other Vehicle","Not Applicable","Not Applicable","East Of",""
"681879","CR-0000091360","0","0","0","0","22-036-0163","False","False","0","2/5/2022 3:53:00 AM","No Pedestrians Involved","Dry","No Unusual Conditions","Dusk - Dawn","Violation Driver 1","Controls Functioning","Clear","Rear End","Intersection","Parked Vehicle","Not Applicable","Not Applicable","At",""
"681880","CR-0000091361","0","1","0","0","22-036-0323","False","False","0","2/5/2022 10:31:00 AM","No Pedestrians Involved","Dry","No Unusual Conditions","Daylight","Violation Driver 1","Unknown","Clear","Sideswipe","Intersection","Other Vehicle","Not Applicable","Not Applicable","East Of",""
"681881","CR-0000091362","0","1","0","0","22-036-0325","False","False","275","2/5/2022 10:36:00 AM","No Pedestrians Involved","Dry","No Unusual Conditions","Daylight","Violation Driver 1","No Controls Present/Factor","Clear","Rear End","Non-Related","Parked Vehicle","Not Applicable","Not Applicable","North Of",""
"681882","CR-0000091363","1","0","0","0","22-036-0387","False","False","0","2/5/2022 11:58:00 AM","No Pedestrians Involved","Dry","No Unusual Conditions","Daylight","Violation Driver 1","Controls Functioning","Clear","Sideswipe","Intersection","Other Vehicle","Not Applicable","Not Applicable","At",""
"681883","CR-0000091364","1","0","0","0","22-036-0528","False","False","0","2/5/2022 3:30:00 PM","No Pedestrians Involved","Dry","No Unusual Conditions","Daylight","Violation Driver 1","Controls Functioning","Clear","Rear End","Intersection","Other Vehicle","Not Applicable","Not Applicable","At",""
"681884","CR-0000091365","1","0","0","0","22-036-0693","False","False","21","2/5/2022 7:49:00 PM","No Pedestrians Involved","Dry","No Unusual Conditions","Dark - Street Light","Violation Driver 1","No Controls Present/Factor","Clear","Broadside","Related","Other Vehicle","Not Applicable","Not Applicable","North Of",""
"681885","CR-0000091366","1","0","1","0","22-038-9712","False","True","20","2/5/2022 5:00:00 PM","In Road - Includes Shoulder","Dry","No Unusual Conditions","Daylight","Unknown","Controls Functioning","Clear","Vehicle/Pedestrian","Related","Pedestrian","Unknown","Unknown","East Of","PED x2"
"681886","CR-0000091367","0","0","0","0","22-035-0120","False","False","54","2/4/2022 4:26:00 AM","No Pedestrians Involved","Dry","No Unusual Conditions","Dark - Street Light","Violation Driver 1","No Controls Present/Factor","Clear","Sideswipe","Non-Related","Parked Vehicle","Not Applicable","Not Applicable","West Of",""
"681887","CR-0000091368","0","0","0","0","22-035-0122","False","False","20","2/4/2022 4:49:00 AM","No Pedestrians Involved","Dry","No Unusual Conditions","Dark - Street Light","Violation Driver 1","Controls Functioning","Clear","Sideswipe","Related","Parked Vehicle","Not Applicable","Not Applicable","West Of",""
"681888","CR-0000091370","0","1","0","0","22-035-0609","False","False","0","2/4/2022 4:02:00 PM","Crossing In Crosswalk - At Intersection","Dry","No Unusual Conditions","Daylight","Violation Driver 1","No Controls Present/Factor","Clear","Vehicle/Pedestrian","Intersection","Pedestrian","West","East","At","ped"
"681889","CR-0000091371","2","0","0","0","22-035-0781","True","False","51","2/4/2022 6:23:00 PM","No Pedestrians Involved","Dry","No Unusual Conditions","Dusk - Dawn","Violation Driver 1","No Controls Present/Factor","Clear","Rear End","Non-Related","Other Vehicle","Not Applicable","Not Applicable","East Of","Emergency Vehicle"
"681890","CR-0000091372","1","1","0","0","22-035-0786","False","False","36","2/4/2022 6:46:00 PM","No Pedestrians Involved","Dry","No Unusual Conditions","Dark - Street Light","Violation Driver 1","Controls Functioning","Clear","Broadside","Related","Other Vehicle","Not Applicable","Not Applicable","North Of",""
"681891","CR-0000091373","0","0","0","0","22-054-0001","False","False","0","2/23/2022 12:01:00 AM","No Pedestrians Involved","Dry","No Unusual Conditions","Dark - Street Light","Violation Driver 1","No Controls Present/Factor","Clear","Broadside","Intersection","Other Vehicle","Not Applicable","Not Applicable","At",""
"681892","CR-0000091374","0","1","0","0","22-054-0205","False","False","0","2/23/2022 8:00:00 AM","Crossing - Not In Crosswalk","Dry","No Unusual Conditions","Daylight","Violation Driver 1","No Controls Present/Factor","Clear","Vehicle/Pedestrian","Intersection","Bike","South","North","At","BIKE"
"681893","CR-0000091375","2","0","0","0","22-054-0270","False","False","0","2/23/2022 9:26:00 AM","No Pedestrians Involved","Dry","No Unusual Conditions","Daylight","Violation Driver 1","Controls Functioning","Clear","Broadside","Intersection","Other Vehicle","Not Applicable","Not Applicable","At",""
"681894","CR-0000091376","0","0","0","1","22-061-0677","False","False","51","3/2/2022 4:45:00 PM","In Road - Includes Shoulder","Dry","No Unusual Conditions","Daylight","Violation Driver 1","No Controls Present/Factor","Clear","Vehicle/Pedestrian","Non-Related","Pedestrian","No Direction (Not Walking)","No Direction (Not Walking)","North Of","PED Fatality"
"681895","CR-0000091377","0","0","0","1","22-023-0186","False","False","0","1/23/2022 4:40:00 AM","Crossing In Crosswalk - At Intersection","Dry","No Unusual Conditions","Dark - Street Light","Violation Driver 1","Controls Functioning","Clear","Vehicle/Pedestrian","Intersection","Pedestrian","Unknown","Unknown","At","PED"
"681896","CR-0000091378","0","0","0","1","22-007-0763","False","False","250","1/7/2022 8:30:00 PM","In Road - Includes Shoulder","Dry","No Unusual Conditions","Dark - Street Light","Pedestrian At Fault","Controls Functioning","Cloudy","Vehicle/Pedestrian","Non-Related","Pedestrian","West","East","North Of","PED"
"681897","CR-0000091379","0","0","1","0","22-085-0404","False","False","0","3/26/2022 1:33:00 PM","Crossing In Crosswalk - At Intersection","Dry","No Unusual Conditions","Daylight","Pedestrian At Fault","Controls Functioning","Clear","Vehicle/Pedestrian","Intersection","Pedestrian","West","East","At","PEDESTRIAN"
"681898","CR-0000091389","1","0","0","0","22-054-0322","False","False","0","2/23/2022 10:15:00 AM","No Pedestrians Involved","Dry","No Unusual Conditions","Daylight","Violation Driver 1","No Controls Present/Factor","Clear","Broadside","Intersection","Other Vehicle","Not Applicable","Not Applicable","At",""
"681899","CR-0000091390","1","0","0","0","22-054-0408","False","False","120","2/23/2022 10:40:00 AM","No Pedestrians Involved","Dry","No Unusual Conditions","Daylight","Violation Driver 1","Controls Functioning","Clear","Broadside","Non-Related","Other Vehicle","Not Applicable","Not Applicable","South Of",""
"681900","CR-0000091391","1","0","0","0","22-054-0445","True","False","51","2/23/2022 12:28:00 PM","No Pedestrians Involved","Dry","No Unusual Conditions","Daylight","Violation Driver 1","Controls Functioning","Clear","Broadside","Non-Related","Fixed Object","Not Applicable","Not Applicable","East Of","Stop Sign"
"681901","CR-0000091392","1","0","0","0","22-054-0466","False","False","0","2/23/2022 12:50:00 PM","No Pedestrians Involved","Dry","No Unusual Conditions","Daylight","Violation Driver 1","No Controls Present/Factor","Clear","Head On","Intersection","Other Vehicle","Not Applicable","Not Applicable","At",""
"681902","CR-0000091393","2","0","0","0","22-054-0536","False","False","0","2/23/2022 1:57:00 PM","No Pedestrians Involved","Dry","No Unusual Conditions","Daylight","Violation Driver 1","No Controls Present/Factor","Clear","Broadside","Intersection","Other Vehicle","Not Applicable","Not Applicable","At",""
"681903","CR-0000091394","2","0","0","0","22-054-0540","False","False","0","2/23/2022 2:01:00 PM","No Pedestrians Involved","Dry","No Unusual Conditions","Daylight","Violation Driver 1","Unknown","Clear","Rear End","Intersection","Other Vehicle","Not Applicable","Not Applicable","At",""
"681904","CR-0000091395","1","0","0","0","22-054-0683","False","False","0","2/23/2022 5:29:00 PM","No Pedestrians Involved","Dry","No Unusual Conditions","Daylight","Violation Driver 1","No Controls Present/Factor","Clear","Rear End","Intersection","Other Vehicle","Not Applicable","Not Applicable","At",""
"681905","CR-0000091396","0","0","0","0","22-054-0809","False","False","0","2/23/2022 7:33:00 PM","No Pedestrians Involved","Dry","No Unusual Conditions","Dark - Street Light","Violation Driver 1","Controls Functioning","Clear","Sideswipe","Intersection","Other Vehicle","Not Applicable","Not Applicable","At",""
"681906","CR-0000091397","0","0","0","0","22-054-0842","False","False","51","2/23/2022 8:10:00 PM","No Pedestrians Involved","Dry","No Unusual Conditions","Dark - Street Light","Violation Driver 1","No Controls Present/Factor","Clear","Head On","Non-Related","Other Vehicle","Not Applicable","Not Applicable","North Of",""
"681907","CR-0000091398","0","0","0","0","22-054-0904","False","False","0","2/23/2022 9:20:00 PM","No Pedestrians Involved","Dry","No Unusual Conditions","Dark - Street Light","Violation Driver 1","No Controls Present/Factor","Clear","Head On","Intersection","Bike","Not Applicable","Not Applicable","At","BIKE"
"681908","CR-0000091399","0","0","0","0","22-054-9704","False","True","","2/23/2022 6:45:00 AM","No Pedestrians Involved","Dry","No Unusual Conditions","Daylight","Unknown","Controls Functioning","Clear","Rear End","Related","Other Vehicle","Not Applicable","Not Applicable","Unknown",""
"681909","CR-0000091401","2","1","0","0","22-047-0309","False","False","0","2/16/2022 9:30:00 AM","No Pedestrians Involved","Dry","No Unusual Conditions","Daylight","Violation Driver 1","No Controls Present/Factor","Clear","Broadside","Intersection","Other Vehicle","Not Applicable","Not Applicable","At",""
"681910","CR-0000091402","1","0","0","0","22-047-0324","False","False","0","2/16/2022 11:36:00 AM","No Pedestrians Involved","Dry","No Unusual Conditions","Daylight","Violation Driver 1","Controls Functioning","Clear","Broadside","Intersection","Other Vehicle","Not Applicable","Not Applicable","At",""
"681911","CR-0000091404","1","0","0","0","22-047-0725","False","False","0","2/16/2022 4:14:00 PM","No Pedestrians Involved","Dry","No Unusual Conditions","Daylight","Violation Driver 1","Controls Functioning","Clear","Broadside","Intersection","Other Vehicle","Not Applicable","Not Applicable","At",""
"681912","CR-0000091405","1","0","0","0","22-047-0796","False","False","32","2/16/2022 5:18:00 PM","No Pedestrians Involved","Dry","No Unusual Conditions","Daylight","Violation Driver 1","Controls Functioning","Clear","Rear End","Related","Other Vehicle","Not Applicable","Not Applicable","North Of",""
"681913","CR-0000091407","0","0","0","0","22-072-0122","False","False","0","3/13/2022 3:50:00 AM","No Pedestrians Involved","Dry","No Unusual Conditions","Dark - Street Light","Violation Driver 1","No Controls Present/Factor","Clear","Hit Object","Intersection","Fixed Object","Not Applicable","Not Applicable","At","Chain Link Fence"
"681914","CR-0000091408","0","0","0","0","22-072-0136","False","False","0","3/13/2022 4:27:00 AM","No Pedestrians Involved","Dry","No Unusual Conditions","Dark - No Street Light","Violation Driver 1","Controls Functioning","Clear","Hit Object","Intersection","Fixed Object","Not Applicable","Not Applicable","At","Brick wall"
"681915","CR-0000091409","2","1","0","0","22-072-0378","False","False","0","3/13/2022 1:02:00 PM","No Pedestrians Involved","Dry","No Unusual Conditions","Daylight","Violation Driver 1","No Controls Present/Factor","Clear","Head On","Intersection","Other Vehicle","Not Applicable","Not Applicable","At",""
"681916","CR-0000091410","0","0","1","0","22-072-0737","False","False","140","3/13/2022 9:04:00 PM","Crossing - Not In Crosswalk","Dry","No Unusual Conditions","Dark - Street Light","Pedestrian At Fault","No Controls Present/Factor","Clear","Vehicle/Pedestrian","Non-Related","Pedestrian","North","South","West Of","PED"
"681917","CR-0000091411","0","0","0","0","22-072-0809","False","False","61","8/13/2022 10:34:00 PM","No Pedestrians Involved","Dry","No Unusual Conditions","Dark - Street Light","Violation Driver 1","Controls Functioning","Clear","Hit Object","Non-Related","Fixed Object","Not Applicable","Not Applicable","East Of","Building"