"CrashFactId","Name","MinorInjuries","ModerateInjuries","SevereInjuries","FatalInjuries","TcrNumber","CityDamageFlag","ShortFormFlag","Distance","CrashDateTime","PedestrianAction","RoadwaySurface","RoadwayCondition","Lighting","PrimaryCollisionFactor","TrafficControl","Weather","CollisionType","ProximityToIntersection","VehicleInvolvedWith","PedestrianDirectionFrom","PedestrianDirectionTo","DirectionFromIntersection","Comment"
"681918","CR-0000091412","0","0","0","0","22-072-0815","False","False","0","3/13/2022 10:40:00 PM","No Pedestrians Involved","Dry","No Unusual Conditions","Dark - Street Light","Violation Driver 1","Controls Functioning","Clear","Sideswipe","Intersection","Other Vehicle","Not Applicable","Not Applicable","At",""
"681919","CR-0000091413","0","0","0","0","22-072-0843","False","False","20","3/13/2022 10:29:00 PM","No Pedestrians Involved","Dry","No Unusual Conditions","Dark - Street Light","Violation Driver 1","Controls Functioning","Clear","Broadside","Related","Parked Vehicle","Not Applicable","Not Applicable","North Of",""
"681920","CR-0000091414","0","1","0","0","22-070-0024","True","False","240","3/11/2022 12:22:00 AM","No Pedestrians Involved","Dry","No Unusual Conditions","Dark - Street Light","Violation Driver 1","No Controls Present/Factor","Clear","Rear End","Non-Related","Parked Vehicle","Not Applicable","Not Applicable","North Of","Light Pole"
"681921","CR-0000091415","1","0","0","0","22-070-0048","False","False","0","3/11/2022 12:55:00 AM","No Pedestrians Involved","Dry","No Unusual Conditions","Dark - Street Light","Violation Driver 1","Controls Functioning","Clear","Broadside","Intersection","Other Vehicle","Not Applicable","Not Applicable","At",""
"681922","CR-0000091416","0","0","0","0","22-070-0203","False","False","0","3/11/2022 7:52:00 AM","No Pedestrians Involved","Dry","No Unusual Conditions","Daylight","Violation Driver 1","Controls Functioning","Clear","Broadside","Intersection","Other Vehicle","Not Applicable","Not Applicable","At",""
"681923","CR-0000091417","1","0","0","0","22-049-0211","False","False","0","2/18/2022 8:38:00 AM","Crossing In Crosswalk - At Intersection","Dry","No Unusual Conditions","Daylight","Violation Driver 1","Controls Functioning","Clear","Vehicle/Pedestrian","Intersection","Pedestrian","South","North","At","ped"
"681924","CR-0000091418","2","0","0","0","22-049-0392","False","False","0","2/18/2022 11:53:00 AM","No Pedestrians Involved","Dry","No Unusual Conditions","Daylight","Violation Driver 1","Controls Functioning","Clear","Head On","Intersection","Other Vehicle","Not Applicable","Not Applicable","At",""
"681925","CR-0000091419","1","0","0","0","22-049-0443","False","False","87","2/18/2022 12:41:00 PM","No Pedestrians Involved","Dry","No Unusual Conditions","Daylight","Violation Driver 1","Controls Functioning","Clear","Rear End","Non-Related","Other Vehicle","Not Applicable","Not Applicable","East Of",""
"681926","CR-0000091420","1","0","0","0","22-049-0655","True","False","0","2/18/2022 3:59:00 PM","No Pedestrians Involved","Dry","No Unusual Conditions","Daylight","Unknown","No Controls Present/Factor","Clear","Rear End","Intersection","Other Vehicle","Not Applicable","Not Applicable","At","PD"
"681927","CR-0000091421","0","0","0","0","22-049-0682","True","False","32","2/18/2022 4:26:00 PM","No Pedestrians Involved","Dry","No Unusual Conditions","Daylight","Violation Driver 1","No Controls Present/Factor","Clear","Hit Object","Related","Fixed Object","Not Applicable","Not Applicable","West Of","Parking meter & sign"
"681928","CR-0000091423","3","0","0","0","22-049-0998","False","False","0","2/18/2022 10:04:00 PM","No Pedestrians Involved","Dry","No Unusual Conditions","Dark - Street Light","Violation Driver 1","Controls Functioning","Clear","Head On","Intersection","Other Vehicle","Not Applicable","Not Applicable","South Of",""
"681929","CR-0000091424","0","0","0","0","22-049-1014","True","False","400","2/18/2022 10:20:00 PM","No Pedestrians Involved","Dry","No Unusual Conditions","Dark - Street Light","Violation Driver 1","No Controls Present/Factor","Clear","Hit Object","Non-Related","Fixed Object","Not Applicable","Not Applicable","East Of","Light Pole #17P426"
"681930","CR-0000091434","0","1","0","0","22-090-0762","False","False","0","3/31/2022 5:59:00 PM","No Pedestrians Involved","Dry","No Unusual Conditions","Daylight","Violation Driver 1","No Controls Present/Factor","Clear","Broadside","Intersection","Other Vehicle","Not Applicable","Not Applicable","At",""
"681931","CR-0000091435","0","2","0","0","22-090-0884","False","False","0","3/31/2022 7:46:00 PM","Crossing In Crosswalk - At Intersection","Dry","No Unusual Conditions","Dark - Street Light","Violation Driver 1","Controls Functioning","Clear","Vehicle/Pedestrian","Intersection","Pedestrian","South","North","At","PEDESTRIAN"
"681932","CR-0000091437","1","0","0","0","22-090-0330","False","False","0","3/31/2022 10:38:00 AM","No Pedestrians Involved","Dry","No Unusual Conditions","Daylight","Violation Driver 1","Controls Functioning","Clear","Rear End","Intersection","Other Vehicle","Not Applicable","Not Applicable","At",""
"681933","CR-0000091438","0","0","0","0","22-089-0141","False","False","0","3/30/2022 7:56:00 AM","No Pedestrians Involved","Dry","No Unusual Conditions","Daylight","Violation Driver 1","Controls Functioning","Clear","Rear End","Intersection","Other Vehicle","Not Applicable","Not Applicable","At",""
"681934","CR-0000091439","0","0","0","0","22-089-0158","False","False","115","3/30/2022 8:43:00 AM","No Pedestrians Involved","Dry","No Unusual Conditions","Daylight","Violation Driver 1","No Controls Present/Factor","Clear","Broadside","Non-Related","Motor Vehicle On Other Roadway","Not Applicable","Not Applicable","West Of",""
"681935","CR-0000091440","2","0","0","0","22-047-0181","False","False","0","2/16/2022 7:05:00 AM","No Pedestrians Involved","Dry","No Unusual Conditions","Daylight","Violation Driver 1","No Controls Present/Factor","Clear","Broadside","Intersection","Other Vehicle","Not Applicable","Not Applicable","At",""
"681936","CR-0000091441","0","1","0","0","22-046-0393","False","False","275","2/15/2022 11:22:00 AM","Not In Road","Dry","No Unusual Conditions","Daylight","Violation Driver 1","Unknown","Clear","Head On","Non-Related","Pedestrian","North","South","North Of","PED"
"681937","CR-0000091443","1","0","0","0","22-046-0600","False","False","350","2/15/2022 2:43:00 PM","No Pedestrians Involved","Dry","No Unusual Conditions","Daylight","Unknown","Controls Functioning","Clear","Sideswipe","Non-Related","Scooter Non-Motorized","Not Applicable","Not Applicable","South Of","Scooter"
"681938","CR-0000091446","1","0","0","0","22-044-0420","False","False","0","2/13/2022 12:25:00 PM","No Pedestrians Involved","Dry","No Unusual Conditions","Daylight","Violation Driver 1","Controls Functioning","Clear","Sideswipe","Intersection","Other Vehicle","Not Applicable","Not Applicable","At",""
"681939","CR-0000091448","2","0","0","0","22-044-0722","False","False","0","2/13/2022 7:36:00 PM","No Pedestrians Involved","Dry","No Unusual Conditions","Daylight","Violation Driver 1","Controls Functioning","Clear","Sideswipe","Intersection","Other Vehicle","Not Applicable","Not Applicable","At",""
"681940","CR-0000091449","1","0","0","0","22-089-0227","False","False","0","3/30/2022 9:35:00 AM","No Pedestrians Involved","Dry","No Unusual Conditions","Daylight","Violation Driver 1","Controls Functioning","Cloudy","Head On","Intersection","Other Vehicle","Not Applicable","Not Applicable","At",""
"681941","CR-0000091450","0","1","0","0","22-089-0982","True","False","450","3/30/2022 11:15:00 PM","No Pedestrians Involved","Dry","No Unusual Conditions","Dark - Street Light","Violation Driver 1","Controls Functioning","Clear","Hit Object","Non-Related","Fixed Object","Not Applicable","Not Applicable","East Of","LIGHT POLE"
"681942","CR-0000091451","1","0","0","0","22-088-0568","False","False","174","3/29/2022 2:26:00 PM","No Pedestrians Involved","Dry","No Unusual Conditions","Daylight","Violation Driver 1","Controls Functioning","Clear","Head On","Non-Related","Other Vehicle","Not Applicable","Not Applicable","West Of",""
"681943","CR-0000091452","1","0","0","0","22-088-0862","False","False","138","3/29/2022 6:53:00 PM","No Pedestrians Involved","Dry","No Unusual Conditions","Dusk - Dawn","Violation Driver 1","No Controls Present/Factor","Clear","Head On","Non-Related","Other Vehicle","Not Applicable","Not Applicable","South Of",""
"681944","CR-0000091453","0","0","1","0","22-088-0865","True","False","0","3/29/2022 6:55:00 PM","No Pedestrians Involved","Dry","No Unusual Conditions","Daylight","Violation Driver 1","Controls Functioning","Clear","Hit Object","Intersection","Fixed Object","Not Applicable","Not Applicable","At","CURB/MERDIAN"
"681945","CR-0000091454","1","0","0","0","22-088-0917","False","False","0","3/29/2022 7:58:00 PM","No Pedestrians Involved","Dry","No Unusual Conditions","Dusk - Dawn","Violation Driver 1","No Controls Present/Factor","Clear","Head On","Intersection","Other Vehicle","Not Applicable","Not Applicable","At",""
"681946","CR-0000091455","0","0","0","0","22-087-0108","True","False","0","3/28/2022 4:28:00 AM","No Pedestrians Involved","Wet","No Unusual Conditions","Dark - Street Light","Violation Driver 1","Controls Functioning","Rain","Hit Object","Intersection","Fixed Object","Not Applicable","Not Applicable","At","TRAFFIC SIGNAL"
"681947","CR-0000091456","0","0","0","0","22-087-0130","False","False","0","3/28/2022 5:47:00 AM","No Pedestrians Involved","Wet","No Unusual Conditions","Dark - No Street Light","Violation Driver 1","No Controls Present/Factor","Cloudy","Sideswipe","Intersection","Other Vehicle","Not Applicable","Not Applicable","At",""
"681948","CR-0000091457","1","0","0","0","22-087-0432","False","False","104","3/28/2022 12:43:00 PM","No Pedestrians Involved","Dry","No Unusual Conditions","Daylight","Violation Driver 1","Controls Functioning","Clear","Rear End","Non-Related","Other Vehicle","Not Applicable","Not Applicable","West Of",""
"681949","CR-0000091458","0","1","0","0","22-086-0209","False","False","0","3/27/2022 8:47:00 AM","Crossing In Crosswalk - At Intersection","Dry","Unknown","Daylight","Pedestrian At Fault","Controls Functioning","Clear","Vehicle/Pedestrian","Intersection","Skateboard","West","East","At","PEDESTRIAN / SKATEBOARD"
"681950","CR-0000091459","0","0","0","0","22-085-0504","False","False","990","3/26/2022 3:50:00 PM","No Pedestrians Involved","Dry","No Unusual Conditions","Daylight","Violation Driver 1","No Controls Present/Factor","Clear","Head On","Non-Related","Parked Vehicle","Not Applicable","Not Applicable","East Of",""
"681951","CR-0000091460","1","1","0","0","22-085-0513","False","False","0","3/26/2022 4:11:00 PM","No Pedestrians Involved","Dry","No Unusual Conditions","Daylight","Violation Driver 1","Controls Functioning","Clear","Broadside","Intersection","Other Vehicle","Not Applicable","Not Applicable","At",""
"681952","CR-0000091461","4","0","0","0","22-085-0843","False","False","32","3/26/2022 9:15:00 PM","No Pedestrians Involved","Dry","No Unusual Conditions","Dark - Street Light","Violation Driver 1","Controls Functioning","Clear","Head On","Related","Other Vehicle","Not Applicable","Not Applicable","West Of",""
"681953","CR-0000091462","1","0","0","0","22-085-0038","False","False","0","3/26/2022 12:40:00 AM","No Pedestrians Involved","Dry","No Unusual Conditions","Dark - Street Light","Violation Driver 1","Controls Functioning","Clear","Broadside","Intersection","Other Vehicle","Not Applicable","Not Applicable","At",""
"681954","CR-0000091463","0","0","0","0","22-085-0066","False","False","75","3/26/2022 1:30:00 AM","No Pedestrians Involved","Dry","No Unusual Conditions","Dark - No Street Light","Violation Driver 1","No Controls Present/Factor","Clear","Sideswipe","Non-Related","Parked Vehicle","Not Applicable","Not Applicable","South Of",""
"681955","CR-0000091464","0","0","0","0","22-084-0273","False","False","0","3/25/2022 6:24:00 PM","Crossing In Crosswalk - At Intersection","Dry","No Unusual Conditions","Daylight","Violation Driver 1","Controls Functioning","Clear","Vehicle/Pedestrian","Intersection","Pedestrian","Unknown","Unknown","At","PEDESTRIAN"
"681956","CR-0000091465","2","0","0","0","22-084-0624","False","False","83","3/25/2022 5:09:00 PM","No Pedestrians Involved","Dry","No Unusual Conditions","Daylight","Violation Driver 1","No Controls Present/Factor","Clear","Head On","Non-Related","Other Vehicle","Not Applicable","Not Applicable","West Of",""
"681957","CR-0000091466","0","0","0","0","22-084-0790","False","False","365","3/25/2022 8:17:00 PM","No Pedestrians Involved","Dry","No Unusual Conditions","Dark - Street Light","Violation Driver 1","No Controls Present/Factor","Clear","Rear End","Non-Related","Other Vehicle","Not Applicable","Not Applicable","West Of",""
"681958","CR-0000091467","1","0","0","0","22-083-0206","False","False","280","3/24/2022 8:18:00 AM","No Pedestrians Involved","Dry","No Unusual Conditions","Daylight","Violation Driver 1","Controls Functioning","Clear","Rear End","Non-Related","Other Vehicle","Not Applicable","Not Applicable","East Of",""
"681959","CR-0000091468","0","0","0","0","22-081-0638","False","False","65","3/22/2022 4:02:00 PM","No Pedestrians Involved","Dry","No Unusual Conditions","Daylight","Violation Driver 2","Controls Functioning","Clear","Rear End","Non-Related","Other Vehicle","Not Applicable","Not Applicable","North Of",""
"681960","CR-0000091469","1","0","0","0","22-081-0664","False","False","125","3/22/2022 5:04:00 PM","Crossing - Not In Crosswalk","Dry","No Unusual Conditions","Daylight","Pedestrian At Fault","No Controls Present/Factor","Clear","Head On","Non-Related","Pedestrian","South","North","East Of","PEDESTRIAN"
"681961","CR-0000091470","0","0","0","0","22-060-0125","False","False","0","3/1/2022 5:17:00 AM","No Pedestrians Involved","Dry","No Unusual Conditions","Dark - Street Light","Violation Driver 1","Controls Functioning","Clear","Broadside","Intersection","Other Vehicle","Not Applicable","Not Applicable","At",""
"681962","CR-0000091471","0","0","1","0","22-600-0143","True","False","700","3/1/2022 6:10:00 AM","No Pedestrians Involved","Dry","No Unusual Conditions","Dark - Street Light","Violation Driver 1","Controls Functioning","Clear","Head On","Non-Related","Fixed Object","Not Applicable","Not Applicable","North Of","Tree"
"681963","CR-0000091472","1","0","0","0","22-060-0157","False","False","0","3/1/2022 7:16:00 AM","No Pedestrians Involved","Dry","No Unusual Conditions","Daylight","Violation Driver 1","No Controls Present/Factor","Clear","Head On","Intersection","Motor Vehicle On Other Roadway","Not Applicable","Not Applicable","At",""
"681964","CR-0000091473","1","0","0","0","22-060-0261","False","False","0","3/1/2022 9:26:00 AM","No Pedestrians Involved","Dry","No Unusual Conditions","Daylight","Unknown","Controls Functioning","Clear","Other","Intersection","Bike","Not Applicable","Not Applicable","At","Bike"
"681965","CR-0000091474","1","0","0","0","22-060-0491","False","False","51","3/1/2022 1:16:00 PM","No Pedestrians Involved","Dry","No Unusual Conditions","Daylight","Violation Driver 1","No Controls Present/Factor","Clear","Rear End","Non-Related","Other Vehicle","Not Applicable","Not Applicable","East Of",""
"681966","CR-0000091475","1","1","0","0","22-060-0573","False","False","94","3/1/2022 3:00:00 PM","No Pedestrians Involved","Dry","No Unusual Conditions","Daylight","Violation Driver 1","No Controls Present/Factor","Clear","Head On","Non-Related","Other Vehicle","Not Applicable","Not Applicable","East Of",""
"681967","CR-0000091476","0","1","0","0","22-060-0579","False","False","0","3/1/2022 3:16:00 PM","No Pedestrians Involved","Dry","No Unusual Conditions","Daylight","Violation Driver 1","No Controls Present/Factor","Clear","Broadside","Intersection","Other Vehicle","Not Applicable","Not Applicable","At",""
"681968","CR-0000091477","0","0","0","0","22-081-0749","False","False","0","3/22/2022 5:52:00 PM","No Pedestrians Involved","Dry","No Unusual Conditions","Daylight","Violation Driver 1","Controls Functioning","Clear","Broadside","Intersection","Motor Vehicle On Other Roadway","Not Applicable","Not Applicable","At",""
"681969","CR-0000091479","1","1","0","0","22-060-0684","False","False","17","3/1/2022 4:53:00 PM","No Pedestrians Involved","Dry","No Unusual Conditions","Daylight","Violation Driver 1","Controls Functioning","Clear","Head On","Related","Other Vehicle","Not Applicable","Not Applicable","North Of",""
"681970","CR-0000091481","1","0","0","0","22-082-0623","False","False","0","3/23/2022 3:16:00 PM","No Pedestrians Involved","Dry","No Unusual Conditions","Daylight","Violation Driver 1","Controls Functioning","Clear","Rear End","Intersection","Other Vehicle","Not Applicable","Not Applicable","At",""
"681971","CR-0000091480","0","0","0","0","22-060-0796","False","False","250","3/1/2022 6:33:00 PM","No Pedestrians Involved","Dry","No Unusual Conditions","Dark - Street Light","Violation Driver 1","No Controls Present/Factor","Clear","Head On","Non-Related","Other Vehicle","Not Applicable","Not Applicable","At",""
"681972","CR-0000091478","1","0","0","0","22-082-0208","False","False","59","3/23/2022 8:21:00 AM","No Pedestrians Involved","Dry","No Unusual Conditions","Daylight","Violation Driver 1","No Controls Present/Factor","Clear","Broadside","Non-Related","Other Vehicle","Not Applicable","Not Applicable","North Of",""
"681973","CR-0000091482","1","1","1","0","22-060-0839","False","False","0","3/1/2022 7:26:00 PM","No Pedestrians Involved","Dry","No Unusual Conditions","Dark - Street Light","Violation Driver 1","No Controls Present/Factor","Clear","Broadside","Intersection","Other Vehicle","Not Applicable","Not Applicable","At",""
"681974","CR-0000091483","0","1","0","0","22-082-0654","False","False","0","3/23/2022 3:48:00 PM","Crossing In Crosswalk - At Intersection","Dry","No Unusual Conditions","Daylight","Pedestrian At Fault","Controls Functioning","Clear","Vehicle/Pedestrian","Intersection","Skateboard","South","North","At","PEDESTRIAN (SKATEBOARD)"
"681975","CR-0000091484","1","0","0","0","22-060-0864","False","False","0","3/1/2022 7:58:00 PM","No Pedestrians Involved","Dry","No Unusual Conditions","Dark - Street Light","Violation Driver 1","Controls Functioning","Clear","Sideswipe","Intersection","Other Vehicle","Not Applicable","Not Applicable","At",""
"681976","CR-0000091485","1","1","0","0","22-082-0685","False","False","0","3/23/2022 4:08:00 PM","No Pedestrians Involved","Dry","No Unusual Conditions","Daylight","Violation Driver 1","Controls Functioning","Clear","Head On","Intersection","Other Vehicle","Not Applicable","Not Applicable","At",""
"681977","CR-0000091486","0","0","0","0","22-060-0881","False","False","49","3/1/2022 8:19:00 PM","No Pedestrians Involved","Dry","No Unusual Conditions","Dark - Street Light","Violation Driver 1","No Controls Present/Factor","Clear","Sideswipe","Related","Parked Vehicle","Not Applicable","Not Applicable","South Of",""
"681978","CR-0000091487","0","0","0","0","22-080-0983","False","False","0","3/21/2022 9:16:00 PM","Crossing In Crosswalk - At Intersection","Dry","No Unusual Conditions","Dark - Street Light","Violation Driver 1","Controls Functioning","Clear","Vehicle/Pedestrian","Intersection","Pedestrian","South","North","At","PEDESTRIAN"
"681979","CR-0000091488","1","1","0","0","22-060-0882","False","False","680","3/1/2022 8:22:00 PM","No Pedestrians Involved","Dry","No Unusual Conditions","Dark - Street Light","Violation Driver 1","No Controls Present/Factor","Clear","Broadside","Non-Related","Other Vehicle","Not Applicable","Not Applicable","South Of",""
"681980","CR-0000091489","1","0","0","0","22-081-0511","False","False","0","3/22/2022 1:51:00 PM","No Pedestrians Involved","Dry","No Unusual Conditions","Daylight","Violation Driver 1","Controls Functioning","Clear","Broadside","Intersection","Other Vehicle","Not Applicable","Not Applicable","At",""
"681981","CR-0000091490","0","1","0","0","22-080-0115","False","False","405","3/19/2022 3:15:00 AM","No Pedestrians Involved","Dry","No Unusual Conditions","Dark - Street Light","Violation Driver 1","Controls Functioning","Clear","Hit Object","Non-Related","Fixed Object","Not Applicable","Not Applicable","East Of",""
"681982","CR-0000091491","0","0","0","0","22-078-0157","False","False","138","3/19/2022 5:00:00 AM","No Pedestrians Involved","Dry","No Unusual Conditions","Dark - Street Light","Violation Driver 1","No Controls Present/Factor","Clear","Rear End","Non-Related","Parked Vehicle","Not Applicable","Not Applicable","North Of",""
"681983","CR-0000091492","1","0","0","0","22-061-0113","True","False","35","3/2/2022 4:09:00 AM","No Pedestrians Involved","Dry","No Unusual Conditions","Dark - Street Light","Violation Driver 1","Controls Functioning","Fog","Head On","Related","Fixed Object","Not Applicable","Not Applicable","East Of","Light Pole/PG&E"
"681984","CR-0000091493","0","0","0","0","22-061-0013","False","False","0","3/2/2022 6:26:00 AM","No Pedestrians Involved","Dry","No Unusual Conditions","Daylight","Violation Driver 1","Controls Functioning","Clear","Broadside","Intersection","Other Vehicle","Not Applicable","Not Applicable","At",""
"681985","CR-0000091494","2","0","0","0","22-061-0199","True","False","275","3/2/2022 8:23:00 AM","No Pedestrians Involved","Dry","No Unusual Conditions","Daylight","Violation Driver 1","No Controls Present/Factor","Clear","Head On","Non-Related","Fixed Object","Not Applicable","Not Applicable","North Of","light pole"
"681986","CR-0000091495","0","0","0","0","22-061-0280","False","False","172","3/2/2022 9:37:00 AM","No Pedestrians Involved","Dry","No Unusual Conditions","Daylight","Violation Driver 1","No Controls Present/Factor","Clear","Sideswipe","Non-Related","Other Vehicle","Not Applicable","Not Applicable","East Of",""
"681987","CR-0000091496","2","0","0","0","22-061-0424","False","False","27","3/2/2022 12:00:00 PM","No Pedestrians Involved","Dry","No Unusual Conditions","Daylight","Violation Driver 1","No Controls Present/Factor","Clear","Broadside","Related","Other Vehicle","Not Applicable","Not Applicable","South Of",""
"681988","CR-0000091497","2","0","0","0","22-061-0542","False","False","79","3/2/2022 2:17:00 PM","No Pedestrians Involved","Dry","No Unusual Conditions","Daylight","Violation Driver 1","Controls Functioning","Clear","Sideswipe","Non-Related","Other Vehicle","Not Applicable","Not Applicable","North Of",""
"681989","CR-0000091498","0","1","0","0","22-061-0546","True","False","0","3/2/2022 2:22:00 PM","No Pedestrians Involved","Dry","No Unusual Conditions","Daylight","Violation Driver 1","No Controls Present/Factor","Clear","Head On","Intersection","Fixed Object","Not Applicable","Not Applicable","At","Tree"
"681990","CR-0000091499","1","0","0","0","22-061-0604","True","False","0","3/2/2022 3:10:00 PM","No Pedestrians Involved","Dry","No Unusual Conditions","Daylight","Violation Driver 1","No Controls Present/Factor","Clear","Sideswipe","Intersection","Other Vehicle","Not Applicable","Not Applicable","At","TREE"
"681991","CR-0000091500","2","0","0","0","22-061-0708","False","False","0","3/2/2022 4:50:00 PM","No Pedestrians Involved","Dry","No Unusual Conditions","Daylight","Violation Driver 1","Controls Functioning","Clear","Broadside","Intersection","Motor Vehicle On Other Roadway","Not Applicable","Not Applicable","At",""
"681992","CR-0000091501","0","0","0","0","22-061-0850","False","False","0","3/2/2022 6:58:00 PM","No Pedestrians Involved","Dry","No Unusual Conditions","Dark - Street Light","Violation Driver 1","Controls Functioning","Clear","Sideswipe","Intersection","Other Vehicle","Not Applicable","Not Applicable","At",""
"681993","CR-0000091502","0","2","0","0","20-070-0459","False","False","0","3/11/2022 1:04:00 PM","No Pedestrians Involved","Dry","No Unusual Conditions","Daylight","Violation Driver 1","No Controls Present/Factor","Clear","Broadside","Intersection","Other Vehicle","Not Applicable","Not Applicable","At",""
"681994","CR-0000091503","0","1","0","0","22-070-0474","False","False","102","3/11/2022 1:26:00 PM","No Pedestrians Involved","Dry","No Unusual Conditions","Daylight","Violation Driver 1","No Controls Present/Factor","Clear","Broadside","Non-Related","Other Vehicle","Not Applicable","Not Applicable","West Of",""
"681995","CR-0000091504","0","1","0","0","22-070-0655","False","False","78","3/11/2022 5:04:00 PM","No Pedestrians Involved","Dry","No Unusual Conditions","Daylight","Violation Driver 1","Controls Functioning","Clear","Sideswipe","Non-Related","Parked Vehicle","Not Applicable","Not Applicable","North Of",""
"681996","CR-0000091505","0","1","0","0","22-070-0808","False","False","21","3/11/2022 8:00:00 PM","Crossing - Not In Crosswalk","Dry","No Unusual Conditions","Dark - Street Light","Pedestrian At Fault","Controls Functioning","Clear","Vehicle/Pedestrian","Related","Pedestrian","South","North","West Of","ped"
"681997","CR-0000091506","0","1","0","0","22-078-0293","False","False","200","3/19/2022 10:40:00 AM","No Pedestrians Involved","Wet","No Unusual Conditions","Daylight","Violation Driver 1","No Controls Present/Factor","Cloudy","Rear End","Non-Related","Other Vehicle","Not Applicable","Not Applicable","South Of",""
"681998","CR-0000091507","0","0","0","0","22-078-0554","False","False","0","3/19/2022 4:56:00 PM","No Pedestrians Involved","Wet","No Unusual Conditions","Daylight","Violation Driver 1","Controls Functioning","Rain","Rear End","Intersection","Other Vehicle","Not Applicable","Not Applicable","At",""
"681999","CR-0000091508","0","0","0","0","22-078-0685","False","False","91","3/19/2022 7:00:00 PM","No Pedestrians Involved","Dry","No Unusual Conditions","Daylight","Violation Driver 1","No Controls Present/Factor","Clear","Broadside","Non-Related","Parked Vehicle","Not Applicable","Not Applicable","North Of",""
"682000","CR-0000091509","0","0","0","0","22-078-0854","True","False","328","3/19/2022 10:28:00 PM","No Pedestrians Involved","Dry","No Unusual Conditions","Dark - Street Light","Violation Driver 1","Controls Functioning","Clear","Hit Object","Non-Related","Fixed Object","Not Applicable","Not Applicable","East Of","LIGHT POLE"
"682001","CR-0000091510","1","0","0","0","22-078-0889","False","False","306","3/19/2022 11:03:00 PM","No Pedestrians Involved","Dry","No Unusual Conditions","Dark - Street Light","Bike At Fault","No Controls Present/Factor","Cloudy","Vehicle/Bike","Non-Related","Bike","Not Applicable","Not Applicable","South Of","BIKE"
"682002","CR-0000091511","0","2","0","0","22-079-0003","False","False","0","3/20/2022 12:21:00 AM","No Pedestrians Involved","Wet","No Unusual Conditions","Dark - Street Light","Violation Driver 1","Controls Functioning","Cloudy","Broadside","Intersection","Other Vehicle","Not Applicable","Not Applicable","At",""
"682003","CR-0000091512","0","0","0","0","22-079-0759","False","False","141","3/20/2022 6:45:00 PM","No Pedestrians Involved","Dry","No Unusual Conditions","Daylight","Violation Driver 1","Unknown","Clear","Sideswipe","Non-Related","Parked Vehicle","Not Applicable","Not Applicable","West Of",""
"682004","CR-0000091513","0","1","0","0","22-080-0101","False","False","80","3/21/2022 4:05:00 AM","No Pedestrians Involved","Dry","No Unusual Conditions","Dark - Street Light","Unknown","Controls Functioning","Clear","Sideswipe","Non-Related","Other Vehicle","Not Applicable","Not Applicable","East Of","ELECTRIC SCOOTER"
"682005","CR-0000091514","1","0","0","0","22-080-0197","False","False","0","3/21/2022 8:10:00 AM","No Pedestrians Involved","Dry","No Unusual Conditions","Daylight","Violation Driver 1","Controls Functioning","Clear","Broadside","Intersection","Bike","Not Applicable","Not Applicable","At","BIKE"
"682006","CR-0000091515","0","2","0","0","22-078-0070","False","False","198","3/19/2022 1:40:00 AM","No Pedestrians Involved","Dry","No Unusual Conditions","Dark - Street Light","Violation Driver 1","Controls Functioning","Clear","Rear End","Non-Related","Parked Vehicle","Not Applicable","Not Applicable","East Of",""
"682007","CR-0000091516","1","0","0","0","22-077-0731","False","False","268","3/18/2022 6:03:00 PM","No Pedestrians Involved","Dry","No Unusual Conditions","Daylight","Violation Driver 1","No Controls Present/Factor","Clear","Sideswipe","Non-Related","Other Vehicle","Not Applicable","Not Applicable","South Of",""
"682008","CR-0000091517","0","1","0","0","22-077-0869","False","False","225","3/18/2022 8:25:00 PM","No Pedestrians Involved","Dry","No Unusual Conditions","Dark - Street Light","Pedestrian At Fault","No Controls Present/Factor","Clear","Vehicle/Pedestrian","Non-Related","Pedestrian","Not Applicable","Not Applicable","West Of","PEDESTRIAN"
"682009","CR-0000091518","1","0","0","0","22-075-0136","False","False","0","3/16/2022 6:38:00 AM","No Pedestrians Involved","Dry","No Unusual Conditions","Daylight","Violation Driver 1","Controls Functioning","Clear","Head On","Intersection","Other Vehicle","Not Applicable","Not Applicable","At",""
"682010","CR-0000091519","1","1","0","0","22-075-0772","False","False","0","3/16/2022 7:05:00 PM","No Pedestrians Involved","Dry","No Unusual Conditions","Daylight","Violation Driver 1","No Controls Present/Factor","Clear","Broadside","Intersection","Other Vehicle","Not Applicable","Not Applicable","At",""
"682011","CR-0000091520","1","0","0","0","22-075-0804","False","False","0","3/16/2022 7:30:00 PM","No Pedestrians Involved","Dry","No Unusual Conditions","Dusk - Dawn","Violation Driver 1","Controls Functioning","Clear","Rear End","Intersection","Other Vehicle","Not Applicable","Not Applicable","At",""
"682012","CR-0000091521","1","0","0","0","22-076-0140","False","False","0","3/17/2022 6:10:00 AM","Crossing - Not In Crosswalk","Dry","No Unusual Conditions","Dark - Street Light","Pedestrian At Fault","Controls Functioning","Clear","Vehicle/Pedestrian","Intersection","Pedestrian","West","East","At","PEDESTRIAN"
"682013","CR-0000091522","0","1","0","0","22-076-0449","False","False","0","3/17/2022 12:37:00 PM","No Pedestrians Involved","Dry","No Unusual Conditions","Daylight","Violation Driver 1","Controls Functioning","Clear","Rear End","Intersection","Other Vehicle","Not Applicable","Not Applicable","At",""