"CrashFactId","Name","MinorInjuries","ModerateInjuries","SevereInjuries","FatalInjuries","TcrNumber","CityDamageFlag","ShortFormFlag","Distance","CrashDateTime","PedestrianAction","RoadwaySurface","RoadwayCondition","Lighting","PrimaryCollisionFactor","TrafficControl","Weather","CollisionType","ProximityToIntersection","VehicleInvolvedWith","PedestrianDirectionFrom","PedestrianDirectionTo","DirectionFromIntersection","Comment"
"682014","CR-0000091523","0","0","0","0","22-076-0953","False","False","278","3/17/2022 8:08:00 PM","No Pedestrians Involved","Dry","No Unusual Conditions","Dark - Street Light","Violation Driver 1","No Controls Present/Factor","Clear","Sideswipe","Non-Related","Parked Vehicle","Not Applicable","Not Applicable","North Of",""
"682015","CR-0000091524","0","0","0","0","22-077-0090","False","False","546","3/18/2022 2:00:00 AM","No Pedestrians Involved","Unknown","No Unusual Conditions","Dark - Street Light","Violation Driver 1","No Controls Present/Factor","Clear","Sideswipe","Non-Related","Parked Vehicle","Not Applicable","Not Applicable","North Of",""
"682016","CR-0000091526","1","0","0","0","22-077-0167","False","False","570","3/18/2022 7:30:00 AM","No Pedestrians Involved","Dry","No Unusual Conditions","Daylight","Violation Driver 1","No Controls Present/Factor","Clear","Rear End","Non-Related","Other Vehicle","Not Applicable","Not Applicable","East Of",""
"682017","CR-0000091527","1","0","0","0","22-077-0529","False","False","36","3/18/2022 2:27:00 PM","No Pedestrians Involved","Dry","No Unusual Conditions","Daylight","Violation Driver 1","Controls Functioning","Clear","Rear End","Related","Other Vehicle","Not Applicable","Not Applicable","South Of",""
"682018","CR-0000091528","0","0","0","0","22-077-0614","False","False","0","3/18/2022 4:09:00 PM","No Pedestrians Involved","Dry","No Unusual Conditions","Daylight","Violation Driver 1","Controls Functioning","Clear","Broadside","Intersection","Train","Not Applicable","Not Applicable","At",""
"682019","CR-0000091529","0","2","1","0","22-063-0028","False","False","30","3/4/2022 12:43:00 AM","No Pedestrians Involved","Dry","No Unusual Conditions","Dark - Street Light","Violation Driver 1","Controls Functioning","Clear","Rear End","Related","Other Vehicle","Not Applicable","Not Applicable","North Of",""
"682020","CR-0000091530","0","0","1","0","22-062-0819","False","False","0","3/3/2022 6:35:00 PM","No Pedestrians Involved","Wet","No Unusual Conditions","Dark - Street Light","Violation Driver 1","No Controls Present/Factor","Rain","Vehicle/Bike","Intersection","Bike","Not Applicable","Not Applicable","At","BIKE"
"682021","CR-0000091531","0","0","1","0","22-061-0893","False","False","0","3/2/2022 8:17:00 PM","Crossing In Crosswalk - At Intersection","Dry","No Unusual Conditions","Dark - Street Light","Violation Driver 1","Controls Functioning","Clear","Vehicle/Pedestrian","Intersection","Pedestrian","South","North","At","PEDESTRIAN"
"682022","CR-0000091532","1","0","0","0","22-062-0851","False","False","345","3/3/2022 7:04:00 PM","No Pedestrians Involved","Dry","No Unusual Conditions","Dark - Street Light","Violation Driver 1","Controls Functioning","Clear","Rear End","Non-Related","Other Vehicle","Not Applicable","Not Applicable","South Of",""
"682023","CR-0000091534","0","0","0","0","22-073-0184","True","False","210","3/14/2022 8:34:00 AM","No Pedestrians Involved","Dry","No Unusual Conditions","Daylight","Violation Driver 1","Controls Functioning","Clear","Sideswipe","Non-Related","Other Vehicle","Not Applicable","Not Applicable","South Of","City Vehicle(DOT)"
"682024","CR-0000091535","0","0","0","0","22-074-0202","False","False","72","3/14/2022 4:00:00 PM","No Pedestrians Involved","Dry","No Unusual Conditions","Dark - Street Light","Violation Driver 1","No Controls Present/Factor","Cloudy","Sideswipe","Non-Related","Parked Vehicle","Not Applicable","Not Applicable","North Of",""
"682025","CR-0000091536","1","0","0","0","22-073-0295","False","False","0","3/14/2022 10:43:00 AM","No Pedestrians Involved","Dry","No Unusual Conditions","Daylight","Violation Driver 1","Controls Functioning","Clear","Broadside","Intersection","Other Vehicle","Not Applicable","Not Applicable","At",""
"682026","CR-0000091537","0","1","0","0","22-073-0671","False","False","51","3/14/2022 5:12:00 PM","No Pedestrians Involved","Dry","No Unusual Conditions","Daylight","Violation Driver 1","Controls Functioning","Clear","Rear End","Non-Related","Other Vehicle","Not Applicable","Not Applicable","South Of",""
"682027","CR-0000091538","0","0","0","0","22-073-0909","False","False","","3/14/2022 11:10:00 PM","No Pedestrians Involved","Dry","No Unusual Conditions","Dark - Street Light","Violation Driver 1","No Controls Present/Factor","Clear","Rear End","Related","Other Vehicle","Not Applicable","Not Applicable","South Of",""
"682028","CR-0000091539","0","0","0","0","22-064-0055","False","False","0","3/5/2022 1:06:00 AM","No Pedestrians Involved","Wet","No Unusual Conditions","Dark - Street Light","Violation Driver 1","Controls Functioning","Clear","Sideswipe","Intersection","Other Vehicle","Not Applicable","Not Applicable","At",""
"682029","CR-0000091540","0","0","0","0","22-064-0059","False","False","0","3/5/2022 1:16:00 AM","No Pedestrians Involved","Wet","No Unusual Conditions","Dark - Street Light","Violation Driver 1","Controls Functioning","Cloudy","Broadside","Intersection","Other Vehicle","Not Applicable","Not Applicable","At",""
"682030","CR-0000091541","0","0","0","0","22-064-0117","False","False","27","3/5/2022 3:02:00 AM","No Pedestrians Involved","Wet","No Unusual Conditions","Dark - Street Light","Violation Driver 1","Controls Functioning","Clear","Other","Related","Other Vehicle","Not Applicable","Not Applicable","South Of","Curb"
"682031","CR-0000091542","1","0","0","0","22-064-0131","True","False","100","3/5/2022 3:22:00 AM","No Pedestrians Involved","Wet","No Unusual Conditions","Dark - Street Light","Violation Driver 1","Controls Functioning","Clear","Hit Object","Non-Related","Fixed Object","Not Applicable","Not Applicable","North Of","Street Light"
"682032","CR-0000091543","0","0","0","0","22-064-0167","True","False","27","3/5/2022 5:29:00 AM","No Pedestrians Involved","Wet","No Unusual Conditions","Dark - Street Light","Violation Driver 1","Controls Functioning","Clear","Hit Object","Related","Fixed Object","Not Applicable","Not Applicable","North Of","Light Pole"
"682033","CR-0000091544","0","0","0","0","22-064-0300","False","False","68","3/5/2022 12:00:00 AM","No Pedestrians Involved","Dry","No Unusual Conditions","Daylight","Unknown","Controls Functioning","Clear","Head On","Non-Related","Parked Vehicle","Not Applicable","Not Applicable","South Of",""
"682034","CR-0000091545","3","0","0","0","22-064-0452","False","False","70","3/5/2022 8:31:00 AM","No Pedestrians Involved","Dry","No Unusual Conditions","Daylight","Violation Driver 1","No Controls Present/Factor","Clear","Broadside","Non-Related","Other Vehicle","Not Applicable","Not Applicable","West Of",""
"682035","CR-0000091546","0","0","0","0","22-072-0500","False","False","51","3/5/2022 10:34:00 AM","No Pedestrians Involved","Dry","No Unusual Conditions","Daylight","Violation Driver 1","No Controls Present/Factor","Clear","Sideswipe","Non-Related","Parked Vehicle","Not Applicable","Not Applicable","South Of",""
"682036","CR-0000091547","2","0","0","0","22-064-0512","True","False","198","3/5/2022 3:16:00 PM","No Pedestrians Involved","Dry","No Unusual Conditions","Daylight","Violation Driver 1","No Controls Present/Factor","Clear","Head On","Non-Related","Fixed Object","Not Applicable","Not Applicable","South Of","Light Pole"
"682037","CR-0000091548","0","0","0","0","22-065-0567","False","False","51","3/6/2022 2:05:00 PM","No Pedestrians Involved","Dry","No Unusual Conditions","Daylight","Violation Driver 1","Controls Functioning","Clear","Rear End","Non-Related","Other Vehicle","Not Applicable","Not Applicable","South Of",""
"682038","CR-0000091549","0","0","0","0","22-064-0762","False","False","51","3/5/2022 8:07:00 PM","No Pedestrians Involved","Dry","No Unusual Conditions","Dark - Street Light","Violation Driver 1","No Controls Present/Factor","Clear","Rear End","Non-Related","Other Vehicle","Not Applicable","Not Applicable","East Of",""
"682039","CR-0000091550","0","0","0","0","22-064-0953","True","False","50","3/5/2022 11:26:00 PM","No Pedestrians Involved","Dry","No Unusual Conditions","Dark - Street Light","Violation Driver 1","Controls Functioning","Clear","Head On","Related","Fixed Object","Not Applicable","Not Applicable","South Of","Light Pole, Signal Light"
"682040","CR-0000091551","0","0","0","0","22-007-0685","False","False","51","1/7/2022 6:52:00 PM","No Pedestrians Involved","Dry","No Unusual Conditions","Dark - Street Light","Violation Driver 1","No Controls Present/Factor","Clear","Rear End","Non-Related","Other Vehicle","Not Applicable","Not Applicable","West Of",""
"682041","CR-0000091552","0","1","0","0","22-006-0501","False","False","0","1/6/2022 1:35:00 PM","No Pedestrians Involved","Dry","No Unusual Conditions","Daylight","Violation Driver 1","No Controls Present/Factor","Clear","Broadside","Intersection","Other Vehicle","Not Applicable","Not Applicable","At",""
"682042","CR-0000091553","0","1","1","0","22-028-0572","False","False","0","1/28/2022 3:42:00 PM","No Pedestrians Involved","Dry","No Unusual Conditions","Daylight","Violation Driver 1","Controls Functioning","Clear","Broadside","Intersection","Other Vehicle","Not Applicable","Not Applicable","At",""
"682043","CR-0000091554","0","1","0","0","22-029-0142","False","False","51","1/28/2022 11:53:00 PM","No Pedestrians Involved","Dry","No Unusual Conditions","Dark - Street Light","Violation Driver 1","No Controls Present/Factor","Clear","Vehicle/Bike","Non-Related","Bike","Not Applicable","Not Applicable","East Of","BIKE"
"682044","CR-0000091555","1","0","0","0","22-025-0674","False","False","0","1/25/2022 4:55:00 PM","No Pedestrians Involved","Dry","No Unusual Conditions","Daylight","Violation Driver 1","Controls Functioning","Clear","Sideswipe","Intersection","Other Vehicle","Not Applicable","Not Applicable","At",""
"682045","CR-0000091556","2","0","0","0","22-014-0390","False","False","35","1/14/2022 1:42:00 PM","No Pedestrians Involved","Dry","No Unusual Conditions","Daylight","Violation Driver 1","No Controls Present/Factor","Clear","Sideswipe","Related","Other Vehicle","Not Applicable","Not Applicable","West Of",""
"682046","CR-0000091557","1","0","0","0","22-016-0555","False","False","380","1/16/2022 5:14:00 PM","In Road - Includes Shoulder","Dry","No Unusual Conditions","Daylight","Violation Driver 1","No Controls Present/Factor","Clear","Vehicle/Pedestrian","Non-Related","Pedestrian","West","East","East Of","PEDESTRIAN"
"682047","CR-0000091558","0","0","0","0","22-077-9703","False","True","0","3/17/2022 1:10:00 PM","No Pedestrians Involved","Dry","No Unusual Conditions","Daylight","Unknown","Controls Functioning","Clear","Other","Intersection","Other Vehicle","Not Applicable","Not Applicable","At",""
"682048","CR-0000091559","0","0","0","0","22-065-9704","False","True","0","3/4/2022 7:30:00 AM","No Pedestrians Involved","Dry","No Unusual Conditions","Dark - Street Light","Unknown","Controls Functioning","Clear","Rear End","Intersection","Other Vehicle","Not Applicable","Not Applicable","At",""
"682049","CR-0000091560","0","0","0","0","22-065-9701","False","True","0","3/5/2022 12:30:00 PM","No Pedestrians Involved","Dry","No Unusual Conditions","Dark - Street Light","Unknown","Unknown","Cloudy","Rear End","Intersection","Other Vehicle","Not Applicable","Not Applicable","At",""
"682050","CR-0000091587","0","1","0","0","22-068-0695","False","False","60","3/9/2022 5:18:00 PM","No Pedestrians Involved","Dry","No Unusual Conditions","Daylight","Violation Driver 1","No Controls Present/Factor","Clear","Rear End","Non-Related","Parked Vehicle","Not Applicable","Not Applicable","West Of",""
"682051","CR-0000091589","1","0","0","0","22-068-0808","False","False","0","3/9/2022 7:34:00 PM","No Pedestrians Involved","Dry","No Unusual Conditions","Dark - Street Light","Violation Driver 1","Controls Functioning","Clear","Rear End","Intersection","Motor Vehicle On Other Roadway","Not Applicable","Not Applicable","At",""
"682052","CR-0000091567","0","0","0","0","22-065-0772","False","False","85","3/6/2022 7:00:00 PM","No Pedestrians Involved","Dry","No Unusual Conditions","Dark - Street Light","Violation Driver 1","Controls Not Functioning","Clear","Sideswipe","Non-Related","Other Vehicle","Not Applicable","Not Applicable","East Of",""
"682053","CR-0000091563","1","0","0","0","22-065-0485","False","False","0","3/6/2022 1:38:00 PM","Crossing - Not In Crosswalk","Dry","No Unusual Conditions","Daylight","Violation Driver 1","No Controls Present/Factor","Clear","Vehicle/Pedestrian","Intersection","Pedestrian","North","South","At","PED"
"682054","CR-0000091569","0","0","0","0","22-005-9702","False","True","","1/4/2022 6:00:00 PM","No Pedestrians Involved","Wet","Unknown","Dark - Street Light","Unknown","Unknown","Unknown","Broadside","Related","Other Vehicle","Not Applicable","Not Applicable","Unknown",""
"682055","CR-0000091591","1","0","0","0","22-069-0307","True","False","195","3/10/2022 10:46:00 AM","No Pedestrians Involved","Dry","No Unusual Conditions","Daylight","Violation Driver 1","No Controls Present/Factor","Clear","Head On","Non-Related","Other Object","Not Applicable","Not Applicable","North Of","tree"
"682056","CR-0000091580","0","0","0","0","22-088-4000","False","True","","3/29/2022 11:45:00 AM","No Pedestrians Involved","Unknown","Unknown","Daylight","Unknown","Unknown","Unknown","Rear End","Related","Other Vehicle","Not Applicable","Not Applicable","Unknown",""
"682057","CR-0000091593","1","0","0","0","22-069-0646","False","False","0","3/10/2022 5:20:00 PM","Crossing In Crosswalk - At Intersection","Dry","No Unusual Conditions","Daylight","Violation Driver 1","Controls Functioning","Clear","Vehicle/Pedestrian","Intersection","Pedestrian","South","North","At","PED"
"682058","CR-0000091573","0","0","0","0","22-013-9708","False","True","0","11/30/2021 6:00:00 PM","No Pedestrians Involved","Dry","No Unusual Conditions","Dark - Street Light","Unknown","Controls Functioning","Clear","Head On","Intersection","Other Vehicle","Not Applicable","Not Applicable","At",""
"682059","CR-0000091596","1","0","0","0","22-063-0147","False","False","0","3/4/2022 6:52:00 AM","No Pedestrians Involved","Wet","No Unusual Conditions","Dusk - Dawn","Violation Driver 1","Controls Functioning","Clear","Broadside","Intersection","Other Vehicle","Not Applicable","Not Applicable","At",""
"682060","CR-0000091575","0","0","0","0","22-008-4002","False","True","0","1/8/2022 4:15:00 PM","No Pedestrians Involved","Unknown","Unknown","Daylight","Unknown","Unknown","Unknown","Broadside","Intersection","Other Vehicle","Not Applicable","Not Applicable","At",""
"682061","CR-0000091595","2","0","0","0","22-069-0899","False","False","0","3/10/2022 9:45:00 PM","No Pedestrians Involved","Dry","No Unusual Conditions","Dark - Street Light","Violation Driver 1","Controls Functioning","Clear","Sideswipe","Intersection","Other Vehicle","Not Applicable","Not Applicable","At",""
"682062","CR-0000091572","0","0","0","0","22-087-9704","False","True","51","12/24/2021 9:25:00 PM","No Pedestrians Involved","Unknown","No Unusual Conditions","Dark - Street Light","Unknown","Controls Functioning","Unknown","Sideswipe","Non-Related","Other Vehicle","Not Applicable","Not Applicable","South Of",""
"682063","CR-0000091570","0","0","0","0","22-033-9705","False","True","0","1/16/2022 6:10:00 AM","No Pedestrians Involved","Dry","No Unusual Conditions","Dusk - Dawn","Unknown","Controls Functioning","Clear","Broadside","Intersection","Other Vehicle","Not Applicable","Not Applicable","At",""
"682064","CR-0000091603","0","0","0","0","22-063-1028","False","False","0","3/4/2022 11:44:00 PM","No Pedestrians Involved","Wet","No Unusual Conditions","Dark - Street Light","Violation Driver 1","Controls Functioning","Rain","Hit Object","Intersection","Fixed Object","Not Applicable","Not Applicable","At","PG&E POLE"
"682065","CR-0000091583","0","0","0","0","22-065-0859","True","False","0","3/6/2022 7:58:00 PM","No Pedestrians Involved","Dry","No Unusual Conditions","Dark - Street Light","Violation Driver 1","No Controls Present/Factor","Clear","Broadside","Intersection","Parked Vehicle","Not Applicable","Not Applicable","At","City parking Sign and Pole"
"682066","CR-0000091590","0","0","0","0","22-068-0910","False","False","0","3/9/2022 10:38:00 PM","No Pedestrians Involved","Dry","No Unusual Conditions","Dark - No Street Light","Violation Driver 1","No Controls Present/Factor","Clear","Broadside","Intersection","Motor Vehicle On Other Roadway","Not Applicable","Not Applicable","At",""
"682067","CR-0000091571","0","0","0","0","22-013-9705","False","True","51","10/10/2021 8:59:00 PM","No Pedestrians Involved","Dry","Unknown","Dark - No Street Light","Unknown","Unknown","Clear","Other","Non-Related","Parked Vehicle","Not Applicable","Not Applicable","East Of",""
"682068","CR-0000091576","0","0","0","0","22-001-4000","False","True","51","12/31/2021 7:00:00 PM","No Pedestrians Involved","Unknown","Unknown","Unknown","Unknown","Unknown","Unknown","Other","Non-Related","Parked Vehicle","Not Applicable","Not Applicable","South Of",""
"682069","CR-0000091562","1","0","0","0","22-065-0035","False","False","0","3/6/2022 12:20:00 AM","No Pedestrians Involved","Dry","No Unusual Conditions","Dark - Street Light","Violation Driver 1","Controls Functioning","Clear","Broadside","Intersection","Other Vehicle","Not Applicable","Not Applicable","At",""
"682070","CR-0000091598","0","1","0","0","22-063-0595","False","False","0","3/4/2022 4:13:00 PM","Crossing In Crosswalk - At Intersection","Dry","No Unusual Conditions","Daylight","Violation Driver 1","No Controls Present/Factor","Clear","Vehicle/Pedestrian","Intersection","Bike","South","North","At","Bike"
"682071","CR-0000091585","0","1","0","0","22-068-0019","True","False","23","3/9/2022 12:34:00 AM","No Pedestrians Involved","Dry","No Unusual Conditions","Dark - Street Light","Violation Driver 1","Controls Functioning","Clear","Head On","Related","Fixed Object","Not Applicable","Not Applicable","South Of","Light Pole"
"682072","CR-0000091600","1","0","0","0","22-063-0629","False","False","0","3/4/2022 4:44:00 PM","No Pedestrians Involved","Dry","No Unusual Conditions","Daylight","Violation Driver 1","Controls Functioning","Clear","Broadside","Intersection","Other Vehicle","Not Applicable","Not Applicable","At",""
"682073","CR-0000091565","2","0","0","0","22-065-0565","False","False","88","3/6/2022 1:57:00 PM","No Pedestrians Involved","Dry","No Unusual Conditions","Daylight","Violation Driver 1","Controls Functioning","Clear","Head On","Non-Related","Other Vehicle","Not Applicable","Not Applicable","West Of",""
"682074","CR-0000091574","0","0","0","0","22-009-4002","False","True","51","12/19/2021 11:00:00 AM","No Pedestrians Involved","Unknown","Unknown","Daylight","Unknown","Unknown","Unknown","Other","Non-Related","Other Vehicle","Not Applicable","Not Applicable","West Of",""
"682075","CR-0000091586","2","0","0","0","22-068-0284","False","False","0","3/9/2022 9:54:00 AM","No Pedestrians Involved","Dry","No Unusual Conditions","Daylight","Violation Driver 1","Controls Functioning","Clear","Head On","Intersection","Other Vehicle","Not Applicable","Not Applicable","At",""
"682076","CR-0000091582","0","0","0","0","22-087-4001","False","True","51","3/27/2022 1:00:00 AM","No Pedestrians Involved","Unknown","Unknown","Unknown","Unknown","Unknown","Unknown","Sideswipe","Non-Related","Other Vehicle","Not Applicable","Not Applicable","South Of",""
"682077","CR-0000091592","0","0","0","0","22-069-0633","False","False","51","3/10/2022 5:10:00 PM","No Pedestrians Involved","Dry","No Unusual Conditions","Daylight","Violation Driver 1","No Controls Present/Factor","Clear","Rear End","Non-Related","Other Vehicle","Not Applicable","Not Applicable","South Of",""
"682078","CR-0000091566","0","0","0","0","22-065-0790","False","False","420","3/5/2022 6:40:00 PM","No Pedestrians Involved","Dry","No Unusual Conditions","Dark - Street Light","Violation Driver 1","No Controls Present/Factor","Clear","Other","Non-Related","Other Vehicle","Not Applicable","Not Applicable","South Of",""
"682079","CR-0000091578","0","0","0","0","22-003-4000","False","True","0","12/26/2021 9:40:00 AM","No Pedestrians Involved","Unknown","Unknown","Daylight","Unknown","Unknown","Unknown","Broadside","Intersection","Other Vehicle","Not Applicable","Not Applicable","At",""
"682080","CR-0000091579","0","0","0","0","22-004-4002","False","True","51","12/31/2021 3:00:00 PM","No Pedestrians Involved","Unknown","Unknown","Daylight","Unknown","Unknown","Unknown","Other","Non-Related","Parked Vehicle","Not Applicable","Not Applicable","West Of",""
"682081","CR-0000091588","0","0","0","0","22-068-0784","False","False","0","3/9/2022 7:00:00 PM","No Pedestrians Involved","Dry","No Unusual Conditions","Dusk - Dawn","Violation Driver 1","Controls Functioning","Clear","Rear End","Intersection","Other Vehicle","Not Applicable","Not Applicable","At",""
"682082","CR-0000091584","1","0","0","0","22-065-1018","True","False","30","3/6/2022 11:23:00 PM","No Pedestrians Involved","Dry","No Unusual Conditions","Dark - Street Light","Violation Driver 1","No Controls Present/Factor","Clear","Hit Object","Related","Fixed Object","Not Applicable","Not Applicable","East Of","PED SIGN"
"682083","CR-0000091597","0","0","0","0","22-063-0304","True","False","100","3/4/2022 11:39:00 AM","No Pedestrians Involved","Wet","No Unusual Conditions","Daylight","Violation Driver 1","No Controls Present/Factor","Cloudy","Head On","Non-Related","Fixed Object","Not Applicable","Not Applicable","North Of","Sign, Tree"
"682084","CR-0000091601","0","0","0","0","22-071-0681","False","False","450","3/4/2022 8:00:00 PM","No Pedestrians Involved","Unknown","Unknown","Unknown","Violation Driver 1","No Controls Present/Factor","Unknown","Sideswipe","Non-Related","Parked Vehicle","Not Applicable","Not Applicable","North Of",""
"682085","CR-0000091564","1","0","0","0","22-065-0556","False","False","0","3/6/2022 1:44:00 PM","No Pedestrians Involved","Dry","No Unusual Conditions","Daylight","Violation Driver 1","Controls Functioning","Clear","Broadside","Intersection","Other Vehicle","Not Applicable","Not Applicable","At",""
"682086","CR-0000091604","0","0","0","0","22-064-9703","False","True","0","3/4/2022 2:38:00 PM","No Pedestrians Involved","Dry","No Unusual Conditions","Daylight","Unknown","Controls Functioning","Clear","Broadside","Intersection","Other Vehicle","Not Applicable","Not Applicable","At",""
"682087","CR-0000091581","0","0","0","0","22-087-4002","False","True","0","3/28/2022 8:27:00 AM","No Pedestrians Involved","Unknown","Unknown","Daylight","Unknown","Unknown","Unknown","Sideswipe","Intersection","Other Vehicle","Not Applicable","Not Applicable","At",""
"682088","CR-0000091577","0","0","0","0","22-001-4001","False","True","0","12/26/2021 12:30:00 AM","No Pedestrians Involved","Unknown","Unknown","Unknown","Unknown","Unknown","Unknown","Broadside","Intersection","Other Vehicle","Not Applicable","Not Applicable","At",""
"682089","CR-0000091594","0","0","0","0","22-069-0704","False","False","60","3/10/2022 6:16:00 PM","No Pedestrians Involved","Dry","No Unusual Conditions","Daylight","Violation Driver 1","Controls Functioning","Clear","Other","Non-Related","Animal","Not Applicable","Not Applicable","West Of","Dog"
"682090","CR-0000091602","1","0","0","0","22-063-0779","False","False","159","3/4/2022 7:21:00 PM","No Pedestrians Involved","Wet","No Unusual Conditions","Dark - Street Light","Violation Driver 1","Unknown","Clear","Rear End","Non-Related","Parked Vehicle","Not Applicable","Not Applicable","South Of",""
"682091","CR-0000091568","0","0","0","0","22-005-9711","False","True","","1/4/2022 3:20:00 PM","No Pedestrians Involved","Dry","No Unusual Conditions","Daylight","Unknown","Unknown","Clear","Rear End","Related","Other Vehicle","Not Applicable","Not Applicable","East Of",""
"682092","CR-0000091599","1","0","0","0","22-063-0618","False","False","0","3/4/2022 4:32:00 PM","No Pedestrians Involved","Dry","No Unusual Conditions","Daylight","Violation Driver 1","Controls Functioning","Clear","Broadside","Intersection","Other Vehicle","Not Applicable","Not Applicable","At",""
"682093","CR-0000091630","1","0","0","0","22-105-0279","False","False","0","4/15/2022 10:30:00 AM","No Pedestrians Involved","Dry","No Unusual Conditions","Daylight","Violation Driver 1","Controls Functioning","Clear","Broadside","Intersection","Other Vehicle","Not Applicable","Not Applicable","At",""
"682094","CR-0000091629","0","0","0","0","22-020-4003","False","True","","1/20/2022 3:00:00 PM","No Pedestrians Involved","Unknown","Unknown","Daylight","Unknown","Unknown","Unknown","Other","Related","Parked Vehicle","Not Applicable","Not Applicable","South Of",""
"682095","CR-0000091626","0","0","0","0","22-025-9701","False","True","0","1/23/2022 1:30:00 PM","No Pedestrians Involved","Dry","No Unusual Conditions","Daylight","Unknown","Controls Functioning","Clear","Sideswipe","Intersection","Other Vehicle","Not Applicable","Not Applicable","South Of",""
"682096","CR-0000091623","0","0","0","0","22-023-4008","False","True","0","1/23/2022 11:25:00 AM","No Pedestrians Involved","Unknown","Unknown","Daylight","Unknown","Unknown","Unknown","Broadside","Intersection","Other Vehicle","Not Applicable","Not Applicable","At",""
"682097","CR-0000091608","0","0","0","0","22-063-9703","False","True","0","3/2/2022 9:30:00 AM","No Pedestrians Involved","Dry","No Unusual Conditions","Daylight","Unknown","Controls Functioning","Clear","Broadside","Intersection","Other Vehicle","Not Applicable","Not Applicable","At",""
"682098","CR-0000091619","1","0","0","0","22-102-0334","False","False","160","4/12/2022 11:04:00 AM","No Pedestrians Involved","Dry","No Unusual Conditions","Daylight","Violation Driver 1","Controls Functioning","Clear","Rear End","Non-Related","Motor Vehicle On Other Roadway","Not Applicable","Not Applicable","East Of",""
"682100","CR-0000091631","0","0","0","0","22-030-9701","False","True","","1/25/2022 8:37:00 AM","No Pedestrians Involved","Dry","No Unusual Conditions","Daylight","Unknown","Controls Functioning","Clear","Rear End","Related","Other Vehicle","Not Applicable","Not Applicable","Unknown",""
"682101","CR-0000091632","0","0","0","0","22-024-9706","False","True","","1/22/2022 10:30:00 PM","No Pedestrians Involved","Dry","No Unusual Conditions","Dark - Street Light","Unknown","No Controls Present/Factor","Clear","Rear End","Related","Other Vehicle","Not Applicable","Not Applicable","West Of",""
"682102","CR-0000091615","0","1","0","0","22-041-0838","False","False","0","2/10/2022 5:30:00 PM","No Pedestrians Involved","Dry","No Unusual Conditions","Daylight","Violation Driver 1","No Controls Present/Factor","Clear","Vehicle/Bike","Intersection","Bike","Not Applicable","Not Applicable","At","BIKE"
"682103","CR-0000091634","0","0","0","0","22-019-0409","False","True","0","1/19/2022 12:00:00 PM","No Pedestrians Involved","Unknown","Unknown","Daylight","Unknown","Unknown","Unknown","Broadside","Intersection","Other Vehicle","Not Applicable","Not Applicable","At",""
"682104","CR-0000091628","0","0","0","0","22-103-0847","False","False","42","4/13/2022 9:55:00 PM","No Pedestrians Involved","Dry","No Unusual Conditions","Dark - Street Light","Violation Driver 1","No Controls Present/Factor","Clear","Sideswipe","Related","Parked Vehicle","Not Applicable","Not Applicable","North Of",""
"682105","CR-0000091621","0","0","0","0","22-097-9704","False","True","0","3/7/2022 2:00:00 AM","No Pedestrians Involved","Unknown","Unknown","Dark - Street Light","Unknown","Unknown","Clear","Broadside","Intersection","Parked Vehicle","Not Applicable","Not Applicable","At",""
"682106","CR-0000091622","2","0","0","0","22-103-0291","False","False","0","4/13/2022 11:09:00 AM","No Pedestrians Involved","Dry","No Unusual Conditions","Daylight","Unknown","Unknown","Clear","Head On","Intersection","Other Vehicle","Not Applicable","Not Applicable","West Of",""
"682107","CR-0000091635","0","0","0","0","22-034-9707","False","True","51","1/18/2022 8:00:00 PM","No Pedestrians Involved","Unknown","Unknown","Unknown","Unknown","Unknown","Unknown","Sideswipe","Non-Related","Other Vehicle","Not Applicable","Not Applicable","Unknown",""
"682108","CR-0000091624","0","0","0","0","22-023-4009","False","True","0","1/23/2022 11:00:00 AM","No Pedestrians Involved","Unknown","Unknown","Daylight","Unknown","Unknown","Unknown","Sideswipe","Intersection","Other Vehicle","Not Applicable","Not Applicable","At",""
"682109","CR-0000091627","0","0","0","0","22-021-4000","False","True","51","1/21/2022 12:00:00 AM","No Pedestrians Involved","Unknown","Unknown","Unknown","Unknown","Unknown","Unknown","Sideswipe","Non-Related","Other Vehicle","Not Applicable","Not Applicable","South Of",""
"682110","CR-0000091625","0","0","0","0","22-023-4010","False","False","51","1/23/2022 4:00:00 PM","No Pedestrians Involved","Unknown","Unknown","Daylight","Unknown","Unknown","Unknown","Sideswipe","Non-Related","Other Vehicle","Not Applicable","Not Applicable","South Of",""
"682111","CR-0000091617","0","0","0","0","22-023-4004","False","True","51","1/21/2022 3:05:00 PM","No Pedestrians Involved","Unknown","Unknown","Daylight","Unknown","Unknown","Unknown","Sideswipe","Non-Related","Other Vehicle","Not Applicable","Not Applicable","East Of",""
"682112","CR-0000091633","0","0","0","0","22-030-4001","True","False","51","1/30/2022 5:55:00 AM","No Pedestrians Involved","Unknown","Unknown","Unknown","Unknown","Unknown","Unknown","Other","Non-Related","Parked Vehicle","Not Applicable","Not Applicable","North Of",""
"682113","CR-0000091616","0","0","0","0","22-085-9704","False","True","","2/24/2022 11:01:00 AM","No Pedestrians Involved","Dry","No Unusual Conditions","Daylight","Unknown","No Controls Present/Factor","Clear","Rear End","Related","Other Vehicle","Not Applicable","Not Applicable","West Of",""
"682114","CR-0000091637","0","0","0","0","22-086-4001","False","True","51","3/26/2022 9:30:00 PM","No Pedestrians Involved","Unknown","Unknown","Unknown","Unknown","Unknown","Unknown","Other","Non-Related","Unknown","Not Applicable","Not Applicable","East Of",""