"CrashFactId","Name","MinorInjuries","ModerateInjuries","SevereInjuries","FatalInjuries","TcrNumber","CityDamageFlag","ShortFormFlag","Distance","CrashDateTime","PedestrianAction","RoadwaySurface","RoadwayCondition","Lighting","PrimaryCollisionFactor","TrafficControl","Weather","CollisionType","ProximityToIntersection","VehicleInvolvedWith","PedestrianDirectionFrom","PedestrianDirectionTo","DirectionFromIntersection","Comment"
"682115","CR-0000091636","0","0","0","0","22-085-4002","False","True","51","3/26/2022 12:30:00 PM","No Pedestrians Involved","Unknown","Unknown","Daylight","Unknown","Unknown","Unknown","Other","Non-Related","Other Vehicle","Not Applicable","Not Applicable","East Of",""
"682117","CR-0000091656","0","1","0","0","22-114-0881","False","False","136","4/24/2022 10:38:00 PM","No Pedestrians Involved","Dry","No Unusual Conditions","Dark - Street Light","Violation Driver 1","No Controls Present/Factor","Clear","Sideswipe","Non-Related","Parked Vehicle","Not Applicable","Not Applicable","South Of",""
"682118","CR-0000091676","0","0","0","0","22-073-9705","False","True","","3/7/2022 7:35:00 PM","No Pedestrians Involved","Dry","Unknown","Dark - Street Light","Unknown","Controls Functioning","Unknown","Sideswipe","Related","Other Vehicle","Not Applicable","Not Applicable","North Of",""
"682119","CR-0000091647","0","0","0","0","22-062-0756","False","False","40","3/3/2022 5:24:00 PM","No Pedestrians Involved","Dry","No Unusual Conditions","Daylight","Violation Driver 1","No Controls Present/Factor","Clear","Sideswipe","Related","Parked Vehicle","Not Applicable","Not Applicable","South Of",""
"682120","CR-0000091640","0","0","0","0","22-054-9712","False","True","0","12/24/2021 7:30:00 PM","No Pedestrians Involved","Dry","No Unusual Conditions","Dark - Street Light","Unknown","Controls Functioning","Clear","Rear End","Intersection","Other Vehicle","Not Applicable","Not Applicable","At",""
"682121","CR-0000091641","0","0","0","0","22-035-9701","False","True","","8/26/2021 1:50:00 AM","No Pedestrians Involved","Dry","Other","Dark - Street Light","Unknown","Controls Functioning","Clear","Rear End","Related","Other Vehicle","Not Applicable","Not Applicable","South Of",""
"682122","CR-0000091644","1","0","0","0","22-108-0490","False","False","0","4/18/2022 3:04:00 PM","In Road - Includes Shoulder","Dry","No Unusual Conditions","Daylight","Violation Driver 1","No Controls Present/Factor","Clear","Vehicle/Pedestrian","Intersection","Pedestrian","No Direction (Not Walking)","No Direction (Not Walking)","At","PEDESTRIAN"
"682123","CR-0000091639","0","0","0","0","22-031-4000","False","True","","1/29/2022 7:00:00 AM","No Pedestrians Involved","Unknown","Unknown","Daylight","Unknown","Unknown","Unknown","Rear End","Related","Parked Vehicle","Not Applicable","Not Applicable","West Of",""
"682124","CR-0000091686","0","0","0","0","22-082-4003","False","True","51","3/23/2022 8:30:00 AM","No Pedestrians Involved","Unknown","Unknown","Daylight","Unknown","Unknown","Unknown","Sideswipe","Non-Related","Parked Vehicle","Not Applicable","Not Applicable","West Of",""
"682125","CR-0000091678","0","0","0","0","22-071-9707","False","True","0","3/10/2022 4:30:00 AM","No Pedestrians Involved","Dry","No Unusual Conditions","Daylight","Unknown","Controls Functioning","Clear","Broadside","Intersection","Other Vehicle","Not Applicable","Not Applicable","At",""
"682126","CR-0000091645","2","0","0","0","22-110-0373","False","False","","4/20/2022 11:35:00 AM","No Pedestrians Involved","Dry","No Unusual Conditions","Daylight","Violation Driver 1","Controls Functioning","Clear","Rear End","Related","Other Vehicle","Not Applicable","Not Applicable","North Of",""
"682127","CR-0000091651","1","0","0","0","22-111-0224","False","False","0","4/21/2022 9:27:00 AM","No Pedestrians Involved","Wet","No Unusual Conditions","Daylight","Violation Driver 1","Controls Functioning","Clear","Broadside","Intersection","Other Vehicle","Not Applicable","Not Applicable","At",""
"682128","CR-0000091679","0","0","0","0","22-145-9708","False","True","51","3/10/2022 5:30:00 PM","In Road - Includes Shoulder","Dry","No Unusual Conditions","Daylight","Unknown","Controls Functioning","Clear","Vehicle/Pedestrian","Non-Related","Pedestrian","Not Applicable","Not Applicable","North Of",""
"682129","CR-0000091650","0","0","0","0","22-067-9704","False","True","","3/1/2022 9:15:00 PM","No Pedestrians Involved","Dry","No Unusual Conditions","Dark - Street Light","Unknown","No Controls Present/Factor","Clear","Sideswipe","Related","Parked Vehicle","Not Applicable","Not Applicable","East Of",""
"682130","CR-0000091654","0","0","0","0","22-061-4003","False","True","51","3/2/2022 1:40:00 PM","No Pedestrians Involved","Unknown","Unknown","Daylight","Unknown","Unknown","Unknown","Rear End","Non-Related","Other Vehicle","Not Applicable","Not Applicable","West Of",""
"682131","CR-0000091655","1","1","0","0","22-113-0444","False","False","151","4/23/2022 2:13:00 PM","No Pedestrians Involved","Dry","No Unusual Conditions","Dusk - Dawn","Violation Driver 1","Controls Functioning","Clear","Broadside","Non-Related","Other Vehicle","Not Applicable","Not Applicable","North Of",""
"682132","CR-0000091648","0","1","0","0","22-110-0573","False","False","0","4/20/2022 3:17:00 PM","No Pedestrians Involved","Dry","No Unusual Conditions","Daylight","Violation Driver 1","No Controls Present/Factor","Clear","Broadside","Intersection","Other Vehicle","Not Applicable","Not Applicable","At",""
"682133","CR-0000091649","0","0","0","0","22-060-4002","False","True","","3/1/2022 5:00:00 PM","No Pedestrians Involved","Unknown","Unknown","Daylight","Unknown","Unknown","Unknown","Sideswipe","Related","Motorcycle","Not Applicable","Not Applicable","Unknown",""
"682134","CR-0000091677","0","0","0","0","22-068-9706","False","True","","3/9/2022 6:24:00 PM","No Pedestrians Involved","Dry","No Unusual Conditions","Dusk - Dawn","Unknown","Unknown","Clear","Rear End","Related","Other Vehicle","Not Applicable","Not Applicable","Unknown",""
"682135","CR-0000091643","1","0","0","0","22-109-0333","False","False","0","4/19/2022 11:41:00 AM","No Pedestrians Involved","Dry","No Unusual Conditions","Daylight","Violation Driver 1","Controls Functioning","Unknown","Broadside","Intersection","Other Vehicle","Not Applicable","Not Applicable","At",""
"682136","CR-0000091680","0","0","0","0","22-073-9711","False","True","0","3/12/2022 1:50:00 AM","No Pedestrians Involved","Dry","No Unusual Conditions","Dark - Street Light","Unknown","No Controls Present/Factor","Clear","Head On","Intersection","Other Vehicle","Not Applicable","Not Applicable","At",""
"682137","CR-0000091652","0","0","0","0","22-061-4002","False","True","51","3/2/2022 12:00:00 PM","No Pedestrians Involved","Unknown","Unknown","Daylight","Unknown","Unknown","Unknown","Sideswipe","Non-Related","Parked Vehicle","Not Applicable","Not Applicable","West Of",""
"682138","CR-0000091675","0","0","0","0","22-061-9710","False","True","","3/2/2022 12:30:00 PM","No Pedestrians Involved","Dry","No Unusual Conditions","Daylight","Violation Driver 1","Controls Functioning","Clear","Rear End","Related","Other Vehicle","Not Applicable","Not Applicable","Unknown",""
"682139","CR-0000091638","0","0","0","0","22-031-9709","False","True","51","1/30/2022 10:00:00 PM","No Pedestrians Involved","Dry","No Unusual Conditions","Dark - Street Light","Unknown","Controls Functioning","Clear","Sideswipe","Non-Related","Parked Vehicle","Not Applicable","Not Applicable","West Of",""
"682140","CR-0000091681","0","0","0","0","22-073-9702","False","True","0","3/13/2022 9:15:00 PM","No Pedestrians Involved","Dry","No Unusual Conditions","Dark - Street Light","Unknown","Controls Functioning","Clear","Rear End","Intersection","Other Vehicle","Not Applicable","Not Applicable","At",""
"682141","CR-0000091653","0","1","0","0","22-111-0653","False","False","0","4/21/2022 5:40:00 PM","No Pedestrians Involved","Wet","No Unusual Conditions","Daylight","Unknown","No Controls Present/Factor","Rain","Broadside","Intersection","Motor Vehicle On Other Roadway","Not Applicable","Not Applicable","At",""
"682142","CR-0000091684","0","0","1","0","22-077-0883","False","False","51","3/18/2022 8:42:00 PM","No Pedestrians Involved","Dry","No Unusual Conditions","Dark - Street Light","Violation Driver 1","No Controls Present/Factor","Cloudy","Sideswipe","Non-Related","Motorcycle","Not Applicable","Not Applicable","South Of",""
"682143","CR-0000091646","0","0","0","0","22-077-9707","False","True","0","3/18/2022 12:30:00 AM","No Pedestrians Involved","Dry","No Unusual Conditions","Dark - Street Light","Unknown","Controls Functioning","Clear","Head On","Intersection","Motor Vehicle On Other Roadway","Not Applicable","Not Applicable","At",""
"682144","CR-0000091682","1","0","0","0","22-076-0639","False","True","125","3/17/2022 3:50:00 PM","No Pedestrians Involved","Dry","No Unusual Conditions","Daylight","Violation Driver 1","Controls Functioning","Clear","Rear End","Non-Related","Other Vehicle","Not Applicable","Not Applicable","East Of",""
"682145","CR-0000091685","0","0","0","0","22-090-9706","False","True","0","3/21/2022 5:00:00 PM","No Pedestrians Involved","Dry","No Unusual Conditions","Daylight","Unknown","Controls Functioning","Clear","Broadside","Intersection","Other Vehicle","Not Applicable","Not Applicable","At",""
"682146","CR-0000091699","1","0","0","0","22-074-0154","False","False","0","3/15/2022 7:20:00 AM","No Pedestrians Involved","Wet","No Unusual Conditions","Daylight","Unknown","Controls Functioning","Cloudy","Sideswipe","Intersection","Other Vehicle","Not Applicable","Not Applicable","At",""
"682147","CR-0000091704","0","0","0","0","22-075-0936","False","False","","3/16/2022 10:15:00 PM","No Pedestrians Involved","Dry","No Unusual Conditions","Dark - Street Light","Violation Driver 1","Unknown","Clear","Rear End","Related","Other Vehicle","Not Applicable","Not Applicable","South Of",""
"682148","CR-0000091688","0","0","0","0","22-084-4000","False","True","0","3/24/2022 9:15:00 PM","No Pedestrians Involved","Unknown","Unknown","Unknown","Unknown","Unknown","Unknown","Sideswipe","Intersection","Other Vehicle","Not Applicable","Not Applicable","At",""
"682149","CR-0000091689","0","0","0","0","22-083-4002","False","True","0","3/24/2022 12:53:00 AM","No Pedestrians Involved","Unknown","Unknown","Unknown","Unknown","Unknown","Unknown","Sideswipe","Intersection","Other Vehicle","Not Applicable","Not Applicable","At",""
"682150","CR-0000091696","0","0","0","0","22-085-4000","False","True","51","3/26/2022 5:30:00 AM","No Pedestrians Involved","Unknown","Unknown","Unknown","Unknown","Unknown","Unknown","Other","Non-Related","Unknown","Not Applicable","Not Applicable","South Of",""
"682151","CR-0000091693","0","0","0","0","22-090-9702","False","True","0","3/30/2022 8:10:00 AM","No Pedestrians Involved","Dry","No Unusual Conditions","Daylight","Unknown","Controls Functioning","Clear","Rear End","Intersection","Motor Vehicle On Other Roadway","Not Applicable","Not Applicable","At",""
"682152","CR-0000091690","0","0","0","0","22-086-0138","False","False","0","3/27/2022 4:19:00 AM","No Pedestrians Involved","Dry","No Unusual Conditions","Dark - Street Light","Violation Driver 1","Controls Functioning","Clear","Broadside","Intersection","Other Vehicle","Not Applicable","Not Applicable","At",""
"682153","CR-0000091701","0","0","0","0","22-075-0670","False","False","198","3/15/2022 12:47:00 AM","No Pedestrians Involved","Unknown","Unknown","Unknown","Violation Driver 1","No Controls Present/Factor","Clear","Rear End","Non-Related","Other Vehicle","Not Applicable","Not Applicable","North Of",""
"682154","CR-0000091687","1","0","0","0","22-083-0208","False","False","0","3/24/2022 8:19:00 AM","No Pedestrians Involved","Dry","No Unusual Conditions","Daylight","Bike At Fault","Controls Functioning","Clear","Vehicle/Bike","Intersection","Bike","Not Applicable","Not Applicable","At",""
"682155","CR-0000091698","2","0","0","0","22-092-0802","False","True","0","4/2/2022 9:10:00 PM","No Pedestrians Involved","Dry","No Unusual Conditions","Dark - Street Light","Violation Driver 1","Controls Functioning","Clear","Head On","Intersection","Other Vehicle","Not Applicable","Not Applicable","At",""
"682156","CR-0000091703","0","0","0","0","22-074-1087","False","False","0","3/15/2022 11:35:00 PM","No Pedestrians Involved","Dry","No Unusual Conditions","Dark - Street Light","Violation Driver 1","Controls Functioning","Clear","Sideswipe","Intersection","Other Vehicle","Not Applicable","Not Applicable","At",""
"682157","CR-0000091697","0","0","0","0","22-084-4004","False","True","51","3/25/2022 11:55:00 AM","No Pedestrians Involved","Unknown","Unknown","Daylight","Unknown","Unknown","Unknown","Sideswipe","Non-Related","Other Vehicle","Not Applicable","Not Applicable","West Of",""
"682158","CR-0000091691","1","0","0","0","22-087-0298","True","False","0","3/28/2022 10:24:00 AM","No Pedestrians Involved","Dry","No Unusual Conditions","Daylight","Violation Driver 1","Controls Functioning","Clear","Sideswipe","Driveway","Other Vehicle","Not Applicable","Not Applicable","At","STREET SIGN (ON POLE)"
"682159","CR-0000091695","0","0","0","0","22-087-4000","False","True","51","3/26/2022 6:20:00 PM","No Pedestrians Involved","Unknown","Unknown","Unknown","Unknown","Unknown","Unknown","Sideswipe","Non-Related","Other Vehicle","Not Applicable","Not Applicable","South Of",""
"682160","CR-0000091702","0","0","0","0","22-074-1061","False","False","119","3/15/2022 10:45:00 PM","No Pedestrians Involved","Dry","No Unusual Conditions","Dark - Street Light","Violation Driver 1","No Controls Present/Factor","Clear","Sideswipe","Non-Related","Parked Vehicle","Not Applicable","Not Applicable","South Of",""
"682161","CR-0000091700","1","0","0","0","22-074-0237","False","False","0","3/15/2022 9:00:00 AM","No Pedestrians Involved","Wet","No Unusual Conditions","Daylight","Violation Driver 1","Controls Functioning","Rain","Broadside","Intersection","Other Vehicle","Not Applicable","Not Applicable","At",""
"682162","CR-0000091694","0","0","0","0","22-084-4005","False","True","","3/25/2022 9:30:00 AM","No Pedestrians Involved","Unknown","Unknown","Daylight","Unknown","Unknown","Unknown","Sideswipe","Related","Unknown","Not Applicable","Not Applicable","East Of",""
"682163","CR-0000091735","0","0","0","0","22-067-0738","False","False","0","3/8/2022 4:59:00 PM","No Pedestrians Involved","Dry","No Unusual Conditions","Daylight","Violation Driver 1","No Controls Present/Factor","Clear","Head On","Intersection","Parked Vehicle","Not Applicable","Not Applicable","At",""
"682164","CR-0000091746","0","0","0","0","22-062-0609","False","False","98","3/3/2022 3:01:00 PM","No Pedestrians Involved","Dry","No Unusual Conditions","Dusk - Dawn","Violation Driver 1","No Controls Present/Factor","Cloudy","Rear End","Non-Related","Parked Vehicle","Not Applicable","Not Applicable","East Of",""
"682165","CR-0000091733","1","0","0","0","22-067-0572","False","False","250","3/8/2022 2:15:00 PM","No Pedestrians Involved","Dry","No Unusual Conditions","Daylight","Unknown","No Controls Present/Factor","Clear","Sideswipe","Non-Related","Motorcycle","Not Applicable","Not Applicable","East Of",""
"682166","CR-0000091719","2","0","0","0","22-066-0552","False","False","82","3/7/2022 1:20:00 PM","No Pedestrians Involved","Dry","No Unusual Conditions","Daylight","Violation Driver 1","Controls Functioning","Clear","Rear End","Non-Related","Other Vehicle","Not Applicable","Not Applicable","South Of",""
"682167","CR-0000091742","2","1","0","0","22-062-0418","False","False","0","3/3/2022 11:38:00 AM","No Pedestrians Involved","Dry","No Unusual Conditions","Daylight","Violation Driver 1","Controls Functioning","Clear","Head On","Intersection","Motor Vehicle On Other Roadway","Not Applicable","Not Applicable","At",""
"682168","CR-0000091740","2","0","0","0","22-062-0202","False","False","16","3/3/2022 8:12:00 AM","No Pedestrians Involved","Dry","No Unusual Conditions","Daylight","Violation Driver 1","No Controls Present/Factor","Clear","Sideswipe","Related","Other Vehicle","Not Applicable","Not Applicable","South Of",""
"682169","CR-0000091739","0","0","0","0","22-062-0174","False","False","29","3/3/2022 7:20:00 AM","No Pedestrians Involved","Dry","No Unusual Conditions","Daylight","Violation Driver 1","Controls Functioning","Clear","Sideswipe","Related","Other Vehicle","Not Applicable","Not Applicable","East Of",""
"682170","CR-0000091732","2","0","0","0","22-067-0391","False","False","0","3/8/2022 11:18:00 AM","No Pedestrians Involved","Dry","No Unusual Conditions","Daylight","Violation Driver 1","Controls Functioning","Clear","Broadside","Intersection","Other Vehicle","Not Applicable","Not Applicable","At",""
"682171","CR-0000091715","1","0","0","0","22-066-0075","True","False","0","3/7/2022 1:59:00 AM","No Pedestrians Involved","Dry","No Unusual Conditions","Dark - Street Light","Violation Driver 1","Controls Functioning","Clear","Head On","Intersection","Fixed Object","Not Applicable","Not Applicable","At","Light Pole"
"682172","CR-0000091724","0","0","0","0","22-062-0023","False","False","40","3/3/2022 12:30:00 AM","No Pedestrians Involved","Dry","Construction - Repair Zone","Dark - Street Light","Violation Driver 1","Controls Functioning","Clear","Rear End","Related","Other Vehicle","Not Applicable","Not Applicable","South Of",""
"682173","CR-0000091721","0","0","0","0","22-071-0045","False","False","43","3/12/2022 12:50:00 AM","No Pedestrians Involved","Dry","No Unusual Conditions","Dark - Street Light","Violation Driver 1","Controls Functioning","Clear","Sideswipe","Related","Other Vehicle","Not Applicable","Not Applicable","East Of",""
"682174","CR-0000091727","0","0","0","0","22-062-0144","False","False","239","3/3/2022 5:45:00 AM","No Pedestrians Involved","Dry","No Unusual Conditions","Dark - Street Light","Violation Driver 1","Unknown","Clear","Rear End","Non-Related","Parked Vehicle","Not Applicable","Not Applicable","South Of",""
"682175","CR-0000091729","0","0","0","0","22-067-0149","True","False","42","3/8/2022 6:09:00 AM","No Pedestrians Involved","Dry","No Unusual Conditions","Dusk - Dawn","Violation Driver 1","No Controls Present/Factor","Clear","Hit Object","Related","Fixed Object","Not Applicable","Not Applicable","North Of","Tree"
"682176","CR-0000091728","1","0","0","0","22-062-0159","False","False","37","3/3/2022 6:53:00 AM","No Pedestrians Involved","Dry","No Unusual Conditions","Daylight","Violation Driver 1","No Controls Present/Factor","Clear","Sideswipe","Related","Other Vehicle","Not Applicable","Not Applicable","West Of",""
"682177","CR-0000091725","0","0","0","0","22-062-0050","True","False","0","3/3/2022 1:15:00 AM","No Pedestrians Involved","Dry","No Unusual Conditions","Dark - Street Light","Violation Driver 1","No Controls Present/Factor","Clear","Hit Object","Intersection","Fixed Object","Not Applicable","Not Applicable","At","Streetlight"
"682178","CR-0000091723","0","0","0","0","22-071-0388","False","False","0","3/12/2022 11:54:00 AM","No Pedestrians Involved","Dry","No Unusual Conditions","Daylight","Violation Driver 1","Controls Functioning","Clear","Other","Intersection","Non-Collision","Not Applicable","Not Applicable","At",""
"682179","CR-0000091736","1","0","0","0","22-067-0933","False","False","0","3/8/2022 8:45:00 PM","No Pedestrians Involved","Dry","No Unusual Conditions","Dark - Street Light","Violation Driver 1","Controls Functioning","Clear","Head On","Intersection","Other Vehicle","Not Applicable","Not Applicable","At",""
"682180","CR-0000091716","1","0","0","0","22-066-0172","False","False","0","3/7/2022 7:15:00 AM","No Pedestrians Involved","Dry","No Unusual Conditions","Daylight","Violation Driver 1","Controls Functioning","Clear","Sideswipe","Intersection","Other Vehicle","Not Applicable","Not Applicable","At",""
"682181","CR-0000091722","0","0","0","0","22-071-0085","False","False","250","3/12/2022 1:45:00 AM","No Pedestrians Involved","Dry","No Unusual Conditions","Dark - Street Light","Unknown","No Controls Present/Factor","Clear","Rear End","Non-Related","Parked Vehicle","Not Applicable","Not Applicable","North Of",""
"682182","CR-0000091744","1","0","0","0","22-062-0472","False","False","0","3/3/2022 12:30:00 PM","Crossing In Crosswalk - Not At Intersection","Dry","No Unusual Conditions","Daylight","Bike At Fault","No Controls Present/Factor","Cloudy","Head On","Intersection","Pedestrian","East","West","At","BIKE"
"682183","CR-0000091738","0","0","0","0","22-067-1040","False","False","72","3/8/2022 11:17:00 PM","No Pedestrians Involved","Dry","No Unusual Conditions","Dark - Street Light","Violation Driver 1","Controls Functioning","Clear","Rear End","Non-Related","Other Vehicle","Not Applicable","Not Applicable","West Of",""
"682184","CR-0000091718","2","0","0","0","22-066-0394","False","False","0","3/7/2022 11:00:00 AM","No Pedestrians Involved","Dry","No Unusual Conditions","Daylight","Violation Driver 1","Controls Functioning","Clear","Broadside","Intersection","Other Vehicle","Not Applicable","Not Applicable","At",""
"682185","CR-0000091720","0","0","0","0","22-071-0008","True","False","110","3/12/2022 12:09:00 AM","No Pedestrians Involved","Dry","No Unusual Conditions","Dark - Street Light","Violation Driver 1","No Controls Present/Factor","Clear","Sideswipe","Non-Related","Fixed Object","Not Applicable","Not Applicable","West Of","Tree"
"682186","CR-0000091741","1","0","0","0","22-062-0393","False","False","360","3/3/2022 11:15:00 AM","Crossing - Not In Crosswalk","Dry","No Unusual Conditions","Daylight","Bike At Fault","No Controls Present/Factor","Cloudy","Other","Non-Related","Pedestrian","West","East","South Of","PED/BIKE62985"
"682187","CR-0000091726","0","0","0","0","22-062-0134","False","False","215","3/3/2022 5:05:00 AM","No Pedestrians Involved","Dry","No Unusual Conditions","Dark - Street Light","Violation Driver 1","No Controls Present/Factor","Clear","Head On","Non-Related","Parked Vehicle","Not Applicable","Not Applicable","West Of",""
"682188","CR-0000091730","1","0","0","0","22-067-0212","False","False","0","3/8/2022 8:09:00 AM","No Pedestrians Involved","Dry","No Unusual Conditions","Daylight","Bike At Fault","No Controls Present/Factor","Clear","Broadside","Intersection","Bike","Not Applicable","Not Applicable","At","Bike"
"682189","CR-0000091748","1","0","0","0","22-117-0275","False","False","46","5/27/2022 9:56:00 AM","No Pedestrians Involved","Dry","No Unusual Conditions","Daylight","Bike At Fault","Controls Functioning","Clear","Vehicle/Bike","Related","Bike","Not Applicable","Not Applicable","South Of","BIKE"
"682190","CR-0000091745","1","0","0","0","22-062-0560","False","False","300","3/3/2022 2:03:00 PM","No Pedestrians Involved","Wet","Construction - Repair Zone","Daylight","Violation Driver 1","No Controls Present/Factor","Rain","Sideswipe","Non-Related","Other Vehicle","Not Applicable","Not Applicable","West Of",""
"682191","CR-0000091743","0","0","0","0","22-062-0434","False","False","0","3/3/2022 11:56:00 AM","No Pedestrians Involved","Dry","No Unusual Conditions","Daylight","Violation Driver 1","No Controls Present/Factor","Clear","Rear End","Intersection","Parked Vehicle","Not Applicable","Not Applicable","At",""
"682192","CR-0000091747","1","0","0","0","22-115-0680","False","False","50","4/25/2022 6:07:00 PM","No Pedestrians Involved","Dry","No Unusual Conditions","Daylight","Violation Driver 1","Controls Functioning","Clear","Rear End","Related","Parked Vehicle","Not Applicable","Not Applicable","North Of",""
"682193","CR-0000091737","0","1","1","0","22-067-0965","False","False","0","3/8/2022 9:30:00 PM","No Pedestrians Involved","Dry","No Unusual Conditions","Dark - Street Light","Violation Driver 1","No Controls Present/Factor","Clear","Vehicle/Pedestrian","Intersection","Pedestrian","West","East","At","PED"
"682194","CR-0000091714","2","0","0","0","22-066-0054","False","False","0","3/7/2022 1:20:00 AM","No Pedestrians Involved","Dry","No Unusual Conditions","Dark - Street Light","Violation Driver 1","Controls Functioning","Clear","Hit Object","Intersection","Fixed Object","Not Applicable","Not Applicable","At","Curb"
"682195","CR-0000091717","0","0","0","0","22-066-0298","False","False","62","3/7/2022 9:21:00 AM","No Pedestrians Involved","Dry","No Unusual Conditions","Daylight","Violation Driver 1","Controls Functioning","Clear","Rear End","Non-Related","Motor Vehicle On Other Roadway","Not Applicable","Not Applicable","East Of",""
"682196","CR-0000091731","1","0","0","0","22-067-0342","False","False","0","3/8/2022 10:19:00 AM","No Pedestrians Involved","Dry","No Unusual Conditions","Daylight","Violation Driver 1","Controls Functioning","Clear","Broadside","Intersection","Train","Not Applicable","Not Applicable","At","Light Rail Train"
"682197","CR-0000091734","2","0","0","0","22-067-0723","False","False","23","3/8/2022 4:53:00 PM","No Pedestrians Involved","Wet","No Unusual Conditions","Daylight","Violation Driver 1","Controls Functioning","Clear","Rear End","Related","Other Vehicle","Not Applicable","Not Applicable","South Of",""
"682198","CR-0000091751","0","0","0","0","22-062-0793","True","False","200","3/3/2022 6:10:00 PM","No Pedestrians Involved","Wet","No Unusual Conditions","Dusk - Dawn","Violation Driver 1","No Controls Present/Factor","Other","Hit Object","Non-Related","Fixed Object","Not Applicable","Not Applicable","South Of","Light Pole"
"682199","CR-0000091771","2","0","0","0","22-066-0781","False","False","20","3/7/2022 5:00:00 PM","No Pedestrians Involved","Dry","No Unusual Conditions","Daylight","Violation Driver 1","Controls Functioning","Clear","Broadside","Related","Other Vehicle","Not Applicable","Not Applicable","East Of",""
"682200","CR-0000091755","1","0","0","0","22-062-0923","False","False","0","3/3/2022 8:52:00 PM","No Pedestrians Involved","Wet","No Unusual Conditions","Dark - Street Light","Violation Driver 1","No Controls Present/Factor","Rain","Sideswipe","Intersection","Other Vehicle","Not Applicable","Not Applicable","At",""
"682202","CR-0000091777","1","0","0","0","22-095-0379","False","False","0","4/5/2022 11:52:00 AM","No Pedestrians Involved","Dry","No Unusual Conditions","Daylight","Violation Driver 1","Controls Functioning","Clear","Vehicle/Bike","Intersection","Bike","Not Applicable","Not Applicable","At","BIKE"
"682203","CR-0000091784","0","1","0","0","22-118-0182","False","False","0","4/28/2022 7:37:00 AM","No Pedestrians Involved","Dry","No Unusual Conditions","Daylight","Bike At Fault","Controls Functioning","Clear","Broadside","Intersection","Bike","Not Applicable","Not Applicable","At","bike"
"682204","CR-0000091764","0","1","0","0","22-071-0951","False","False","0","3/12/2022 10:37:00 PM","No Pedestrians Involved","Dry","No Unusual Conditions","Dark - Street Light","Violation Driver 1","Controls Functioning","Clear","Broadside","Intersection","Other Vehicle","Not Applicable","Not Applicable","At",""
"682205","CR-0000091791","1","0","0","0","22-116-0127","False","False","0","4/26/2022 7:45:00 AM","No Pedestrians Involved","Dry","No Unusual Conditions","Daylight","Violation Driver 1","Controls Functioning","Clear","Broadside","Intersection","Other Vehicle","Not Applicable","Not Applicable","At",""
"682206","CR-0000091793","2","1","0","0","22-118-0946","False","False","0","4/28/2022 8:33:00 PM","No Pedestrians Involved","Dry","No Unusual Conditions","Dark - Street Light","Violation Driver 1","No Controls Present/Factor","Clear","Broadside","Intersection","Other Vehicle","Not Applicable","Not Applicable","At",""
"682207","CR-0000091749","2","0","0","0","22-062-0713","False","False","38","3/3/2022 6:04:00 PM","No Pedestrians Involved","Wet","No Unusual Conditions","Daylight","Violation Driver 1","Controls Functioning","Rain","Rear End","Related","Other Vehicle","Not Applicable","Not Applicable","North Of",""
"682208","CR-0000091794","0","0","0","0","22-126-9710","False","True","0","4/29/2022 2:00:00 PM","No Pedestrians Involved","Dry","No Unusual Conditions","Daylight","Unknown","Controls Functioning","Clear","Broadside","Intersection","Other Vehicle","Not Applicable","Not Applicable","At",""
"682209","CR-0000091753","2","0","0","0","22-062-0849","False","False","57","3/3/2022 7:03:00 PM","No Pedestrians Involved","Dry","No Unusual Conditions","Dark - Street Light","Violation Driver 1","Controls Functioning","Clear","Rear End","Non-Related","Other Vehicle","Not Applicable","Not Applicable","South Of",""
"682210","CR-0000091773","0","0","0","0","22-066-0888","False","False","0","3/7/2022 4:39:00 PM","No Pedestrians Involved","Dry","No Unusual Conditions","Dusk - Dawn","Violation Driver 1","Controls Functioning","Clear","Sideswipe","Intersection","Other Vehicle","Not Applicable","Not Applicable","At",""
"682211","CR-0000091761","1","0","0","0","22-071-0746","False","False","102","3/12/2022 6:55:00 PM","No Pedestrians Involved","Dry","No Unusual Conditions","Daylight","Violation Driver 1","No Controls Present/Factor","Clear","Rear End","Non-Related","Other Vehicle","Not Applicable","Not Applicable","West Of",""
"682212","CR-0000091765","0","1","0","0","22-071-1004","False","False","0","3/12/2022 11:23:00 PM","No Pedestrians Involved","Dry","No Unusual Conditions","Dark - Street Light","Violation Driver 1","No Controls Present/Factor","Clear","Hit Object","Intersection","Other Object","Not Applicable","Not Applicable","At","curb"
"682213","CR-0000091767","0","0","0","0","22-066-0652","False","False","0","3/7/2022 2:30:00 PM","No Pedestrians Involved","Dry","No Unusual Conditions","Daylight","Violation Driver 1","Controls Functioning","Clear","Sideswipe","Intersection","Other Vehicle","Not Applicable","Not Applicable","At",""
"682214","CR-0000091776","0","1","0","0","22-094-0858","True","False","258","4/4/2022 9:09:00 PM","No Pedestrians Involved","Dry","No Unusual Conditions","Dark - Street Light","Violation Driver 1","No Controls Present/Factor","Clear","Hit Object","Non-Related","Fixed Object","Not Applicable","Not Applicable","South Of","LIGHT POLE"
"682215","CR-0000091752","0","0","0","0","22-062-0832","False","False","0","3/3/2022 5:24:00 PM","No Pedestrians Involved","Dry","No Unusual Conditions","Daylight","Violation Driver 1","Unknown","Cloudy","Sideswipe","Intersection","Other Vehicle","Not Applicable","Not Applicable","At",""