"CrashFactId","Name","MinorInjuries","ModerateInjuries","SevereInjuries","FatalInjuries","TcrNumber","CityDamageFlag","ShortFormFlag","Distance","CrashDateTime","PedestrianAction","RoadwaySurface","RoadwayCondition","Lighting","PrimaryCollisionFactor","TrafficControl","Weather","CollisionType","ProximityToIntersection","VehicleInvolvedWith","PedestrianDirectionFrom","PedestrianDirectionTo","DirectionFromIntersection","Comment"
"682216","CR-0000091756","0","0","0","0","22-062-1048","False","False","0","3/3/2022 11:44:00 PM","No Pedestrians Involved","Wet","No Unusual Conditions","Dark - Street Light","Violation Driver 1","Controls Functioning","Clear","Rear End","Intersection","Other Vehicle","Not Applicable","Not Applicable","At",""
"682217","CR-0000091772","0","0","1","0","22-066-0829","False","False","38","3/7/2022 5:55:00 PM","Crossing In Crosswalk - At Intersection","Dry","No Unusual Conditions","Dusk - Dawn","Violation Driver 1","Controls Functioning","Clear","Vehicle/Pedestrian","Related","Pedestrian","Not Applicable","Not Applicable","North Of","PED"
"682218","CR-0000091781","1","0","0","0","22-102-0216","False","False","0","4/12/2022 8:27:00 AM","Crossing In Crosswalk - At Intersection","Dry","No Unusual Conditions","Daylight","Violation Driver 1","Unknown","Clear","Vehicle/Pedestrian","Intersection","Pedestrian","East","West","At","PEDESTRIAN"
"682219","CR-0000091783","1","0","0","0","22-097-0712","False","False","","4/7/2022 5:05:00 PM","No Pedestrians Involved","Dry","No Unusual Conditions","Daylight","Violation Driver 1","Controls Functioning","Clear","Rear End","Related","Other Vehicle","Not Applicable","Not Applicable","East Of",""
"682220","CR-0000091768","1","0","0","0","22-066-0740","False","False","0","3/7/2022 4:18:00 PM","No Pedestrians Involved","Dry","No Unusual Conditions","Daylight","Violation Driver 1","Controls Functioning","Clear","Broadside","Intersection","Other Vehicle","Not Applicable","Not Applicable","At",""
"682221","CR-0000091759","0","0","0","0","22-071-0439","False","False","","3/12/2022 12:50:00 PM","No Pedestrians Involved","Dry","No Unusual Conditions","Daylight","Unknown","No Controls Present/Factor","Clear","Rear End","Related","Other Vehicle","Not Applicable","Not Applicable","South Of",""
"682222","CR-0000091763","0","0","0","0","22-071-0875","False","False","121","3/12/2022 9:20:00 PM","No Pedestrians Involved","Dry","No Unusual Conditions","Dark - Street Light","Unknown","No Controls Present/Factor","Clear","Vehicle/Bike","Non-Related","Bike","Not Applicable","Not Applicable","North Of","BIKE"
"682223","CR-0000091779","2","1","0","0","22-099-0126","False","False","0","4/9/2022 2:57:00 AM","No Pedestrians Involved","Dry","No Unusual Conditions","Dark - Street Light","Violation Driver 1","Controls Functioning","Clear","Broadside","Intersection","Other Vehicle","Not Applicable","Not Applicable","At",""
"682224","CR-0000091788","1","0","0","0","22-111-0745","False","False","0","4/21/2022 7:11:00 PM","No Pedestrians Involved","Dry","No Unusual Conditions","Dusk - Dawn","Violation Driver 1","Controls Functioning","Clear","Broadside","Intersection","Other Vehicle","Not Applicable","Not Applicable","At",""
"682225","CR-0000091787","0","0","0","0","22-107-0208","True","False","0","4/17/2022 7:30:00 AM","No Pedestrians Involved","Dry","No Unusual Conditions","Daylight","Violation Driver 1","Controls Functioning","Clear","Broadside","Intersection","Other Vehicle","Not Applicable","Not Applicable","At",""
"682226","CR-0000091792","1","0","0","0","22-118-0332","False","False","325","4/28/2022 10:13:00 AM","In Road - Includes Shoulder","Dry","No Unusual Conditions","Daylight","Pedestrian At Fault","Controls Functioning","Clear","Vehicle/Pedestrian","Non-Related","Pedestrian","West","East","South Of","ped"
"682227","CR-0000091766","0","0","0","0","22-066-0628","True","False","66","3/7/2022 2:16:00 PM","No Pedestrians Involved","Dry","No Unusual Conditions","Daylight","Violation Driver 1","Controls Functioning","Clear","Rear End","Non-Related","Other Vehicle","Not Applicable","Not Applicable","North Of","DOT"
"682228","CR-0000091762","0","0","0","0","22-071-0861","False","False","35","3/12/2022 9:45:00 PM","No Pedestrians Involved","Dry","No Unusual Conditions","Dark - Street Light","Violation Driver 1","Controls Functioning","Clear","Rear End","Related","Parked Vehicle","Not Applicable","Not Applicable","West Of",""
"682229","CR-0000091790","1","0","0","0","22-115-0779","False","False","51","4/25/2022 9:00:00 PM","No Pedestrians Involved","Unknown","No Unusual Conditions","Dark - Street Light","Violation Driver 1","No Controls Present/Factor","Unknown","Rear End","Non-Related","Parked Vehicle","Not Applicable","Not Applicable","South Of",""
"682230","CR-0000091786","0","1","0","0","22-103-0439","False","False","505","4/13/2022 2:29:00 PM","No Pedestrians Involved","Dry","No Unusual Conditions","Daylight","Violation Driver 1","Controls Obscured","Clear","Vehicle/Bike","Non-Related","Bike","Not Applicable","Not Applicable","East Of","Bike"
"682231","CR-0000091769","0","1","0","0","22-066-0744","False","False","51","3/7/2022 4:00:00 PM","No Pedestrians Involved","Dry","No Unusual Conditions","Daylight","Violation Driver 1","Controls Functioning","Clear","Rear End","Non-Related","Other Vehicle","Not Applicable","Not Applicable","East Of",""
"682232","CR-0000091760","1","0","0","0","22-071-0448","False","False","0","3/12/2022 1:08:00 PM","No Pedestrians Involved","Dry","No Unusual Conditions","Daylight","Violation Driver 1","No Controls Present/Factor","Clear","Broadside","Intersection","Other Vehicle","Not Applicable","Not Applicable","At",""
"682233","CR-0000091778","2","0","0","0","22-080-0900","False","False","0","4/8/2022 8:55:00 PM","No Pedestrians Involved","Dry","No Unusual Conditions","Dark - Street Light","Violation Driver 1","Controls Functioning","Clear","Broadside","Intersection","Other Vehicle","Not Applicable","Not Applicable","At",""
"682234","CR-0000091758","0","0","0","0","22-071-0410","False","False","316","3/12/2022 12:23:00 PM","No Pedestrians Involved","Dry","No Unusual Conditions","Daylight","Violation Driver 1","No Controls Present/Factor","Clear","Hit Object","Non-Related","Fixed Object","Not Applicable","Not Applicable","West Of","Control Box"
"682235","CR-0000091789","1","0","0","0","22-113-0903","False","False","0","4/23/2022 10:36:00 PM","No Pedestrians Involved","Dry","No Unusual Conditions","Dark - Street Light","Violation Driver 1","No Controls Present/Factor","Clear","Broadside","Intersection","Other Vehicle","Not Applicable","Not Applicable","At",""
"682236","CR-0000091782","1","0","0","0","22-100-0426","False","False","0","4/10/2022 3:21:00 PM","No Pedestrians Involved","Dry","No Unusual Conditions","Daylight","Violation Driver 1","Controls Functioning","Clear","Sideswipe","Intersection","Other Vehicle","Not Applicable","Not Applicable","At",""
"682237","CR-0000091785","0","0","1","0","22-120-0353","False","False","180","4/30/2022 11:26:00 AM","No Pedestrians Involved","Dry","Holes Deep Rut","Daylight","Violation Driver 1","No Controls Present/Factor","Clear","Other","Non-Related","Non-Collision","Not Applicable","Not Applicable","North Of","curb"
"682238","CR-0000091780","0","0","0","0","22-097-1073","True","False","27","4/7/2022 11:10:00 PM","No Pedestrians Involved","Dry","No Unusual Conditions","Dark - No Street Light","Violation Driver 1","No Controls Present/Factor","Clear","Hit Object","Related","Fixed Object","Not Applicable","Not Applicable","East Of","LIGHT POLE / STOP SIGN"
"682239","CR-0000091774","1","0","0","0","22-066-0903","False","False","0","3/7/2022 7:26:00 PM","No Pedestrians Involved","Dry","No Unusual Conditions","Dark - Street Light","Violation Driver 1","Controls Functioning","Clear","Other","Intersection","Other Vehicle","Not Applicable","Not Applicable","At",""
"682240","CR-0000091750","0","0","0","0","22-062-0788","False","False","51","3/3/2022 6:00:00 PM","No Pedestrians Involved","Dry","No Unusual Conditions","Dusk - Dawn","Violation Driver 1","No Controls Present/Factor","Clear","Broadside","Non-Related","Other Vehicle","Not Applicable","Not Applicable","North Of",""
"682241","CR-0000091770","1","0","0","0","22-066-0794","False","False","0","3/7/2022 5:15:00 PM","No Pedestrians Involved","Dry","No Unusual Conditions","Daylight","Violation Driver 1","Controls Functioning","Clear","Sideswipe","Intersection","Bike","Not Applicable","Not Applicable","At","E-BIKE"
"682242","CR-0000091807","0","0","0","0","22-122-0440","False","False","0","5/2/2022 1:11:00 PM","No Pedestrians Involved","Dry","No Unusual Conditions","Daylight","Violation Driver 1","No Controls Present/Factor","Clear","Broadside","Intersection","Pedestrian","Not Applicable","Not Applicable","At",""
"682243","CR-0000091822","0","0","0","0","22-126-9709","False","True","","5/5/2022 5:50:00 PM","No Pedestrians Involved","Dry","No Unusual Conditions","Daylight","Unknown","Controls Functioning","Clear","Rear End","Related","Other Vehicle","Not Applicable","Not Applicable","South Of",""
"682244","CR-0000091831","1","1","0","0","22-127-0288","False","False","0","5/7/2022 11:01:00 AM","No Pedestrians Involved","Dry","No Unusual Conditions","Daylight","Violation Driver 1","Controls Functioning","Clear","Broadside","Intersection","Other Vehicle","Not Applicable","Not Applicable","At",""
"682245","CR-0000091848","0","0","0","0","22-102-0726","False","False","696","4/12/2022 6:36:00 PM","No Pedestrians Involved","Dry","No Unusual Conditions","Daylight","Violation Driver 1","No Controls Present/Factor","Clear","Rear End","Non-Related","Parked Vehicle","Not Applicable","Not Applicable","South Of",""
"682246","CR-0000091811","0","0","0","0","22-123-0323","False","False","100","5/3/2022 11:00:00 AM","No Pedestrians Involved","Dry","No Unusual Conditions","Daylight","Violation Driver 1","No Controls Present/Factor","Clear","Broadside","Non-Related","Other Vehicle","Not Applicable","Not Applicable","South Of",""
"682247","CR-0000091850","0","0","0","0","22-103-0077","False","False","99","4/13/2022 2:18:00 AM","No Pedestrians Involved","Dry","No Unusual Conditions","Dark - Street Light","Violation Driver 1","No Controls Present/Factor","Clear","Rear End","Non-Related","Parked Vehicle","Not Applicable","Not Applicable","East Of",""
"682248","CR-0000091843","1","0","0","0","22-103-0382","False","False","136","4/12/2022 12:01:00 PM","Crossing - Not In Crosswalk","Dry","No Unusual Conditions","Daylight","Pedestrian At Fault","No Controls Present/Factor","Clear","Head On","Non-Related","Pedestrian","South","North","West Of","PEDESTRIAN"
"682249","CR-0000091824","0","0","0","0","22-126-9707","False","True","51","5/5/2022 8:00:00 PM","No Pedestrians Involved","Dry","No Unusual Conditions","Dusk - Dawn","Unknown","No Controls Present/Factor","Clear","Head On","Non-Related","Parked Vehicle","Not Applicable","Not Applicable","North Of",""
"682250","CR-0000091816","0","0","0","0","22-126-9706","False","True","0","5/4/2022 7:30:00 AM","No Pedestrians Involved","Dry","No Unusual Conditions","Daylight","Unknown","Controls Functioning","Cloudy","Rear End","Intersection","Other Vehicle","Not Applicable","Not Applicable","At",""
"682251","CR-0000091827","1","0","0","0","22-101-0748","True","False","179","4/11/2022 7:36:00 PM","Crossing In Crosswalk - Not At Intersection","Dry","No Unusual Conditions","Daylight","Violation Driver 1","Controls Functioning","Clear","Broadside","Non-Related","Skateboard","East","West","East Of","SKATEBROARD"
"682252","CR-0000091829","0","0","0","0","22-126-0466","False","False","51","5/6/2022 2:47:00 PM","No Pedestrians Involved","Dry","No Unusual Conditions","Daylight","Violation Driver 1","Controls Functioning","Clear","Sideswipe","Non-Related","Other Vehicle","Not Applicable","Not Applicable","West Of",""
"682253","CR-0000091802","0","0","0","0","22-103-9706","False","True","0","4/8/2022 3:30:00 PM","No Pedestrians Involved","Dry","No Unusual Conditions","Daylight","Unknown","Controls Functioning","Clear","Sideswipe","Intersection","Other Vehicle","Not Applicable","Not Applicable","At",""
"682254","CR-0000091797","0","0","0","0","22-121-0160","False","False","51","5/1/2022 5:46:00 AM","No Pedestrians Involved","Dry","No Unusual Conditions","Dark - Street Light","Violation Driver 1","No Controls Present/Factor","Clear","Sideswipe","Non-Related","Other Vehicle","Not Applicable","Not Applicable","South Of",""
"682255","CR-0000091838","0","0","0","0","22-102-0209","False","False","175","4/12/2022 8:20:00 AM","No Pedestrians Involved","Wet","No Unusual Conditions","Daylight","Violation Driver 1","Controls Functioning","Clear","Rear End","Non-Related","Motor Vehicle On Other Roadway","Not Applicable","Not Applicable","North Of",""
"682256","CR-0000091834","0","0","0","0","22-115-0901","False","False","93","4/25/2022 11:17:00 PM","No Pedestrians Involved","Dry","No Unusual Conditions","Dark - Street Light","Violation Driver 1","No Controls Present/Factor","Clear","Sideswipe","Non-Related","Parked Vehicle","Not Applicable","Not Applicable","West Of",""
"682257","CR-0000091818","1","0","0","0","22-124-0903","False","True","206","5/5/2022 2:21:00 AM","No Pedestrians Involved","Dry","No Unusual Conditions","Dark - Street Light","Violation Driver 1","No Controls Present/Factor","Clear","Sideswipe","Non-Related","Other Vehicle","Not Applicable","Not Applicable","North Of",""
"682258","CR-0000091805","0","0","0","0","22-104-9710","False","True","0","4/14/2022 12:00:00 PM","No Pedestrians Involved","Wet","Construction - Repair Zone","Daylight","Unknown","Controls Functioning","Rain","Vehicle/Bike","Intersection","Bike","Not Applicable","Not Applicable","At","BIKE"
"682259","CR-0000091820","2","0","0","0","22-122-0356","False","False","0","5/5/2022 3:48:00 PM","No Pedestrians Involved","Dry","No Unusual Conditions","Daylight","Violation Driver 1","Controls Functioning","Clear","Broadside","Intersection","Other Vehicle","Not Applicable","Not Applicable","At",""
"682260","CR-0000091846","0","0","0","0","22-118-9701","False","True","0","4/25/2022 4:00:00 PM","No Pedestrians Involved","Dry","No Unusual Conditions","Daylight","Unknown","Controls Functioning","Clear","Rear End","Intersection","Other Vehicle","Not Applicable","Not Applicable","At",""
"682261","CR-0000091851","2","0","0","0","22-103-0905","True","False","530","4/13/2022 11:21:00 PM","No Pedestrians Involved","Dry","No Unusual Conditions","Dark - Street Light","Violation Driver 1","No Controls Present/Factor","Clear","Hit Object","Non-Related","Fixed Object","Not Applicable","Not Applicable","West Of","LIGHT POLE"
"682262","CR-0000091821","0","0","0","0","22-108-0552","False","False","42","4/11/2022 8:30:00 AM","No Pedestrians Involved","Dry","No Unusual Conditions","Daylight","Violation Driver 1","No Controls Present/Factor","Clear","Rear End","Related","Parked Vehicle","Not Applicable","Not Applicable","South Of",""
"682263","CR-0000091826","0","0","0","0","22-125-1095","False","False","","5/5/2022 11:55:00 PM","No Pedestrians Involved","Dry","No Unusual Conditions","Dark - Street Light","Violation Driver 1","Controls Functioning","Clear","Rear End","Related","Other Vehicle","Not Applicable","Not Applicable","West Of",""
"682264","CR-0000091845","0","0","0","0","22-115-4006","False","True","","4/25/2022 7:45:00 AM","No Pedestrians Involved","Unknown","Unknown","Daylight","Unknown","Unknown","Unknown","Other","Related","Parked Vehicle","Not Applicable","Not Applicable","Unknown",""
"682265","CR-0000091819","0","0","1","0","22-125-0507","False","False","25","5/5/2022 3:28:00 PM","No Pedestrians Involved","Dry","No Unusual Conditions","Daylight","Violation Driver 1","No Controls Present/Factor","Clear","Rear End","Related","Other Vehicle","Not Applicable","Not Applicable","East Of","MC"
"682266","CR-0000091798","0","0","0","0","22-121-0188","True","False","150","5/1/2022 6:19:00 AM","No Pedestrians Involved","Dry","No Unusual Conditions","Daylight","Violation Driver 1","No Controls Present/Factor","Clear","Hit Object","Non-Related","Fixed Object","Not Applicable","Not Applicable","East Of","Guard Rail"
"682267","CR-0000091799","1","0","0","0","22-121-0663","False","False","0","5/1/2022 6:25:00 PM","No Pedestrians Involved","Dry","No Unusual Conditions","Daylight","Violation Driver 1","Controls Functioning","Clear","Head On","Intersection","Other Vehicle","Not Applicable","Not Applicable","At",""
"682268","CR-0000091804","0","0","0","0","22-104-9708","False","True","0","4/13/2022 2:52:00 PM","No Pedestrians Involved","Dry","No Unusual Conditions","Daylight","Unknown","Controls Functioning","Clear","Rear End","Intersection","Other Vehicle","Not Applicable","Not Applicable","At",""
"682269","CR-0000091836","0","0","0","0","22-115-0025","False","False","149","4/25/2022 12:25:00 AM","No Pedestrians Involved","Dry","No Unusual Conditions","Dark - Street Light","Violation Driver 1","Controls Functioning","Clear","Rear End","Non-Related","Parked Vehicle","Not Applicable","Not Applicable","South Of",""
"682270","CR-0000091839","0","1","1","0","22-115-0448","False","False","0","4/25/2022 1:33:00 PM","No Pedestrians Involved","Dry","No Unusual Conditions","Daylight","Violation Driver 1","Controls Functioning","Clear","Broadside","Intersection","Other Vehicle","Not Applicable","Not Applicable","At",""
"682271","CR-0000091800","0","0","0","0","22-122-0041","True","False","32","5/2/2022 1:33:00 AM","No Pedestrians Involved","Dry","No Unusual Conditions","Dark - Street Light","Violation Driver 1","No Controls Present/Factor","Clear","Hit Object","Related","Fixed Object","Not Applicable","Not Applicable","North Of","curb"
"682272","CR-0000091833","0","0","0","0","22-101-0946","True","False","185","4/11/2022 11:52:00 PM","No Pedestrians Involved","Dry","No Unusual Conditions","Dark - Street Light","Violation Driver 1","No Controls Present/Factor","Clear","Head On","Non-Related","Fixed Object","Not Applicable","Not Applicable","East Of","LIGHT POLE"
"682273","CR-0000091813","0","0","0","0","22-101-0115","True","False","0","4/11/2022 3:54:00 AM","No Pedestrians Involved","Dry","No Unusual Conditions","Dark - Street Light","Violation Driver 1","No Controls Present/Factor","Clear","Hit Object","Intersection","Fixed Object","Not Applicable","Not Applicable","At","GUARD RAIL, FENCE"
"682274","CR-0000091801","0","0","0","0","22-098-9703","False","True","","4/6/2022 3:40:00 PM","No Pedestrians Involved","Dry","Unknown","Daylight","Unknown","Unknown","Clear","Rear End","Related","Other Vehicle","Not Applicable","Not Applicable","West Of",""
"682275","CR-0000091795","0","1","0","0","22-119-0501","False","False","","4/29/2022 3:20:00 PM","No Pedestrians Involved","Dry","No Unusual Conditions","Daylight","Violation Driver 1","No Controls Present/Factor","Clear","Sideswipe","Related","Other Vehicle","Not Applicable","Not Applicable","West Of",""
"682276","CR-0000091835","1","1","0","0","22-115-0664","False","False","0","4/25/2022 11:33:00 PM","No Pedestrians Involved","Dry","No Unusual Conditions","Daylight","Violation Driver 1","Controls Functioning","Clear","Head On","Intersection","Other Vehicle","Not Applicable","Not Applicable","At",""
"682277","CR-0000091806","0","0","0","0","22-107-0433","False","True","0","4/17/2022 1:43:00 PM","No Pedestrians Involved","Dry","No Unusual Conditions","Daylight","Unknown","Controls Functioning","Clear","Broadside","Intersection","Other Vehicle","Not Applicable","Not Applicable","At",""
"682278","CR-0000091815","0","0","0","0","22-124-0753","False","False","51","5/4/2022 7:10:00 PM","No Pedestrians Involved","Dry","Unknown","Daylight","Violation Driver 1","No Controls Present/Factor","Clear","Sideswipe","Non-Related","Parked Vehicle","Not Applicable","Not Applicable","West Of",""
"682279","CR-0000091842","1","0","0","0","22-115-0115","False","False","0","4/25/2022 6:18:00 AM","No Pedestrians Involved","Dry","No Unusual Conditions","Daylight","Violation Driver 1","Controls Functioning","Clear","Broadside","Intersection","Other Vehicle","Not Applicable","Not Applicable","At",""
"682280","CR-0000091817","1","0","0","0","22-101-0494","False","False","0","4/11/2022 2:55:00 PM","No Pedestrians Involved","Dry","No Unusual Conditions","Daylight","Violation Driver 1","Controls Functioning","Clear","Sideswipe","Intersection","Other Vehicle","Not Applicable","Not Applicable","At",""
"682281","CR-0000091808","0","0","0","0","22-122-0549","False","False","0","5/2/2022 3:25:00 PM","No Pedestrians Involved","Dry","No Unusual Conditions","Daylight","Violation Driver 1","No Controls Present/Factor","Clear","Broadside","Intersection","Other Vehicle","Not Applicable","Not Applicable","At",""
"682282","CR-0000091823","0","0","0","0","22-101-0614","False","False","0","4/11/2022 5:02:00 PM","No Pedestrians Involved","Dry","No Unusual Conditions","Daylight","Violation Driver 1","Unknown","Clear","Sideswipe","Intersection","Other Vehicle","Not Applicable","Not Applicable","At","CITY OF SAN JOSE DOT VEHICLE"
"682283","CR-0000091847","0","0","0","0","22-102-0696","True","False","0","4/12/2022 6:01:00 PM","No Pedestrians Involved","Dry","Other","Daylight","Violation Driver 1","Controls Functioning","Clear","Broadside","Intersection","Other Vehicle","Not Applicable","Not Applicable","At","LIGHT POLE"
"682284","CR-0000091849","0","0","0","0","22-102-0900","False","False","0","4/12/2022 9:50:00 PM","No Pedestrians Involved","Dry","No Unusual Conditions","Dark - Street Light","Violation Driver 1","Controls Functioning","Clear","Rear End","Intersection","Other Vehicle","Not Applicable","Not Applicable","At",""
"682285","CR-0000091796","0","0","0","0","22-119-0525","False","False","","4/29/2022 3:45:00 PM","No Pedestrians Involved","Dry","No Unusual Conditions","Daylight","Unknown","Controls Functioning","Clear","Rear End","Related","Other Vehicle","Not Applicable","Not Applicable","North Of",""
"682286","CR-0000091809","0","0","0","0","22-122-0579","False","False","50","5/2/2022 3:35:00 PM","No Pedestrians Involved","Dry","No Unusual Conditions","Daylight","Violation Driver 1","Controls Functioning","Clear","Rear End","Related","Other Vehicle","Not Applicable","Not Applicable","West Of",""
"682287","CR-0000091840","0","0","0","0","22-116-0511","False","False","85","4/25/2022 2:10:00 AM","No Pedestrians Involved","Dry","No Unusual Conditions","Dark - Street Light","Violation Driver 1","No Controls Present/Factor","Clear","Rear End","Non-Related","Parked Vehicle","Not Applicable","Not Applicable","East Of",""
"682288","CR-0000091814","0","0","0","0","22-123-0822","False","False","0","5/3/2022 7:44:00 PM","No Pedestrians Involved","Dry","No Unusual Conditions","Daylight","Violation Driver 1","Controls Functioning","Clear","Hit Object","Intersection","Fixed Object","Not Applicable","Not Applicable","At","PG&E POLE"
"682289","CR-0000091832","1","1","0","0","22-127-0614","False","False","220","5/7/2022 4:23:00 PM","No Pedestrians Involved","Dry","No Unusual Conditions","Daylight","Violation Driver 1","No Controls Present/Factor","Clear","Rear End","Non-Related","Other Vehicle","Not Applicable","Not Applicable","East Of",""
"682290","CR-0000091825","0","0","0","0","22-125-1016","True","False","51","5/5/2022 10:16:00 PM","No Pedestrians Involved","Dry","No Unusual Conditions","Dark - Street Light","Violation Driver 1","Controls Functioning","Clear","Broadside","Non-Related","Parked Vehicle","Not Applicable","Not Applicable","South Of","Signage, Tree"
"682291","CR-0000091812","0","1","0","0","22-123-0784","False","False","30","5/3/2022 6:50:00 PM","No Pedestrians Involved","Dry","Loose Material On Roadway","Dusk - Dawn","Bike At Fault","Controls Functioning","Clear","Hit Object","Related","Other Object","Not Applicable","Not Applicable","North Of","E Scooter"
"682292","CR-0000091803","0","0","0","0","22-109-9704","False","True","0","4/12/2022 11:30:00 AM","No Pedestrians Involved","Dry","No Unusual Conditions","Daylight","Unknown","Controls Functioning","Clear","Broadside","Intersection","Other Vehicle","Not Applicable","Not Applicable","At",""
"682293","CR-0000091830","1","0","0","0","22-127-0275","False","False","105","5/7/2022 9:29:00 AM","No Pedestrians Involved","Dry","No Unusual Conditions","Daylight","Violation Driver 1","Controls Functioning","Clear","Rear End","Non-Related","Other Vehicle","Not Applicable","Not Applicable","North Of",""
"682294","CR-0000091844","0","0","0","0","22-116-4002","False","True","","4/25/2022 5:00:00 AM","No Pedestrians Involved","Unknown","Unknown","Unknown","Unknown","Unknown","Unknown","Other","Related","Parked Vehicle","Not Applicable","Not Applicable","North Of",""
"682295","CR-0000091810","0","0","0","0","22-123-0328","True","False","178","5/3/2022 6:00:00 AM","No Pedestrians Involved","Dry","No Unusual Conditions","Dark - Street Light","Violation Driver 1","No Controls Present/Factor","Clear","Hit Object","Non-Related","Fixed Object","Not Applicable","Not Applicable","South Of","Light Pole"
"682296","CR-0000091837","1","0","0","0","22-115-0150","False","False","0","4/25/2022 8:10:00 AM","No Pedestrians Involved","Dry","No Unusual Conditions","Daylight","Violation Driver 1","No Controls Present/Factor","Clear","Rear End","Intersection","Other Vehicle","Not Applicable","Not Applicable","At",""
"682297","CR-0000091841","1","0","0","0","22-103-0360","False","False","263","4/12/2022 10:00:00 PM","No Pedestrians Involved","Dry","No Unusual Conditions","Dark - Street Light","Violation Driver 1","No Controls Present/Factor","Clear","Sideswipe","Non-Related","Parked Vehicle","Not Applicable","Not Applicable","South Of",""
"682298","CR-0000091828","0","0","0","0","22-125-1079","False","False","45","5/6/2022 12:22:00 AM","No Pedestrians Involved","Dry","No Unusual Conditions","Dark - Street Light","Violation Driver 1","Controls Functioning","Clear","Sideswipe","Related","Other Vehicle","Not Applicable","Not Applicable","South Of",""
"682299","CR-0000091852","0","0","0","1","22-154-0940","False","False","0","6/3/2022 8:54:00 PM","No Pedestrians Involved","Dry","No Unusual Conditions","Dark - Street Light","Violation Driver 1","Controls Functioning","Unknown","Broadside","Intersection","Motorcycle","Not Applicable","Not Applicable","At","Delayed Fatal 07.01.2022 (Motor Cycle)"
"682300","CR-0000091862","0","0","0","0","22-016-0554","False","True","51","1/16/2022 4:30:00 PM","No Pedestrians Involved","Unknown","Unknown","Daylight","Unknown","Unknown","Unknown","Sideswipe","Non-Related","Other Vehicle","Not Applicable","Not Applicable","South Of",""
"682301","CR-0000091864","1","0","0","0","22-096-0206","False","False","300","4/6/2022 8:11:00 AM","No Pedestrians Involved","Dry","No Unusual Conditions","Daylight","Violation Driver 1","No Controls Present/Factor","Clear","Broadside","Non-Related","Other Vehicle","Not Applicable","Not Applicable","West Of",""
"682302","CR-0000091865","1","0","0","0","22-096-0480","False","False","32","4/6/2022 12:50:00 PM","No Pedestrians Involved","Dry","No Unusual Conditions","Daylight","Violation Driver 1","No Controls Present/Factor","Clear","Rear End","Related","Other Vehicle","Not Applicable","Not Applicable","East Of",""
"682303","CR-0000091866","1","0","0","0","22-096-0507","False","False","38","4/6/2022 1:26:00 PM","No Pedestrians Involved","Dry","Unknown","Daylight","Violation Driver 1","No Controls Present/Factor","Clear","Sideswipe","Related","Parked Vehicle","Not Applicable","Not Applicable","West Of",""
"682304","CR-0000091867","1","0","0","0","22-096-0564","False","False","0","4/6/2022 2:10:00 PM","Not In Road","Dry","No Unusual Conditions","Daylight","Violation Driver 1","No Controls Present/Factor","Clear","Vehicle/Pedestrian","Intersection","Pedestrian","West","East","At","PEDESTRIAN (SCOOTER)"
"682305","CR-0000091868","1","0","0","0","22-096-0601","False","False","0","4/6/2022 3:11:00 PM","No Pedestrians Involved","Dry","No Unusual Conditions","Unknown","Violation Driver 1","Controls Functioning","Clear","Rear End","Intersection","Other Vehicle","Not Applicable","Not Applicable","At",""
"682306","CR-0000091869","2","0","0","0","22-096-0613","False","False","51","4/6/2022 2:06:00 PM","No Pedestrians Involved","Dry","No Unusual Conditions","Daylight","Violation Driver 1","No Controls Present/Factor","Clear","Rear End","Non-Related","Other Vehicle","Not Applicable","Not Applicable","West Of",""
"682307","CR-0000091870","0","0","0","0","22-096-0766","False","False","34","4/6/2022 5:58:00 PM","No Pedestrians Involved","Dry","No Unusual Conditions","Daylight","Violation Driver 1","Controls Functioning","Clear","Hit Object","Related","Fixed Object","Not Applicable","Not Applicable","South Of","SIGNAL POLE"
"682308","CR-0000091871","0","0","0","0","22-096-0830","False","False","45","4/6/2022 6:59:00 PM","No Pedestrians Involved","Dry","No Unusual Conditions","Daylight","Violation Driver 1","Controls Functioning","Unknown","Rear End","Related","Other Vehicle","Not Applicable","Not Applicable","North Of",""
"682309","CR-0000091872","0","0","0","0","22-106-4000","False","True","51","4/6/2022 2:00:00 PM","No Pedestrians Involved","Unknown","Unknown","Daylight","Unknown","Unknown","Unknown","Other","Non-Related","Other Vehicle","Not Applicable","Not Applicable","South Of",""
"682310","CR-0000091873","0","0","0","0","22-096-4001","False","True","","4/6/2022 9:45:00 PM","No Pedestrians Involved","Unknown","Unknown","Unknown","Unknown","Unknown","Unknown","Rear End","Related","Parked Vehicle","Not Applicable","Not Applicable","North Of",""
"682311","CR-0000091874","0","0","0","0","22-097-9702","False","True","100","4/6/2022 7:10:00 PM","No Pedestrians Involved","Dry","No Unusual Conditions","Daylight","Unknown","Controls Functioning","Clear","Sideswipe","Non-Related","Other Vehicle","Not Applicable","Not Applicable","West Of",""
"682312","CR-0000091875","0","1","0","0","22-097-0112","False","False","17","4/7/2022 5:09:00 AM","No Pedestrians Involved","Dry","No Unusual Conditions","Dark - Street Light","Violation Driver 1","Controls Functioning","Clear","Broadside","Related","Other Vehicle","Not Applicable","Not Applicable","West Of",""
"682313","CR-0000091876","0","1","0","0","22-097-0332","False","False","0","4/7/2022 10:57:00 AM","No Pedestrians Involved","Dry","No Unusual Conditions","Daylight","Violation Driver 1","No Controls Present/Factor","Clear","Head On","Intersection","Other Vehicle","Not Applicable","Not Applicable","At",""