"CrashFactId","Name","MinorInjuries","ModerateInjuries","SevereInjuries","FatalInjuries","TcrNumber","CityDamageFlag","ShortFormFlag","Distance","CrashDateTime","PedestrianAction","RoadwaySurface","RoadwayCondition","Lighting","PrimaryCollisionFactor","TrafficControl","Weather","CollisionType","ProximityToIntersection","VehicleInvolvedWith","PedestrianDirectionFrom","PedestrianDirectionTo","DirectionFromIntersection","Comment"
"682412","CR-0000091974","0","0","0","0","22-106-0859","False","False","45","4/16/2022 11:30:00 PM","No Pedestrians Involved","Dry","No Unusual Conditions","Dark - Street Light","Violation Driver 1","Controls Functioning","Clear","Rear End","Related","Other Vehicle","Not Applicable","Not Applicable","North Of",""
"682413","CR-0000091976","0","0","1","0","22-107-0094","True","False","990","4/17/2022 1:57:00 AM","No Pedestrians Involved","Dry","No Unusual Conditions","Dark - Street Light","Violation Driver 1","Controls Functioning","Clear","Hit Object","Non-Related","Fixed Object","Not Applicable","Not Applicable","West Of","TREE"
"682414","CR-0000091977","1","0","0","0","22-107-0422","False","False","0","4/17/2022 1:27:00 PM","No Pedestrians Involved","Dry","No Unusual Conditions","Daylight","Violation Driver 1","Controls Functioning","Clear","Rear End","Intersection","Other Vehicle","Not Applicable","Not Applicable","At",""
"682415","CR-0000091978","0","0","0","0","22-114-0688","False","False","105","4/24/2022 6:54:00 PM","No Pedestrians Involved","Dry","No Unusual Conditions","Daylight","Violation Driver 1","Controls Functioning","Clear","Sideswipe","Non-Related","Parked Vehicle","Not Applicable","Not Applicable","West Of",""
"682416","CR-0000091979","0","0","0","0","22-116-9709","False","True","0","4/24/2022 10:20:00 PM","No Pedestrians Involved","Dry","No Unusual Conditions","Dark - Street Light","Unknown","No Controls Present/Factor","Clear","Rear End","Intersection","Parked Vehicle","Not Applicable","Not Applicable","At",""
"682417","CR-0000091980","0","1","1","0","22-107-0513","False","False","0","4/17/2022 3:57:00 PM","No Pedestrians Involved","Dry","No Unusual Conditions","Daylight","Violation Driver 1","No Controls Present/Factor","Clear","Broadside","Intersection","Other Vehicle","Not Applicable","Not Applicable","At",""
"682418","CR-0000091981","0","0","0","0","22-107-0568","False","False","0","4/17/2022 5:09:00 PM","No Pedestrians Involved","Dry","No Unusual Conditions","Daylight","Violation Driver 1","No Controls Present/Factor","Clear","Head On","Intersection","Other Vehicle","Not Applicable","Not Applicable","At",""
"682419","CR-0000091982","0","0","0","0","22-107-0693","True","False","65","4/17/2022 6:52:00 PM","No Pedestrians Involved","Dry","No Unusual Conditions","Daylight","Violation Driver 1","Controls Functioning","Clear","Hit Object","Non-Related","Fixed Object","Not Applicable","Not Applicable","North Of","BIKE LANE SIGN POLE"
"682420","CR-0000091983","0","0","0","0","22-107-0635","False","False","51","4/17/2022 6:00:00 PM","No Pedestrians Involved","Dry","No Unusual Conditions","Daylight","Violation Driver 1","Controls Functioning","Clear","Sideswipe","Non-Related","Other Vehicle","Not Applicable","Not Applicable","North Of",""
"682421","CR-0000091984","1","0","0","0","22-116-0110","False","False","0","4/26/2022 6:45:00 AM","No Pedestrians Involved","Dry","No Unusual Conditions","Daylight","Violation Driver 1","Controls Functioning","Clear","Broadside","Intersection","Other Vehicle","Not Applicable","Not Applicable","At",""
"682422","CR-0000091985","2","0","0","0","22-116-0190","False","False","104","4/26/2022 9:11:00 AM","No Pedestrians Involved","Dry","No Unusual Conditions","Daylight","Violation Driver 1","Controls Functioning","Clear","Rear End","Non-Related","Other Vehicle","Not Applicable","Not Applicable","North Of",""
"682423","CR-0000091986","0","1","0","0","22-116-0244","False","False","0","4/26/2022 10:32:00 AM","No Pedestrians Involved","Dry","No Unusual Conditions","Daylight","Unknown","Controls Functioning","Clear","Broadside","Intersection","Bike","Not Applicable","Not Applicable","At","BIKE"
"682424","CR-0000091987","0","0","0","0","22-116-0368","True","False","0","4/26/2022 1:08:00 PM","No Pedestrians Involved","Dry","No Unusual Conditions","Daylight","Violation Driver 1","Controls Functioning","Clear","Rear End","Intersection","Other Vehicle","Not Applicable","Not Applicable","At","PBCE"
"682425","CR-0000091988","0","0","0","0","22-116-0412","False","False","60","4/26/2022 1:57:00 PM","No Pedestrians Involved","Dry","No Unusual Conditions","Daylight","Violation Driver 1","No Controls Present/Factor","Clear","Sideswipe","Non-Related","Other Vehicle","Not Applicable","Not Applicable","West Of",""
"682426","CR-0000091989","1","0","0","0","22-116-0418","False","False","0","4/26/2022 2:03:00 PM","No Pedestrians Involved","Dry","No Unusual Conditions","Daylight","Violation Driver 1","Controls Functioning","Clear","Sideswipe","Intersection","Other Vehicle","Not Applicable","Not Applicable","At",""
"682427","CR-0000091990","1","0","0","0","22-107-0815","False","False","0","4/17/2022 10:52:00 PM","No Pedestrians Involved","Dry","No Unusual Conditions","Dark - Street Light","Violation Driver 1","Controls Not Functioning","Clear","Broadside","Intersection","Other Vehicle","Not Applicable","Not Applicable","At",""
"682428","CR-0000091991","0","0","0","0","22-116-0570","False","False","48","4/26/2022 2:52:00 PM","No Pedestrians Involved","Dry","No Unusual Conditions","Daylight","Violation Driver 1","No Controls Present/Factor","Clear","Other","Related","Parked Vehicle","Not Applicable","Not Applicable","South Of",""
"682429","CR-0000091993","0","0","0","0","22-107-4001","False","True","51","4/17/2022 2:00:00 AM","No Pedestrians Involved","Unknown","Unknown","Unknown","Violation Driver 1","Unknown","Unknown","Sideswipe","Non-Related","Parked Vehicle","Not Applicable","Not Applicable","South Of",""
"682430","CR-0000091992","2","0","0","0","22-116-0641","False","False","0","4/26/2022 5:30:00 PM","No Pedestrians Involved","Dry","No Unusual Conditions","Daylight","Violation Driver 1","Controls Functioning","Unknown","Broadside","Intersection","Other Vehicle","Not Applicable","Not Applicable","At",""
"682431","CR-0000091995","0","0","0","0","22-116-0642","True","False","90","4/26/2022 5:30:00 PM","No Pedestrians Involved","Dry","No Unusual Conditions","Daylight","Violation Driver 1","No Controls Present/Factor","Clear","Other","Non-Related","Other Object","Not Applicable","Not Applicable","South Of","Light Pole"
"682432","CR-0000091994","2","0","0","0","22-108-0238","False","False","300","4/18/2022 8:07:00 AM","No Pedestrians Involved","Dry","No Unusual Conditions","Daylight","Violation Driver 1","Controls Functioning","Clear","Broadside","Non-Related","Other Vehicle","Not Applicable","Not Applicable","East Of",""
"682433","CR-0000091996","0","0","0","0","22-108-0592","True","False","0","4/18/2022 3:03:00 PM","No Pedestrians Involved","Dry","No Unusual Conditions","Daylight","Violation Driver 1","No Controls Present/Factor","Clear","Hit Object","Intersection","Fixed Object","Not Applicable","Not Applicable","At","STOP SIGN"
"682434","CR-0000091997","0","0","0","0","22-116-0763","False","False","156","4/26/2022 7:35:00 PM","No Pedestrians Involved","Dry","No Unusual Conditions","Dusk - Dawn","Violation Driver 1","No Controls Present/Factor","Clear","Sideswipe","Non-Related","Parked Vehicle","Not Applicable","Not Applicable","North Of",""
"682435","CR-0000091998","1","0","0","0","22-116-0803","False","False","64","4/26/2022 8:37:00 PM","No Pedestrians Involved","Dry","No Unusual Conditions","Dark - Street Light","Violation Driver 1","Controls Functioning","Clear","Sideswipe","Non-Related","Other Vehicle","Not Applicable","Not Applicable","North Of",""
"682436","CR-0000091999","0","0","0","0","22-116-4005","False","True","51","4/26/2022 10:50:00 AM","No Pedestrians Involved","Unknown","Unknown","Daylight","Unknown","Unknown","Unknown","Sideswipe","Non-Related","Parked Vehicle","Not Applicable","Not Applicable","South Of",""
"682437","CR-0000092001","2","0","0","0","22-108-0596","True","False","406","4/18/2022 3:23:00 PM","No Pedestrians Involved","Dry","No Unusual Conditions","Daylight","Violation Driver 1","No Controls Present/Factor","Clear","Sideswipe","Non-Related","Parked Vehicle","Not Applicable","Not Applicable","West Of","TREE"
"682438","CR-0000092002","0","0","0","0","22-110-9702","False","True","0","4/18/2022 3:00:00 PM","No Pedestrians Involved","Dry","Reduced Roadway Width","Dusk - Dawn","Unknown","Controls Functioning","Clear","Sideswipe","Intersection","Other Vehicle","Not Applicable","Not Applicable","At",""
"682439","CR-0000092003","0","0","0","0","22-110-0039","False","False","0","4/19/2022 11:20:00 PM","No Pedestrians Involved","Dry","No Unusual Conditions","Dark - No Street Light","Violation Driver 1","Controls Functioning","Clear","Sideswipe","Intersection","Other Vehicle","Not Applicable","Not Applicable","At",""
"682440","CR-0000092004","0","0","0","0","22-109-0127","False","False","270","4/19/2022 6:37:00 AM","No Pedestrians Involved","Wet","Reduced Roadway Width","Dusk - Dawn","Violation Driver 1","No Controls Present/Factor","Rain","Sideswipe","Non-Related","Other Vehicle","Not Applicable","Not Applicable","North Of",""
"682441","CR-0000092005","1","0","0","0","22-109-0298","False","False","0","4/19/2022 10:42:00 AM","Crossing In Crosswalk - At Intersection","Wet","No Unusual Conditions","Daylight","Pedestrian At Fault","Controls Functioning","Rain","Vehicle/Pedestrian","Intersection","Pedestrian","North","South","At","PEDESTRIAN"
"682442","CR-0000092006","0","0","0","0","22-109-0713","False","False","45","4/19/2022 6:07:00 PM","No Pedestrians Involved","Dry","No Unusual Conditions","Daylight","Violation Driver 1","No Controls Present/Factor","Clear","Rear End","Related","Parked Vehicle","Not Applicable","Not Applicable","South Of",""
"682443","CR-0000092007","0","0","0","0","22-109-0729","False","False","0","4/19/2022 6:22:00 PM","No Pedestrians Involved","Unknown","Unknown","Daylight","Bike At Fault","Unknown","Unknown","Vehicle/Bike","Intersection","Bike","Not Applicable","Not Applicable","At","BIKE"
"682444","CR-0000092008","0","1","0","0","22-109-0873","True","False","0","4/19/2022 9:23:00 PM","No Pedestrians Involved","Dry","No Unusual Conditions","Dark - Street Light","Violation Driver 1","No Controls Present/Factor","Clear","Hit Object","Intersection","Fixed Object","Not Applicable","Not Applicable","At","TREE"
"682445","CR-0000092009","0","0","1","0","22-107-0381","False","False","0","4/17/2022 12:16:00 PM","No Pedestrians Involved","Dry","No Unusual Conditions","Daylight","Violation Driver 1","Controls Functioning","Clear","Hit Object","Intersection","Fixed Object","Not Applicable","Not Applicable","At",""
"682446","CR-0000092010","0","0","0","0","22-109-0917","False","False","27","4/19/2022 10:28:00 PM","No Pedestrians Involved","Dry","No Unusual Conditions","Dark - Street Light","Violation Driver 1","Controls Functioning","Cloudy","Sideswipe","Related","Other Vehicle","Not Applicable","Not Applicable","West Of",""
"682447","CR-0000092011","0","0","0","0","22-110-0198","False","False","19","4/20/2022 7:47:00 AM","No Pedestrians Involved","Dry","No Unusual Conditions","Daylight","Violation Driver 1","Controls Functioning","Clear","Broadside","Related","Other Vehicle","Not Applicable","Not Applicable","North Of",""
"682448","CR-0000092012","0","0","0","0","22-110-0329","False","False","0","4/20/2022 10:32:00 AM","No Pedestrians Involved","Dry","No Unusual Conditions","Daylight","Violation Driver 1","Controls Functioning","Clear","Broadside","Intersection","Other Vehicle","Not Applicable","Not Applicable","At",""
"682449","CR-0000092013","0","0","0","0","22-110-0641","False","False","0","4/20/2022 4:41:00 PM","No Pedestrians Involved","Dry","No Unusual Conditions","Daylight","Violation Driver 1","Controls Functioning","Clear","Rear End","Intersection","Other Vehicle","Not Applicable","Not Applicable","At",""
"682450","CR-0000092014","2","0","0","0","22-117-0159","False","False","0","4/27/2022 7:32:00 AM","No Pedestrians Involved","Dry","No Unusual Conditions","Daylight","Violation Driver 1","No Controls Present/Factor","Clear","Sideswipe","Intersection","Other Vehicle","Not Applicable","Not Applicable","At",""
"682451","CR-0000092015","0","0","2","0","22-111-0070","False","False","0","4/21/2022 2:31:00 AM","No Pedestrians Involved","Wet","No Unusual Conditions","Dark - Street Light","Violation Driver 1","Controls Functioning","Rain","Broadside","Intersection","Other Vehicle","Not Applicable","Not Applicable","At",""
"682452","CR-0000092016","1","0","0","0","22-117-0182","False","False","0","4/27/2022 8:10:00 AM","No Pedestrians Involved","Unknown","No Unusual Conditions","Daylight","Violation Driver 1","Controls Functioning","Clear","Broadside","Intersection","Bike","Not Applicable","Not Applicable","At","BIKE"
"682453","CR-0000092017","1","0","0","0","22-117-0494","False","False","16","4/27/2022 1:57:00 PM","No Pedestrians Involved","Dry","No Unusual Conditions","Daylight","Violation Driver 1","No Controls Present/Factor","Clear","Hit Object","Related","Fixed Object","Not Applicable","Not Applicable","East Of","TREE"
"682454","CR-0000092018","1","0","0","0","22-117-0529","False","False","42","4/27/2022 2:20:00 PM","No Pedestrians Involved","Dry","No Unusual Conditions","Daylight","Violation Driver 1","Controls Functioning","Clear","Rear End","Related","Other Vehicle","Not Applicable","Not Applicable","North Of",""
"682455","CR-0000092020","0","0","0","0","22-111-0480","True","False","22","4/21/2022 2:12:00 PM","No Pedestrians Involved","Dry","No Unusual Conditions","Daylight","Violation Driver 1","Controls Functioning","Clear","Hit Object","Related","Fixed Object","Not Applicable","Not Applicable","East Of","TRAFFIC SIGNAL"
"682456","CR-0000092021","1","0","0","0","22-111-0521","False","False","480","4/21/2022 2:59:00 PM","No Pedestrians Involved","Dry","No Unusual Conditions","Daylight","Violation Driver 1","No Controls Present/Factor","Cloudy","Broadside","Non-Related","Other Vehicle","Not Applicable","Not Applicable","South Of",""
"682457","CR-0000092022","2","0","0","0","22-117-0646","False","False","0","4/27/2022 4:31:00 PM","No Pedestrians Involved","Dry","No Unusual Conditions","Daylight","Violation Driver 1","No Controls Present/Factor","Clear","Rear End","Intersection","Other Vehicle","Not Applicable","Not Applicable","At",""
"682458","CR-0000092023","0","0","0","0","22-111-0642","False","False","0","4/21/2022 6:47:00 PM","No Pedestrians Involved","Slippery (Muddy Oily etc.)","No Unusual Conditions","Daylight","Violation Driver 1","No Controls Present/Factor","Clear","Rear End","Intersection","Motor Vehicle On Other Roadway","Not Applicable","Not Applicable","At",""
"682459","CR-0000092024","0","0","0","0","22-117-0737","False","False","0","4/27/2022 5:58:00 PM","No Pedestrians Involved","Dry","No Unusual Conditions","Daylight","Violation Driver 1","No Controls Present/Factor","Clear","Broadside","Intersection","Parked Vehicle","Not Applicable","Not Applicable","At","Apartment"
"682460","CR-0000092025","1","0","0","0","22-117-0842","False","False","134","4/27/2022 8:04:00 PM","No Pedestrians Involved","Dry","No Unusual Conditions","Dark - Street Light","Bike At Fault","No Controls Present/Factor","Clear","Hit Object","Non-Related","Other Object","Not Applicable","Not Applicable","North Of","BIKE, Garbage Cans"
"682461","CR-0000092026","0","0","0","0","22-111-0841","False","False","0","4/21/2022 10:38:00 PM","No Pedestrians Involved","Dry","No Unusual Conditions","Dark - Street Light","Violation Driver 1","Controls Functioning","Clear","Rear End","Intersection","Motor Vehicle On Other Roadway","Not Applicable","Not Applicable","At",""
"682462","CR-0000092027","1","0","0","0","22-118-0534","False","False","0","4/28/2022 2:15:00 PM","No Pedestrians Involved","Dry","No Unusual Conditions","Daylight","Violation Driver 1","Controls Functioning","Clear","Broadside","Intersection","Other Vehicle","Not Applicable","Not Applicable","At",""
"682463","CR-0000092028","0","1","0","0","22-118-0684","False","False","280","4/28/2022 4:30:00 PM","No Pedestrians Involved","Dry","No Unusual Conditions","Daylight","Violation Driver 1","Controls Functioning","Clear","Broadside","Non-Related","Bike","Not Applicable","Not Applicable","South Of","BIKE"
"682464","CR-0000092029","0","1","0","0","22-111-0921","True","False","0","4/21/2022 11:20:00 PM","No Pedestrians Involved","Wet","No Unusual Conditions","Dark - Street Light","Violation Driver 1","No Controls Present/Factor","Rain","Hit Object","Intersection","Fixed Object","Not Applicable","Not Applicable","At","CURB - ROUND ABOUT"
"682465","CR-0000092030","1","1","0","0","22-118-0967","False","False","0","4/28/2022 9:08:00 PM","No Pedestrians Involved","Dry","No Unusual Conditions","Dark - Street Light","Violation Driver 1","Controls Functioning","Clear","Broadside","Intersection","Other Vehicle","Not Applicable","Not Applicable","At",""
"682466","CR-0000092031","0","0","0","0","22-118-1001","False","False","0","4/28/2022 9:35:00 PM","No Pedestrians Involved","Dry","No Unusual Conditions","Dark - Street Light","Violation Driver 1","No Controls Present/Factor","Clear","Sideswipe","Intersection","Parked Vehicle","Not Applicable","Not Applicable","At",""
"682467","CR-0000092032","2","4","0","0","22-118-1068","False","False","0","4/28/2022 11:11:00 PM","No Pedestrians Involved","Dry","No Unusual Conditions","Dark - Street Light","Violation Driver 1","Controls Functioning","Clear","Broadside","Intersection","Other Vehicle","Not Applicable","Not Applicable","At","POLE #135122"
"682468","CR-0000092033","0","0","0","0","22-119-0905","False","False","1249","4/29/2022 10:06:00 PM","No Pedestrians Involved","Dry","No Unusual Conditions","Dark - Street Light","Violation Driver 1","No Controls Present/Factor","Clear","Broadside","Non-Related","Other Vehicle","Not Applicable","Not Applicable","North Of",""
"682469","CR-0000092034","0","0","0","0","22-120-0060","False","False","210","4/30/2022 1:15:00 AM","No Pedestrians Involved","Dry","No Unusual Conditions","Dark - Street Light","Violation Driver 1","No Controls Present/Factor","Clear","Rear End","Non-Related","Parked Vehicle","Not Applicable","Not Applicable","West Of",""
"682470","CR-0000092035","0","0","0","0","22-120-0094","False","False","300","4/30/2022 2:32:00 AM","No Pedestrians Involved","Dry","No Unusual Conditions","Dark - Street Light","Violation Driver 1","Controls Functioning","Clear","Broadside","Non-Related","Parked Vehicle","Not Applicable","Not Applicable","North Of",""
"682471","CR-0000092036","0","0","0","0","22-120-0107","False","False","150","4/30/2022 2:59:00 AM","No Pedestrians Involved","Dry","No Unusual Conditions","Dark - Street Light","Violation Driver 1","No Controls Present/Factor","Clear","Head On","Non-Related","Parked Vehicle","Not Applicable","Not Applicable","West Of",""
"682472","CR-0000092037","0","0","0","0","22-120-0320","False","False","30","4/30/2022 10:38:00 AM","No Pedestrians Involved","Dry","No Unusual Conditions","Daylight","Violation Driver 1","No Controls Present/Factor","Clear","Broadside","Related","Other Vehicle","Not Applicable","Not Applicable","West Of",""
"682473","CR-0000092038","0","0","0","0","22-120-0377","False","False","51","4/30/2022 11:55:00 AM","No Pedestrians Involved","Dry","No Unusual Conditions","Daylight","Violation Driver 1","Controls Functioning","Clear","Sideswipe","Non-Related","Other Vehicle","Not Applicable","Not Applicable","West Of",""
"682474","CR-0000092039","1","0","0","0","22-120-0378","False","False","0","4/30/2022 11:56:00 AM","No Pedestrians Involved","Dry","No Unusual Conditions","Daylight","Violation Driver 1","Controls Functioning","Clear","Other","Intersection","Unknown","Not Applicable","Not Applicable","At",""
"682475","CR-0000092040","2","0","0","0","22-120-0397","False","False","0","4/30/2022 12:25:00 PM","No Pedestrians Involved","Dry","No Unusual Conditions","Daylight","Violation Driver 1","No Controls Present/Factor","Clear","Broadside","Intersection","Other Vehicle","Not Applicable","Not Applicable","At",""
"682476","CR-0000092041","0","0","0","0","22-120-0512","False","False","51","4/30/2022 3:04:00 PM","No Pedestrians Involved","Dry","No Unusual Conditions","Daylight","Violation Driver 1","Controls Functioning","Clear","Sideswipe","Non-Related","Other Vehicle","Not Applicable","Not Applicable","North Of",""
"682477","CR-0000092042","0","0","0","0","22-120-0811","False","False","80","4/30/2022 9:00:00 PM","No Pedestrians Involved","Dry","Unknown","Dusk - Dawn","Violation Driver 1","Controls Functioning","Clear","Rear End","Non-Related","Other Vehicle","Not Applicable","Not Applicable","West Of",""
"682478","CR-0000092045","0","0","0","0","22-091-0072","False","False","41","4/1/2022 2:15:00 AM","No Pedestrians Involved","Dry","No Unusual Conditions","Dark - Street Light","Violation Driver 1","Controls Functioning","Clear","Rear End","Related","Parked Vehicle","Not Applicable","Not Applicable","East Of",""
"682479","CR-0000092046","0","1","0","0","22-091-0334","False","False","181","4/1/2022 11:02:00 AM","No Pedestrians Involved","Dry","No Unusual Conditions","Daylight","Violation Driver 1","Controls Functioning","Clear","Overturned","Non-Related","Parked Vehicle","Not Applicable","Not Applicable","West Of",""
"682480","CR-0000092047","0","0","0","0","22-091-0534","False","False","0","4/1/2022 3:21:00 PM","No Pedestrians Involved","Dry","No Unusual Conditions","Daylight","Violation Driver 1","Controls Functioning","Clear","Sideswipe","Intersection","Other Vehicle","Not Applicable","Not Applicable","At",""
"682481","CR-0000092048","0","0","0","0","22-097-0163","False","False","193","4/7/2022 7:24:00 AM","No Pedestrians Involved","Dry","No Unusual Conditions","Daylight","Violation Driver 1","No Controls Present/Factor","Clear","Sideswipe","Non-Related","Other Vehicle","Not Applicable","Not Applicable","West Of",""
"682482","CR-0000092049","1","0","0","0","22-098-1045","False","False","0","4/8/2022 11:15:00 PM","No Pedestrians Involved","Dry","No Unusual Conditions","Dark - Street Light","Violation Driver 2","Unknown","Unknown","Broadside","Intersection","Other Vehicle","Not Applicable","Not Applicable","At",""
"682483","CR-0000092050","0","0","0","0","22-112-4001","False","True","51","4/20/2022 11:00:00 AM","No Pedestrians Involved","Unknown","Unknown","Daylight","Unknown","Unknown","Unknown","Sideswipe","Non-Related","Other Vehicle","Not Applicable","Not Applicable","East Of",""
"682484","CR-0000092051","2","0","0","0","22-111-0839","False","False","0","4/21/2022 8:30:00 PM","No Pedestrians Involved","Wet","Construction - Repair Zone","Dark - Street Light","Violation Driver 1","Controls Functioning","Clear","Broadside","Intersection","Bike","Not Applicable","Not Applicable","At","(2) BIKES - BOTH MEN ON ONE BIKE. ONE WAS GIVING A RIDE TO THE OTHER."
"682485","CR-0000092053","0","0","0","1","22-179-0376","True","False","392","6/28/2022 11:45:00 AM","No Pedestrians Involved","Dry","No Unusual Conditions","Daylight","Violation Driver 1","No Controls Present/Factor","Clear","Hit Object","Non-Related","Fixed Object","Not Applicable","Not Applicable","North Of","TREE"
"682486","CR-0000092052","0","0","0","1","22-179-0683","False","False","0","6/28/2022 5:04:00 PM","Crossing In Crosswalk - At Intersection","Dry","No Unusual Conditions","Daylight","Violation Driver 1","Controls Functioning","Clear","Vehicle/Pedestrian","Intersection","Pedestrian","East","West","At","PED"
"682487","CR-0000092054","0","0","0","0","22-091-0650","False","False","75","4/1/2022 5:30:00 PM","No Pedestrians Involved","Dry","No Unusual Conditions","Daylight","Violation Driver 1","No Controls Present/Factor","Clear","Rear End","Non-Related","Parked Vehicle","Not Applicable","Not Applicable","West Of",""
"682488","CR-0000092055","1","0","0","0","22-091-0734","False","False","0","4/1/2022 6:40:00 PM","No Pedestrians Involved","Dry","No Unusual Conditions","Daylight","Violation Driver 1","Controls Functioning","Clear","Head On","Intersection","Bike","Not Applicable","Not Applicable","At","BIKE"
"682489","CR-0000092056","2","0","0","0","22-091-0750","False","False","0","4/1/2022 6:54:00 PM","No Pedestrians Involved","Dry","No Unusual Conditions","Daylight","Violation Driver 1","Controls Functioning","Clear","Broadside","Intersection","Other Vehicle","Not Applicable","Not Applicable","At",""
"682490","CR-0000092057","0","0","0","0","22-091-1026","False","False","0","4/1/2022 10:56:00 PM","No Pedestrians Involved","Dry","No Unusual Conditions","Dark - Street Light","Violation Driver 1","Controls Functioning","Cloudy","Broadside","Intersection","Other Vehicle","Not Applicable","Not Applicable","At",""
"682491","CR-0000092058","1","0","0","0","22-091-1057","False","False","51","4/1/2022 11:26:00 PM","No Pedestrians Involved","Dry","No Unusual Conditions","Dark - Street Light","Violation Driver 1","No Controls Present/Factor","Clear","Sideswipe","Non-Related","Parked Vehicle","Not Applicable","Not Applicable","South Of",""
"682492","CR-0000092059","1","1","0","0","22-091-1075","False","False","400","4/1/2022 11:45:00 PM","No Pedestrians Involved","Dry","No Unusual Conditions","Dark - Street Light","Violation Driver 1","Controls Functioning","Clear","Broadside","Non-Related","Other Vehicle","Not Applicable","Not Applicable","North Of",""
"682493","CR-0000092060","0","0","0","0","22-092-0382","False","False","90","4/2/2022 2:30:00 AM","No Pedestrians Involved","Dry","No Unusual Conditions","Dark - Street Light","Violation Driver 1","Controls Functioning","Clear","Sideswipe","Non-Related","Parked Vehicle","Not Applicable","Not Applicable","South Of",""
"682494","CR-0000092061","2","0","0","0","22-092-0455","False","False","0","4/2/2022 2:23:00 PM","No Pedestrians Involved","Dry","No Unusual Conditions","Daylight","Violation Driver 1","Controls Functioning","Clear","Broadside","Intersection","Other Vehicle","Not Applicable","Not Applicable","At",""
"682495","CR-0000092062","0","0","0","0","22-092-0545","False","False","0","4/2/2022 4:24:00 PM","No Pedestrians Involved","Dry","No Unusual Conditions","Daylight","Violation Driver 1","No Controls Present/Factor","Clear","Rear End","Intersection","Parked Vehicle","Not Applicable","Not Applicable","At",""
"682496","CR-0000092063","0","0","1","0","22-092-0978","False","False","255","4/2/2022 11:42:00 PM","In Road - Includes Shoulder","Dry","No Unusual Conditions","Dark - No Street Light","Violation Driver 1","No Controls Present/Factor","Clear","Sideswipe","Non-Related","Pedestrian","Unknown","Unknown","West Of","PED"
"682497","CR-0000092064","1","0","0","0","22-102-0382","False","False","136","4/12/2022 12:01:00 PM","Crossing - Not In Crosswalk","Dry","No Unusual Conditions","Daylight","Pedestrian At Fault","No Controls Present/Factor","Clear","Head On","Non-Related","Pedestrian","South","North","West Of","PED"
"682498","CR-0000092065","0","0","0","0","22-093-0151","False","False","0","4/3/2022 2:53:00 AM","No Pedestrians Involved","Dry","No Unusual Conditions","Dark - Street Light","Violation Driver 1","Controls Functioning","Clear","Sideswipe","Intersection","Parked Vehicle","Not Applicable","Not Applicable","At",""
"682499","CR-0000092066","0","0","0","0","22-093-0154","False","False","0","4/3/2022 2:37:00 AM","No Pedestrians Involved","Dry","No Unusual Conditions","Dark - Street Light","Violation Driver 1","Controls Functioning","Clear","Rear End","Intersection","Parked Vehicle","Not Applicable","Not Applicable","At",""
"682500","CR-0000092067","0","0","1","0","22-093-0216","False","False","0","4/3/2022 1:00:00 AM","In Road - Includes Shoulder","Dry","No Unusual Conditions","Dark - Street Light","Violation Driver 1","No Controls Present/Factor","Clear","Vehicle/Pedestrian","Intersection","Pedestrian","No Direction (Not Walking)","No Direction (Not Walking)","At","PED"
"682501","CR-0000092068","0","0","1","0","22-093-0238","True","False","390","4/3/2022 5:18:00 AM","No Pedestrians Involved","Dry","No Unusual Conditions","Dark - Street Light","Unknown","Unknown","Clear","Hit Object","Non-Related","Fixed Object","Not Applicable","Not Applicable","South Of","Guard Rail"
"682502","CR-0000092069","2","0","0","0","22-093-0413","False","False","20","4/3/2022 12:26:00 PM","No Pedestrians Involved","Dry","No Unusual Conditions","Daylight","Violation Driver 1","Controls Functioning","Clear","Rear End","Related","Other Vehicle","Not Applicable","Not Applicable","East Of",""
"682503","CR-0000092070","0","0","0","0","22-093-0435","False","False","51","4/3/2022 12:53:00 PM","No Pedestrians Involved","Dry","No Unusual Conditions","Daylight","Violation Driver 1","Controls Functioning","Clear","Sideswipe","Non-Related","Parked Vehicle","Not Applicable","Not Applicable","West Of",""
"682504","CR-0000092071","0","0","0","0","22-093-0512","False","False","51","4/3/2022 2:50:00 PM","No Pedestrians Involved","Dry","No Unusual Conditions","Daylight","Violation Driver 1","No Controls Present/Factor","Clear","Sideswipe","Non-Related","Other Vehicle","Not Applicable","Not Applicable","North Of",""
"682505","CR-0000092072","0","0","0","0","22-093-0548","False","False","138","4/3/2022 3:35:00 PM","No Pedestrians Involved","Dry","No Unusual Conditions","Daylight","Violation Driver 1","No Controls Present/Factor","Clear","Rear End","Non-Related","Other Vehicle","Not Applicable","Not Applicable","East Of",""
"682506","CR-0000092073","0","0","0","0","22-093-0607","False","False","0","4/3/2022 4:37:00 PM","No Pedestrians Involved","Dry","No Unusual Conditions","Daylight","Violation Driver 1","No Controls Present/Factor","Clear","Broadside","Intersection","Other Vehicle","Not Applicable","Not Applicable","At",""
"682507","CR-0000092074","0","0","0","0","22-093-0633","False","False","0","4/3/2022 5:14:00 PM","No Pedestrians Involved","Dry","No Unusual Conditions","Daylight","Violation Driver 1","Controls Functioning","Clear","Head On","Intersection","Other Vehicle","Not Applicable","Not Applicable","At",""
"682508","CR-0000092075","1","0","0","0","22-093-0636","False","False","180","4/3/2022 5:09:00 PM","No Pedestrians Involved","Dry","No Unusual Conditions","Daylight","Bike At Fault","No Controls Present/Factor","Clear","Head On","Non-Related","Bike","Not Applicable","Not Applicable","North Of","BIKE"