"CrashFactId","Name","MinorInjuries","ModerateInjuries","SevereInjuries","FatalInjuries","TcrNumber","CityDamageFlag","ShortFormFlag","Distance","CrashDateTime","PedestrianAction","RoadwaySurface","RoadwayCondition","Lighting","PrimaryCollisionFactor","TrafficControl","Weather","CollisionType","ProximityToIntersection","VehicleInvolvedWith","PedestrianDirectionFrom","PedestrianDirectionTo","DirectionFromIntersection","Comment"
"682607","CR-0000092174","1","0","0","0","22-123-0610","False","False","98","5/3/2022 3:54:00 PM","No Pedestrians Involved","Dry","No Unusual Conditions","Daylight","Violation Driver 1","No Controls Present/Factor","Clear","Rear End","Non-Related","Other Vehicle","Not Applicable","Not Applicable","East Of",""
"682608","CR-0000092175","1","0","0","0","22-123-0647","False","False","22","5/3/2022 4:40:00 PM","No Pedestrians Involved","Dry","No Unusual Conditions","Daylight","Violation Driver 1","Controls Functioning","Clear","Broadside","Related","Other Vehicle","Not Applicable","Not Applicable","West Of",""
"682609","CR-0000092176","0","0","0","0","22-123-4000","False","True","51","5/3/2022 5:45:00 PM","No Pedestrians Involved","Unknown","Unknown","Daylight","Unknown","Unknown","Unknown","Sideswipe","Non-Related","Other Vehicle","Not Applicable","Not Applicable","North Of",""
"682610","CR-0000092177","0","0","0","0","22-154-9708","False","True","200","5/4/2022 10:00:00 PM","No Pedestrians Involved","Dry","No Unusual Conditions","Dark - Street Light","Unknown","No Controls Present/Factor","Clear","Rear End","Non-Related","Parked Vehicle","Not Applicable","Not Applicable","East Of",""
"682611","CR-0000092178","0","0","0","0","22-151-9715","False","True","100","5/4/2022 4:47:00 AM","No Pedestrians Involved","Dry","No Unusual Conditions","Dark - Street Light","Unknown","No Controls Present/Factor","Clear","Rear End","Non-Related","Parked Vehicle","Not Applicable","Not Applicable","South Of",""
"682612","CR-0000092179","0","0","0","0","22-125-0656","False","False","249","5/5/2022 5:17:00 PM","No Pedestrians Involved","Dry","No Unusual Conditions","Daylight","Violation Driver 1","Unknown","Clear","Sideswipe","Non-Related","Parked Vehicle","Not Applicable","Not Applicable","South Of",""
"682613","CR-0000092180","0","0","0","0","22-125-4000","False","True","","5/5/2022 6:00:00 AM","No Pedestrians Involved","Unknown","Unknown","Daylight","Unknown","Unknown","Unknown","Broadside","Related","Parked Vehicle","Not Applicable","Not Applicable","Unknown",""
"682614","CR-0000092181","0","0","0","0","22-126-4000","False","True","","5/5/2022 10:40:00 PM","No Pedestrians Involved","Unknown","Unknown","Unknown","Unknown","Unknown","Unknown","Broadside","Related","Scooter Motorized","Not Applicable","Not Applicable","Unknown","E. Scooter"
"682615","CR-0000092182","0","0","0","0","22-125-4001","False","True","","5/5/2022 4:54:00 PM","No Pedestrians Involved","Unknown","Unknown","Daylight","Unknown","Unknown","Unknown","Rear End","Related","Other Vehicle","Not Applicable","Not Applicable","Unknown",""
"682616","CR-0000092183","0","0","0","0","22-126-4002","False","True","51","5/5/2022 8:00:00 AM","No Pedestrians Involved","Unknown","Unknown","Daylight","Unknown","Unknown","Unknown","Broadside","Non-Related","Parked Vehicle","Not Applicable","Not Applicable","North Of",""
"682617","CR-0000092184","0","0","0","0","22-125-4003","False","True","","5/5/2022 10:00:00 AM","No Pedestrians Involved","Unknown","Unknown","Daylight","Unknown","Unknown","Unknown","Broadside","Related","Parked Vehicle","Not Applicable","Not Applicable","South Of",""
"682618","CR-0000092185","0","0","0","0","22-125-4005","False","True","","5/5/2022 3:05:00 PM","No Pedestrians Involved","Unknown","Unknown","Daylight","Unknown","Unknown","Unknown","Sideswipe","Related","Parked Vehicle","Not Applicable","Not Applicable","South Of",""
"682619","CR-0000092187","1","0","0","0","22-126-0647","False","False","0","5/6/2022 5:14:00 PM","No Pedestrians Involved","Dry","No Unusual Conditions","Daylight","Violation Driver 1","No Controls Present/Factor","Clear","Broadside","Intersection","Other Vehicle","Not Applicable","Not Applicable","At",""
"682620","CR-0000092186","1","0","0","1","22-129-0862","False","False","247","5/9/2022 9:06:00 PM","No Pedestrians Involved","Dry","No Unusual Conditions","Dark - Street Light","Violation Driver 1","No Controls Present/Factor","Clear","Rear End","Non-Related","Other Vehicle","Not Applicable","Not Applicable","East Of",""
"682621","CR-0000092189","0","0","0","0","22-133-4001","False","True","0","5/6/2022 8:55:00 AM","No Pedestrians Involved","Unknown","Unknown","Unknown","Unknown","Unknown","Unknown","Rear End","Intersection","Other Vehicle","Not Applicable","Not Applicable","At",""
"682622","CR-0000092188","0","0","0","0","22-130-0059","False","False","0","5/10/2022 1:29:00 AM","No Pedestrians Involved","Dry","No Unusual Conditions","Dark - Street Light","Violation Driver 1","Controls Functioning","Clear","Sideswipe","Intersection","Parked Vehicle","Not Applicable","Not Applicable","At",""
"682623","CR-0000092190","0","0","0","0","22-129-4004","False","False","","5/6/2022 7:50:00 PM","No Pedestrians Involved","Unknown","Unknown","Unknown","Unknown","Unknown","Unknown","Rear End","Related","Other Vehicle","Not Applicable","Not Applicable","South Of",""
"682624","CR-0000092191","0","0","0","0","22-130-0363","False","False","120","5/10/2022 11:26:00 AM","No Pedestrians Involved","Dry","No Unusual Conditions","Daylight","Violation Driver 1","No Controls Present/Factor","Clear","Broadside","Non-Related","Other Vehicle","Not Applicable","Not Applicable","East Of",""
"682625","CR-0000092201","0","0","0","0","22-152-0120","False","False","128","6/1/2022 4:50:00 AM","No Pedestrians Involved","Dry","No Unusual Conditions","Dusk - Dawn","Violation Driver 1","No Controls Present/Factor","Clear","Rear End","Non-Related","Other Vehicle","Not Applicable","Not Applicable","North Of",""
"682626","CR-0000092202","0","0","0","0","22-152-0277","False","False","165","6/1/2022 9:41:00 AM","No Pedestrians Involved","Dry","No Unusual Conditions","Daylight","Violation Driver 1","No Controls Present/Factor","Clear","Rear End","Non-Related","Parked Vehicle","Not Applicable","Not Applicable","West Of",""
"682627","CR-0000092203","1","1","0","0","22-152-0307","False","False","0","6/1/2022 10:00:00 AM","No Pedestrians Involved","Dry","No Unusual Conditions","Daylight","Violation Driver 1","Controls Functioning","Clear","Broadside","Intersection","Other Vehicle","Not Applicable","Not Applicable","At",""
"682628","CR-0000092204","0","1","0","0","22-152-0371","False","False","0","6/1/2022 11:13:00 AM","No Pedestrians Involved","Dry","No Unusual Conditions","Daylight","Violation Driver 1","Controls Functioning","Clear","Broadside","Intersection","Other Vehicle","Not Applicable","Not Applicable","At",""
"682629","CR-0000092205","0","0","0","0","22-152-0403","False","False","0","6/1/2022 11:31:00 AM","No Pedestrians Involved","Dry","No Unusual Conditions","Daylight","Violation Driver 1","Controls Functioning","Clear","Broadside","Intersection","Other Vehicle","Not Applicable","Not Applicable","At",""
"682630","CR-0000092206","1","0","0","0","22-152-0715","False","False","338","6/1/2022 5:16:00 PM","No Pedestrians Involved","Dry","No Unusual Conditions","Daylight","Violation Driver 1","No Controls Present/Factor","Clear","Rear End","Non-Related","Other Vehicle","Not Applicable","Not Applicable","North Of",""
"682631","CR-0000092207","0","0","0","0","22-152-0574","False","False","20","6/1/2022 2:49:00 PM","No Pedestrians Involved","Dry","No Unusual Conditions","Daylight","Violation Driver 1","Controls Functioning","Clear","Broadside","Related","Other Vehicle","Not Applicable","Not Applicable","North Of",""
"682632","CR-0000092208","0","0","0","0","22-159-9702","False","False","0","6/1/2022 7:56:00 AM","No Pedestrians Involved","Dry","No Unusual Conditions","Daylight","Unknown","Controls Functioning","Clear","Sideswipe","Intersection","Other Vehicle","Not Applicable","Not Applicable","At",""
"682633","CR-0000092209","1","0","0","0","22-152-1009","False","False","0","6/1/2022 10:25:00 PM","No Pedestrians Involved","Dry","No Unusual Conditions","Dark - Street Light","Unknown","Controls Functioning","Clear","Broadside","Intersection","Other Vehicle","Not Applicable","Not Applicable","At","ON-DUTY EMERGENCY VEHICLE INVOLVED"
"682634","CR-0000092210","2","0","0","0","22-152-0680","False","False","0","6/1/2022 4:46:00 PM","No Pedestrians Involved","Dry","No Unusual Conditions","Daylight","Violation Driver 1","Controls Functioning","Clear","Rear End","Intersection","Other Vehicle","Not Applicable","Not Applicable","At","EMERGENCY POLICE VEHICLE"
"682635","CR-0000092211","0","0","0","0","22-153-0125","True","False","350","6/2/2022 4:27:00 AM","No Pedestrians Involved","Dry","No Unusual Conditions","Dark - Street Light","Violation Driver 1","No Controls Present/Factor","Clear","Sideswipe","Non-Related","Parked Vehicle","Not Applicable","Not Applicable","East Of","LIGHT POLE, TREE"
"682636","CR-0000092212","2","0","0","0","22-153-0329","False","False","240","6/2/2022 10:14:00 AM","No Pedestrians Involved","Dry","No Unusual Conditions","Daylight","Violation Driver 1","No Controls Present/Factor","Clear","Broadside","Non-Related","Parked Vehicle","Not Applicable","Not Applicable","South Of",""
"682637","CR-0000092213","0","0","0","0","22-153-0331","False","False","21","6/2/2022 10:15:00 AM","No Pedestrians Involved","Dry","No Unusual Conditions","Daylight","Violation Driver 1","Controls Functioning","Clear","Sideswipe","Related","Other Vehicle","Not Applicable","Not Applicable","South Of",""
"682638","CR-0000092214","0","0","0","0","22-154-0603","False","False","51","6/3/2022 3:59:00 PM","No Pedestrians Involved","Dry","No Unusual Conditions","Daylight","Violation Driver 1","Controls Functioning","Clear","Rear End","Non-Related","Other Vehicle","Not Applicable","Not Applicable","South Of",""
"682639","CR-0000092215","1","0","0","0","22-153-0462","False","False","26","6/2/2022 12:53:00 PM","In Road - Includes Shoulder","Dry","No Unusual Conditions","Daylight","Violation Driver 1","No Controls Present/Factor","Clear","Vehicle/Pedestrian","Related","Scooter Motorized","North","South","South Of","SCOOTER"
"682640","CR-0000092216","2","0","0","0","22-152-0721","False","False","0","6/2/2022 5:22:00 PM","No Pedestrians Involved","Dry","No Unusual Conditions","Daylight","Violation Driver 1","Controls Functioning","Clear","Broadside","Intersection","Other Vehicle","Not Applicable","Not Applicable","At",""
"682641","CR-0000092217","0","0","0","0","22-153-0740","False","False","0","6/2/2022 6:21:00 PM","No Pedestrians Involved","Dry","No Unusual Conditions","Daylight","Violation Driver 1","Controls Functioning","Clear","Broadside","Intersection","Other Vehicle","Not Applicable","Not Applicable","At",""
"682642","CR-0000092218","1","0","0","0","22-153-0758","False","False","0","6/2/2022 7:44:00 PM","No Pedestrians Involved","Dry","No Unusual Conditions","Daylight","Violation Driver 1","Unknown","Clear","Broadside","Intersection","Bike","Not Applicable","Not Applicable","At","BICYCLIST"
"682643","CR-0000092219","0","0","0","0","22-131-9702","False","True","0","5/10/2022 12:45:00 PM","No Pedestrians Involved","Dry","No Unusual Conditions","Daylight","Unknown","Controls Functioning","Clear","Rear End","Intersection","Other Vehicle","Not Applicable","Not Applicable","At",""
"682644","CR-0000092220","0","0","0","0","22-131-9704","False","True","0","5/10/2022 9:10:00 PM","No Pedestrians Involved","Dry","No Unusual Conditions","Dark - Street Light","Unknown","Controls Functioning","Clear","Other","Intersection","Other Vehicle","Not Applicable","Not Applicable","At",""
"682645","CR-0000092221","1","0","0","0","22-131-0786","False","False","140","5/11/2022 7:16:00 PM","No Pedestrians Involved","Dry","No Unusual Conditions","Daylight","Violation Driver 1","No Controls Present/Factor","Clear","Broadside","Non-Related","Other Vehicle","Not Applicable","Not Applicable","West Of",""
"682646","CR-0000092222","0","1","0","0","22-132-0563","False","False","0","5/12/2022 3:46:00 PM","No Pedestrians Involved","Dry","No Unusual Conditions","Daylight","Bike At Fault","Controls Functioning","Clear","Vehicle/Bike","Intersection","Bike","Not Applicable","Not Applicable","At","BIKE"
"682647","CR-0000092223","0","0","0","0","22-132-9702","False","True","0","5/12/2022 5:50:00 PM","No Pedestrians Involved","Unknown","Unknown","Unknown","Violation Driver 1","Controls Functioning","Unknown","Head On","Intersection","Other Vehicle","Not Applicable","Not Applicable","At",""
"682648","CR-0000092224","0","0","0","0","22-133-0003","False","False","850","5/13/2022 12:06:00 AM","No Pedestrians Involved","Dry","No Unusual Conditions","Dark - Street Light","Violation Driver 1","Controls Functioning","Clear","Hit Object","Non-Related","Fixed Object","Not Applicable","Not Applicable","South Of","LIGHT POLE"
"682649","CR-0000092225","0","0","0","0","22-134-0231","False","False","0","5/14/2022 8:40:00 AM","No Pedestrians Involved","Dry","No Unusual Conditions","Daylight","Violation Driver 1","Controls Functioning","Clear","Hit Object","Intersection","Fixed Object","Not Applicable","Not Applicable","At","TRAFFIC SIGNAL"
"682650","CR-0000092226","0","0","0","0","22-118-0707","False","False","75","4/28/2022 12:00:00 PM","No Pedestrians Involved","Dry","No Unusual Conditions","Daylight","Violation Driver 1","Controls Not Functioning","Clear","Sideswipe","Non-Related","Parked Vehicle","Not Applicable","Not Applicable","East Of",""
"682651","CR-0000092227","0","0","0","0","22-147-9712","False","True","0","5/25/2022 7:45:00 AM","No Pedestrians Involved","Dry","No Unusual Conditions","Daylight","Unknown","Controls Functioning","Clear","Sideswipe","Intersection","Other Vehicle","Not Applicable","Not Applicable","At",""
"682652","CR-0000092228","0","0","0","0","22-147-4001","False","True","51","5/27/2022 7:30:00 AM","No Pedestrians Involved","Unknown","Unknown","Daylight","Unknown","Unknown","Unknown","Sideswipe","Non-Related","Unknown","Not Applicable","Not Applicable","South Of",""
"682653","CR-0000092229","0","0","0","0","22-136-0186","True","False","30","5/16/2022 6:11:00 AM","No Pedestrians Involved","Dry","No Unusual Conditions","Daylight","Violation Driver 1","No Controls Present/Factor","Clear","Hit Object","Related","Fixed Object","Not Applicable","Not Applicable","West Of","Light Pole"
"682654","CR-0000092230","1","0","0","0","22-136-0417","False","False","0","5/16/2022 11:20:00 AM","Crossing In Crosswalk - At Intersection","Dry","No Unusual Conditions","Daylight","Violation Driver 1","Unknown","Clear","Vehicle/Pedestrian","Intersection","Pedestrian","South","North","At","PED"
"682655","CR-0000092231","1","0","0","0","22-136-0669","False","False","0","5/16/2022 3:40:00 PM","No Pedestrians Involved","Dry","No Unusual Conditions","Daylight","Violation Driver 1","Controls Functioning","Clear","Rear End","Intersection","Other Vehicle","Not Applicable","Not Applicable","At",""
"682656","CR-0000092232","1","0","0","0","22-136-0828","False","False","30","5/16/2022 7:21:00 PM","Crossing In Crosswalk - At Intersection","Dry","No Unusual Conditions","Daylight","Violation Driver 1","Controls Functioning","Clear","Vehicle/Bike","Related","Bike","South","North","West Of","BIKE"
"682657","CR-0000092233","0","0","0","0","22-136-0954","False","False","20","5/16/2022 10:05:00 PM","No Pedestrians Involved","Dry","No Unusual Conditions","Dark - Street Light","Violation Driver 1","Controls Functioning","Clear","Broadside","Related","Other Vehicle","Not Applicable","Not Applicable","East Of",""
"682658","CR-0000092234","0","0","0","0","22-138-9702","False","True","51","5/17/2022 11:45:00 AM","No Pedestrians Involved","Dry","No Unusual Conditions","Daylight","Unknown","Controls Functioning","Clear","Broadside","Non-Related","Other Vehicle","Not Applicable","Not Applicable","North Of",""
"682659","CR-0000092235","0","0","0","0","22-128-0106","True","False","0","5/8/2022 2:21:00 AM","No Pedestrians Involved","Dry","No Unusual Conditions","Dark - Street Light","Violation Driver 1","No Controls Present/Factor","Clear","Hit Object","Intersection","Fixed Object","Not Applicable","Not Applicable","At","Light Pole"
"682660","CR-0000092236","1","0","0","0","22-128-0304","False","False","0","5/8/2022 10:34:00 AM","No Pedestrians Involved","Dry","No Unusual Conditions","Daylight","Violation Driver 1","No Controls Present/Factor","Clear","Sideswipe","Intersection","Other Vehicle","Not Applicable","Not Applicable","At",""
"682661","CR-0000092237","1","0","0","0","22-128-0384","False","False","0","5/8/2022 12:30:00 PM","No Pedestrians Involved","Dry","No Unusual Conditions","Daylight","Violation Driver 1","Controls Functioning","Clear","Rear End","Intersection","Other Vehicle","Not Applicable","Not Applicable","At",""
"682662","CR-0000092238","0","0","0","0","22-128-4002","False","True","","5/8/2022 10:12:00 AM","No Pedestrians Involved","Unknown","Unknown","Daylight","Unknown","Unknown","Unknown","Rear End","Related","Other Vehicle","Not Applicable","Not Applicable","Unknown",""
"682663","CR-0000092239","0","0","0","0","22-128-4003","False","True","0","5/8/2022 2:05:00 PM","No Pedestrians Involved","Unknown","Unknown","Daylight","Unknown","Unknown","Unknown","Rear End","Intersection","Other Vehicle","Not Applicable","Not Applicable","At",""
"682664","CR-0000092240","0","0","0","0","22-132-4003","False","True","51","5/8/2022 12:55:00 PM","No Pedestrians Involved","Unknown","Unknown","Unknown","Unknown","Unknown","Unknown","Rear End","Non-Related","Parked Vehicle","Not Applicable","Not Applicable","North Of",""
"682665","CR-0000092241","0","0","0","0","22-131-4003","False","True","0","5/7/2022 4:15:00 PM","No Pedestrians Involved","Unknown","Unknown","Daylight","Unknown","Unknown","Unknown","Broadside","Intersection","Other Vehicle","Not Applicable","Not Applicable","At",""
"682666","CR-0000092242","0","0","0","0","22-128-4006","False","True","51","5/7/2022 3:55:00 PM","No Pedestrians Involved","Unknown","Unknown","Daylight","Unknown","Unknown","Unknown","Broadside","Non-Related","Parked Vehicle","Not Applicable","Not Applicable","Unknown",""
"682667","CR-0000092243","0","0","0","0","22-132-4006","False","True","51","5/7/2022 1:03:00 PM","No Pedestrians Involved","Unknown","Unknown","Daylight","Unknown","Unknown","Unknown","Other","Non-Related","Parked Vehicle","Not Applicable","Not Applicable","West Of",""
"682668","CR-0000092244","0","0","0","0","22-128-4000","False","True","","5/7/2022 11:52:00 PM","No Pedestrians Involved","Unknown","Unknown","Unknown","Unknown","Unknown","Unknown","Rear End","Related","Parked Vehicle","Not Applicable","Not Applicable","North Of",""
"682669","CR-0000092245","0","0","0","0","22-128-4001","False","True","0","5/7/2022 7:15:00 AM","No Pedestrians Involved","Unknown","Unknown","Daylight","Unknown","Unknown","Unknown","Broadside","Intersection","Other Vehicle","Not Applicable","Not Applicable","At",""
"682670","CR-0000092246","0","0","0","0","22-129-0681","False","False","0","5/9/2022 5:30:00 PM","No Pedestrians Involved","Dry","No Unusual Conditions","Daylight","Violation Driver 1","Controls Functioning","Clear","Rear End","Intersection","Other Vehicle","Not Applicable","Not Applicable","At",""
"682671","CR-0000092247","2","0","0","0","22-147-0027","False","False","0","5/27/2022 12:30:00 AM","No Pedestrians Involved","Dry","No Unusual Conditions","Dark - Street Light","Violation Driver 1","Controls Functioning","Clear","Broadside","Intersection","Other Vehicle","Not Applicable","Not Applicable","At",""
"682672","CR-0000092248","1","1","0","0","22-147-0379","False","False","0","5/27/2022 1:14:00 PM","No Pedestrians Involved","Dry","No Unusual Conditions","Daylight","Violation Driver 1","Controls Functioning","Clear","Broadside","Intersection","Other Vehicle","Not Applicable","Not Applicable","At",""
"682673","CR-0000092249","0","1","0","0","22-146-0755","False","False","0","5/26/2022 4:36:00 PM","No Pedestrians Involved","Dry","No Unusual Conditions","Daylight","Violation Driver 1","No Controls Present/Factor","Clear","Broadside","Intersection","Other Vehicle","Not Applicable","Not Applicable","At",""
"682674","CR-0000092250","1","0","0","0","22-146-1053","False","False","54","5/26/2022 9:37:00 PM","No Pedestrians Involved","Dry","No Unusual Conditions","Dark - Street Light","Violation Driver 1","No Controls Present/Factor","Clear","Rear End","Non-Related","Parked Vehicle","Not Applicable","Not Applicable","West Of","CURB"
"682675","CR-0000092251","0","0","0","0","22-146-1068","False","True","51","5/26/2022 8:10:00 PM","No Pedestrians Involved","Unknown","Unknown","Unknown","Unknown","Unknown","Unknown","Rear End","Non-Related","Other Vehicle","Not Applicable","Not Applicable","South Of",""
"682676","CR-0000092252","0","0","0","0","22-147-4000","False","True","51","5/26/2022 10:00:00 PM","No Pedestrians Involved","Unknown","Unknown","Unknown","Unknown","Unknown","Unknown","Other","Non-Related","Other Vehicle","Not Applicable","Not Applicable","West Of",""
"682677","CR-0000092253","0","0","0","0","22-146-4003","False","True","51","5/26/2022 8:50:00 AM","No Pedestrians Involved","Unknown","Unknown","Daylight","Unknown","Unknown","Unknown","Rear End","Non-Related","Other Vehicle","Not Applicable","Not Applicable","South Of",""
"682678","CR-0000092254","0","0","0","0","22-147-4003","False","True","51","5/26/2022 7:00:00 AM","No Pedestrians Involved","Unknown","Unknown","Daylight","Unknown","Unknown","Unknown","Sideswipe","Non-Related","Other Vehicle","Not Applicable","Not Applicable","North Of",""
"682679","CR-0000092255","0","0","0","0","22-144-0008","False","False","0","5/24/2022 12:22:00 AM","No Pedestrians Involved","Dry","No Unusual Conditions","Dark - Street Light","Violation Driver 1","Controls Functioning","Clear","Broadside","Intersection","Other Vehicle","Not Applicable","Not Applicable","At",""
"682680","CR-0000092256","0","0","0","0","22-144-0045","False","False","37","5/24/2022 1:03:00 AM","No Pedestrians Involved","Dry","Other","Dark - Street Light","Violation Driver 1","Controls Functioning","Clear","Rear End","Related","Other Vehicle","Not Applicable","Not Applicable","East Of",""
"682681","CR-0000092257","0","0","1","0","22-144-0740","False","False","0","5/24/2022 5:16:00 PM","Crossing In Crosswalk - At Intersection","Dry","No Unusual Conditions","Daylight","Violation Driver 1","Controls Functioning","Clear","Vehicle/Pedestrian","Intersection","Pedestrian","North","South","At","PEDESTRIAN"
"682682","CR-0000092258","0","0","0","0","22-144-0842","False","False","51","5/24/2022 6:54:00 PM","No Pedestrians Involved","Dry","No Unusual Conditions","Daylight","Violation Driver 1","No Controls Present/Factor","Clear","Rear End","Non-Related","Other Vehicle","Not Applicable","Not Applicable","West Of",""
"682683","CR-0000092259","1","0","0","0","22-144-0904","False","False","57","5/24/2022 8:04:00 PM","No Pedestrians Involved","Dry","No Unusual Conditions","Daylight","Violation Driver 1","Controls Functioning","Clear","Rear End","Non-Related","Parked Vehicle","Not Applicable","Not Applicable","West Of",""
"682684","CR-0000092260","1","1","0","0","22-145-0632","False","False","347","5/25/2022 3:36:00 PM","No Pedestrians Involved","Dry","No Unusual Conditions","Daylight","Violation Driver 1","Controls Functioning","Clear","Head On","Non-Related","Other Vehicle","Not Applicable","Not Applicable","West Of",""
"682685","CR-0000092261","0","1","0","0","22-151-0791","False","False","0","5/31/2022 4:51:00 PM","No Pedestrians Involved","Dry","No Unusual Conditions","Daylight","Violation Driver 1","Controls Functioning","Clear","Broadside","Intersection","Other Vehicle","Not Applicable","Not Applicable","At",""
"682686","CR-0000092262","0","0","0","0","22-179-9707","False","True","0","5/13/2022 6:30:00 PM","Crossing In Crosswalk - At Intersection","Dry","No Unusual Conditions","Daylight","Unknown","No Controls Present/Factor","Clear","Vehicle/Pedestrian","Intersection","Pedestrian","Unknown","Unknown","At","PEDESTRIAN"
"682687","CR-0000092263","0","0","0","0","22-150-0682","False","False","23","5/30/2022 6:18:00 PM","No Pedestrians Involved","Dry","No Unusual Conditions","Daylight","Violation Driver 1","Controls Functioning","Clear","Broadside","Related","Other Vehicle","Not Applicable","Not Applicable","North Of",""
"682688","CR-0000092264","0","0","0","0","22-139-0912","False","False","21","5/19/2022 7:30:00 PM","No Pedestrians Involved","Dry","No Unusual Conditions","Daylight","Violation Driver 1","Controls Functioning","Clear","Sideswipe","Related","Other Vehicle","Not Applicable","Not Applicable","North Of",""
"682689","CR-0000092265","0","0","0","0","22-127-1228","False","False","0","5/7/2022 11:57:00 PM","No Pedestrians Involved","Dry","No Unusual Conditions","Dark - Street Light","Violation Driver 1","Controls Functioning","Clear","Broadside","Intersection","Other Vehicle","Not Applicable","Not Applicable","At",""
"682690","CR-0000092266","1","0","0","0","22-146-0790","False","False","0","5/26/2022 5:09:00 PM","No Pedestrians Involved","Dry","No Unusual Conditions","Daylight","Violation Driver 1","Controls Functioning","Clear","Broadside","Intersection","Other Vehicle","Not Applicable","Not Applicable","At",""
"682691","CR-0000092267","2","0","0","0","22-149-0364","False","False","63","5/29/2022 10:30:00 AM","No Pedestrians Involved","Dry","No Unusual Conditions","Daylight","Violation Driver 1","Controls Functioning","Clear","Rear End","Non-Related","Other Vehicle","Not Applicable","Not Applicable","East Of",""
"682692","CR-0000092268","0","0","0","0","22-150-4004","False","True","","5/30/2022 10:36:00 AM","No Pedestrians Involved","Unknown","Unknown","Daylight","Unknown","Unknown","Unknown","Rear End","Related","Other Vehicle","Not Applicable","Not Applicable","Unknown",""
"682693","CR-0000092269","0","0","0","0","22-151-0086","True","False","166","5/31/2022 1:59:00 AM","No Pedestrians Involved","Dry","No Unusual Conditions","Dark - Street Light","Violation Driver 1","No Controls Present/Factor","Clear","Hit Object","Non-Related","Fixed Object","Not Applicable","Not Applicable","East Of","BIKE PATH PILLAR POLE"
"682694","CR-0000092272","0","0","0","0","22-151-4001","False","True","0","5/31/2022 2:35:00 PM","No Pedestrians Involved","Unknown","Unknown","Daylight","Unknown","Unknown","Unknown","Sideswipe","Intersection","Other Vehicle","Not Applicable","Not Applicable","At",""
"682695","CR-0000092273","0","0","0","0","22-151-9712","False","True","","5/31/2022 11:00:00 AM","No Pedestrians Involved","Dry","No Unusual Conditions","Daylight","Unknown","Controls Functioning","Clear","Rear End","Related","Other Vehicle","Not Applicable","Not Applicable","West Of",""
"682696","CR-0000092274","0","0","0","0","22-155-0121","False","False","33","5/29/2022 2:10:00 AM","No Pedestrians Involved","Dry","No Unusual Conditions","Dark - Street Light","Violation Driver 1","No Controls Present/Factor","Clear","Rear End","Related","Parked Vehicle","Not Applicable","Not Applicable","West Of",""
"682697","CR-0000092275","0","0","0","0","22-149-0769","False","False","108","5/29/2022 6:56:00 PM","No Pedestrians Involved","Dry","No Unusual Conditions","Daylight","Violation Driver 1","No Controls Present/Factor","Clear","Rear End","Non-Related","Parked Vehicle","Not Applicable","Not Applicable","East Of",""
"682698","CR-0000092276","0","0","0","0","22-150-4001","False","True","51","5/29/2022 12:00:00 AM","No Pedestrians Involved","Unknown","Unknown","Unknown","Unknown","Unknown","Unknown","Sideswipe","Non-Related","Parked Vehicle","Not Applicable","Not Applicable","West Of",""
"682699","CR-0000092277","0","0","0","0","22-151-9714","False","True","51","5/29/2022 10:00:00 AM","No Pedestrians Involved","Dry","No Unusual Conditions","Daylight","Unknown","No Controls Present/Factor","Clear","Sideswipe","Non-Related","Parked Vehicle","Not Applicable","Not Applicable","South Of",""
"682700","CR-0000092278","0","0","0","0","22-150-0008","False","False","","5/30/2022 12:06:00 AM","No Pedestrians Involved","Dry","No Unusual Conditions","Dark - Street Light","Violation Driver 1","Controls Functioning","Clear","Rear End","Related","Motor Vehicle On Other Roadway","Not Applicable","Not Applicable","Unknown",""
"682701","CR-0000092279","0","0","0","0","22-150-0663","False","False","30","5/30/2022 6:23:00 PM","No Pedestrians Involved","Dry","Unknown","Daylight","Violation Driver 1","Controls Functioning","Clear","Rear End","Related","Other Vehicle","Not Applicable","Not Applicable","North Of",""
"682702","CR-0000092280","0","1","0","0","22-150-0722","True","False","0","5/30/2022 5:47:00 PM","No Pedestrians Involved","Dry","No Unusual Conditions","Daylight","Violation Driver 1","Controls Functioning","Clear","Hit Object","Intersection","Fixed Object","Not Applicable","Not Applicable","At","LIGHT POLE"
"682703","CR-0000092281","0","0","0","0","22-150-4002","False","True","0","5/30/2022 12:31:00 PM","No Pedestrians Involved","Unknown","Unknown","Daylight","Unknown","Unknown","Unknown","Rear End","Intersection","Other Vehicle","Not Applicable","Not Applicable","At",""
"682704","CR-0000092282","0","0","0","0","22-149-4000","False","True","0","5/28/2022 9:30:00 PM","No Pedestrians Involved","Unknown","Unknown","Unknown","Unknown","Unknown","Unknown","Broadside","Intersection","Other Vehicle","Not Applicable","Not Applicable","At",""
"682705","CR-0000092283","0","0","0","0","22-148-4001","False","True","51","5/28/2022 1:23:00 PM","No Pedestrians Involved","Unknown","Unknown","Daylight","Unknown","Unknown","Unknown","Sideswipe","Non-Related","Other Vehicle","Not Applicable","Not Applicable","East Of",""
"682706","CR-0000092284","0","0","0","0","22-148-4006","False","True","0","5/28/2022 12:19:00 PM","No Pedestrians Involved","Unknown","Unknown","Daylight","Unknown","Unknown","Unknown","Rear End","Intersection","Other Vehicle","Not Applicable","Not Applicable","At",""
"682707","CR-0000092285","0","0","0","0","22-149-9702","False","True","","5/28/2022 6:53:00 PM","No Pedestrians Involved","Dry","No Unusual Conditions","Daylight","Unknown","Controls Functioning","Clear","Sideswipe","Related","Other Vehicle","Not Applicable","Not Applicable","East Of",""