"CrashFactId","Name","MinorInjuries","ModerateInjuries","SevereInjuries","FatalInjuries","TcrNumber","CityDamageFlag","ShortFormFlag","Distance","CrashDateTime","PedestrianAction","RoadwaySurface","RoadwayCondition","Lighting","PrimaryCollisionFactor","TrafficControl","Weather","CollisionType","ProximityToIntersection","VehicleInvolvedWith","PedestrianDirectionFrom","PedestrianDirectionTo","DirectionFromIntersection","Comment"
"682708","CR-0000092286","0","0","0","0","22-136-0482","False","False","134","5/16/2022 12:36:00 PM","No Pedestrians Involved","Dry","No Unusual Conditions","Daylight","Violation Driver 1","Controls Functioning","Clear","Sideswipe","Non-Related","Other Vehicle","Not Applicable","Not Applicable","South Of",""
"682709","CR-0000092288","0","0","1","0","22-150-0834","False","False","0","5/30/2022 7:52:00 PM","No Pedestrians Involved","Dry","No Unusual Conditions","Daylight","Violation Driver 1","Unknown","Clear","Vehicle/Bike","Intersection","Bike","Not Applicable","Not Applicable","At","BIKE"
"682710","CR-0000092287","6","0","0","0","22-146-0938","False","False","0","5/26/2022 7:28:00 PM","No Pedestrians Involved","Dry","Unknown","Dusk - Dawn","Violation Driver 1","Unknown","Unknown","Broadside","Intersection","Other Vehicle","Not Applicable","Not Applicable","At",""
"682711","CR-0000092289","1","0","0","0","22-151-0385","False","False","0","5/31/2022 10:39:00 AM","No Pedestrians Involved","Dry","No Unusual Conditions","Daylight","Violation Driver 1","Controls Functioning","Clear","Sideswipe","Intersection","Other Vehicle","Not Applicable","Not Applicable","At",""
"682712","CR-0000092290","0","0","1","0","22-149-0109","False","False","0","5/29/2022 1:48:00 AM","No Pedestrians Involved","Dry","No Unusual Conditions","Dark - Street Light","Violation Driver 1","Controls Functioning","Clear","Sideswipe","Intersection","Other Vehicle","Not Applicable","Not Applicable","At",""
"682713","CR-0000092291","0","0","1","0","22-151-0781","False","False","0","5/29/2022 8:47:00 AM","Crossing In Crosswalk - At Intersection","Dry","No Unusual Conditions","Daylight","Violation Driver 1","No Controls Present/Factor","Clear","Vehicle/Pedestrian","Intersection","Pedestrian","North","South","At","PEDESTRIAN"
"682714","CR-0000092292","0","1","0","0","22-147-0271","False","False","0","5/27/2022 9:00:00 AM","In Road - Includes Shoulder","Dry","No Unusual Conditions","Daylight","Violation Driver 1","Controls Functioning","Cloudy","Vehicle/Pedestrian","Intersection","Pedestrian","Unknown","Unknown","At","PEDESTRIAN"
"682715","CR-0000092293","1","0","0","0","22-147-0570","False","False","0","5/27/2022 2:48:00 PM","No Pedestrians Involved","Dry","No Unusual Conditions","Daylight","Violation Driver 1","Controls Functioning","Clear","Broadside","Intersection","Other Vehicle","Not Applicable","Not Applicable","At",""
"682716","CR-0000092294","2","0","0","0","22-145-0637","False","False","397","5/25/2022 3:39:00 PM","No Pedestrians Involved","Dry","No Unusual Conditions","Daylight","Violation Driver 1","Controls Functioning","Clear","Rear End","Non-Related","Other Vehicle","Not Applicable","Not Applicable","South Of",""
"682717","CR-0000092295","1","0","0","0","22-143-0748","True","False","88","5/23/2022 5:42:00 PM","No Pedestrians Involved","Dry","No Unusual Conditions","Daylight","Violation Driver 1","Controls Functioning","Clear","Hit Object","Non-Related","Fixed Object","Not Applicable","Not Applicable","West Of","TREE"
"682718","CR-0000092296","0","0","0","0","22-143-0371","False","False","111","5/23/2022 10:21:00 AM","No Pedestrians Involved","Dry","No Unusual Conditions","Daylight","Violation Driver 1","Controls Functioning","Clear","Sideswipe","Non-Related","Other Vehicle","Not Applicable","Not Applicable","West Of",""
"682719","CR-0000092297","0","0","0","0","22-143-0522","True","False","129","5/23/2022 12:55:00 PM","No Pedestrians Involved","Dry","No Unusual Conditions","Daylight","Violation Driver 1","Controls Functioning","Clear","Hit Object","Non-Related","Fixed Object","Not Applicable","Not Applicable","South Of","CITY PROPERTY - LIBRARY GARAGE GATE"
"682720","CR-0000092299","1","0","0","0","22-153-0821","False","False","240","6/2/2022 7:48:00 PM","No Pedestrians Involved","Dry","No Unusual Conditions","Daylight","Violation Driver 1","Controls Functioning","Clear","Broadside","Non-Related","Other Vehicle","Not Applicable","Not Applicable","South Of",""
"682721","CR-0000092300","0","0","0","0","22-153-0880","False","False","390","6/2/2022 8:50:00 PM","No Pedestrians Involved","Dry","No Unusual Conditions","Dark - Street Light","Violation Driver 1","No Controls Present/Factor","Clear","Sideswipe","Non-Related","Other Vehicle","Not Applicable","Not Applicable","West Of",""
"682722","CR-0000092301","0","1","0","0","22-154-0062","True","False","30","6/3/2022 1:33:00 AM","No Pedestrians Involved","Dry","No Unusual Conditions","Dark - Street Light","Violation Driver 1","No Controls Present/Factor","Clear","Head On","Related","Fixed Object","Not Applicable","Not Applicable","West Of","CURB"
"682723","CR-0000092302","2","0","0","0","22-154-0063","False","False","0","6/3/2022 1:40:00 AM","No Pedestrians Involved","Dry","No Unusual Conditions","Dark - Street Light","Violation Driver 1","Controls Functioning","Clear","Head On","Intersection","Other Vehicle","Not Applicable","Not Applicable","At",""
"682724","CR-0000092303","0","1","0","0","22-154-0165","False","False","100","6/3/2022 6:43:00 AM","Crossing - Not In Crosswalk","Dry","No Unusual Conditions","Dusk - Dawn","Violation Driver 1","Controls Functioning","Clear","Vehicle/Pedestrian","Non-Related","Pedestrian","North","South","West Of","PEDESTRIAN"
"682725","CR-0000092306","0","0","0","0","22-129-0710","False","False","0","5/9/2022 5:50:00 PM","No Pedestrians Involved","Dry","No Unusual Conditions","Daylight","Violation Driver 1","Controls Functioning","Clear","Broadside","Intersection","Other Vehicle","Not Applicable","Not Applicable","At",""
"682726","CR-0000092307","0","0","0","0","22-129-4000","False","True","0","5/9/2022 7:10:00 AM","No Pedestrians Involved","Unknown","Unknown","Daylight","Unknown","Unknown","Unknown","Other","Intersection","Other Vehicle","Not Applicable","Not Applicable","At",""
"682727","CR-0000092305","1","0","0","0","22-154-0209","False","False","0","6/3/2022 8:07:00 AM","No Pedestrians Involved","Dry","No Unusual Conditions","Daylight","Violation Driver 1","Controls Functioning","Clear","Head On","Intersection","Other Vehicle","Not Applicable","Not Applicable","At",""
"682728","CR-0000092308","0","0","0","0","22-130-4000","False","True","0","5/9/2022 8:09:00 AM","No Pedestrians Involved","Unknown","Unknown","Daylight","Unknown","Unknown","Unknown","Broadside","Intersection","Other Vehicle","Not Applicable","Not Applicable","At",""
"682729","CR-0000092309","0","0","0","0","22-129-4001","False","True","51","5/9/2022 8:24:00 AM","No Pedestrians Involved","Unknown","Unknown","Unknown","Unknown","Unknown","Unknown","Other","Non-Related","Other Vehicle","Not Applicable","Not Applicable","East Of",""
"682730","CR-0000092310","1","0","0","0","22-154-0400","False","False","630","6/3/2022 2:34:00 PM","No Pedestrians Involved","Dry","No Unusual Conditions","Daylight","Violation Driver 1","No Controls Present/Factor","Clear","Broadside","Non-Related","Other Vehicle","Not Applicable","Not Applicable","South Of",""
"682731","CR-0000092311","1","0","0","0","22-154-0434","False","False","0","6/3/2022 1:00:00 PM","No Pedestrians Involved","Dry","No Unusual Conditions","Daylight","Violation Driver 1","Controls Functioning","Clear","Broadside","Intersection","Other Vehicle","Not Applicable","Not Applicable","At",""
"682732","CR-0000092312","1","0","0","0","22-154-0505","False","False","75","6/3/2022 2:20:00 PM","No Pedestrians Involved","Dry","No Unusual Conditions","Daylight","Violation Driver 1","No Controls Present/Factor","Clear","Other","Non-Related","Other Vehicle","Not Applicable","Not Applicable","South Of",""
"682733","CR-0000092314","0","1","0","0","22-154-0545","False","False","0","6/4/2022 3:10:00 PM","Crossing In Crosswalk - At Intersection","Dry","No Unusual Conditions","Daylight","Violation Driver 1","Controls Functioning","Clear","Vehicle/Pedestrian","Intersection","Pedestrian","East","West","At",""
"682734","CR-0000092315","2","0","0","0","22-154-0668","False","False","0","6/3/2022 4:53:00 PM","No Pedestrians Involved","Dry","Obstruction On Roadway","Daylight","Violation Driver 1","Controls Functioning","Clear","Head On","Intersection","Other Vehicle","Not Applicable","Not Applicable","At",""
"682735","CR-0000092316","1","1","0","0","22-098-0895","False","False","1188","4/8/2022 8:50:00 PM","No Pedestrians Involved","Dry","No Unusual Conditions","Dark - Street Light","Violation Driver 1","Controls Functioning","Clear","Other","Non-Related","Other Vehicle","Not Applicable","Not Applicable","South Of",""
"682736","CR-0000092317","1","0","0","0","22-154-0822","False","False","51","6/3/2022 7:15:00 PM","No Pedestrians Involved","Dry","No Unusual Conditions","Daylight","Violation Driver 1","Unknown","Clear","Sideswipe","Non-Related","Other Vehicle","Not Applicable","Not Applicable","East Of",""
"682737","CR-0000092318","0","1","0","0","22-154-0828","False","False","100","6/3/2022 7:22:00 PM","No Pedestrians Involved","Dry","No Unusual Conditions","Daylight","Violation Driver 1","Controls Functioning","Clear","Sideswipe","Non-Related","Motorcycle","Not Applicable","Not Applicable","South Of",""
"682738","CR-0000092320","0","0","0","0","22-154-1160","False","False","1180","6/3/2022 11:48:00 PM","No Pedestrians Involved","Dry","No Unusual Conditions","Dark - No Street Light","Violation Driver 1","No Controls Present/Factor","Clear","Rear End","Non-Related","Other Vehicle","Not Applicable","Not Applicable","North Of",""
"682739","CR-0000092321","0","0","0","0","22-131-4000","False","True","0","5/10/2022 3:36:00 AM","No Pedestrians Involved","Unknown","Unknown","Unknown","Unknown","Unknown","Unknown","Broadside","Intersection","Other Vehicle","Not Applicable","Not Applicable","At",""
"682740","CR-0000092322","0","0","0","0","22-130-4002","False","True","","5/10/2022 7:30:00 PM","No Pedestrians Involved","Unknown","Unknown","Unknown","Unknown","Unknown","Unknown","Rear End","Related","Other Vehicle","Not Applicable","Not Applicable","Unknown",""
"682741","CR-0000092323","0","0","0","0","22-156-0011","True","False","36","6/5/2022 12:05:00 AM","No Pedestrians Involved","Dry","No Unusual Conditions","Dark - Street Light","Violation Driver 1","Controls Functioning","Clear","Head On","Related","Fixed Object","Not Applicable","Not Applicable","South Of","SIGN, WALL"
"682742","CR-0000092324","0","0","0","0","22-130-4003","False","True","51","5/10/2022 7:45:00 PM","No Pedestrians Involved","Unknown","Unknown","Unknown","Unknown","Unknown","Unknown","Other","Non-Related","Other Vehicle","Not Applicable","Not Applicable","Unknown",""
"682743","CR-0000092325","0","0","2","0","22-163-0072","True","False","418","6/5/2022 12:55:00 AM","No Pedestrians Involved","Dry","No Unusual Conditions","Dusk - Dawn","Violation Driver 1","No Controls Present/Factor","Clear","Head On","Non-Related","Fixed Object","Not Applicable","Not Applicable","South Of","TREE"
"682744","CR-0000092326","0","0","0","0","22-156-0140","False","False","30","6/5/2022 2:35:00 AM","No Pedestrians Involved","Dry","No Unusual Conditions","Dark - Street Light","Violation Driver 1","Controls Functioning","Clear","Head On","Related","Other Vehicle","Not Applicable","Not Applicable","North Of",""
"682745","CR-0000092328","0","0","0","0","22-133-0130","True","False","1060","5/13/2022 6:00:00 AM","No Pedestrians Involved","Dry","No Unusual Conditions","Daylight","Violation Driver 1","Controls Functioning","Clear","Hit Object","Non-Related","Fixed Object","Not Applicable","Not Applicable","West Of","CURB"
"682746","CR-0000092327","0","0","0","0","22-156-0208","False","False","50","6/5/2022 1:00:00 AM","No Pedestrians Involved","Dry","No Unusual Conditions","Dark - Street Light","Violation Driver 1","Controls Functioning","Clear","Rear End","Related","Parked Vehicle","Not Applicable","Not Applicable","North Of",""
"682747","CR-0000092330","1","0","0","0","22-156-0505","False","False","0","6/5/2022 2:56:00 PM","No Pedestrians Involved","Dry","No Unusual Conditions","Daylight","Violation Driver 1","No Controls Present/Factor","Clear","Sideswipe","Intersection","Bike","Not Applicable","Not Applicable","At",""
"682748","CR-0000092329","0","0","0","0","22-133-0532","False","False","0","5/13/2022 3:25:00 PM","No Pedestrians Involved","Dry","No Unusual Conditions","Daylight","Violation Driver 1","No Controls Present/Factor","Clear","Rear End","Intersection","Other Vehicle","Not Applicable","Not Applicable","At",""
"682749","CR-0000092331","0","0","0","0","22-156-0701","False","False","30","6/5/2022 6:27:00 PM","No Pedestrians Involved","Dry","No Unusual Conditions","Daylight","Violation Driver 1","Controls Functioning","Clear","Rear End","Related","Other Vehicle","Not Applicable","Not Applicable","North Of",""
"682750","CR-0000092332","1","0","0","0","22-156-0726","False","False","0","6/5/2022 7:01:00 PM","No Pedestrians Involved","Dry","No Unusual Conditions","Daylight","Violation Driver 1","Controls Functioning","Clear","Head On","Intersection","Other Vehicle","Not Applicable","Not Applicable","At",""
"682751","CR-0000092333","0","0","0","0","22-134-0909","True","False","100","5/14/2022 11:09:00 PM","No Pedestrians Involved","Dry","No Unusual Conditions","Dark - Street Light","Violation Driver 1","No Controls Present/Factor","Clear","Hit Object","Non-Related","Fixed Object","Not Applicable","Not Applicable","South Of","CURB"
"682752","CR-0000092334","2","0","0","0","22-131-0112","False","False","0","5/11/2022 5:53:00 AM","No Pedestrians Involved","Dry","No Unusual Conditions","Daylight","Violation Driver 1","Controls Functioning","Clear","Head On","Intersection","Other Vehicle","Not Applicable","Not Applicable","At",""
"682753","CR-0000092335","1","1","0","0","22-139-0258","False","False","0","5/19/2022 8:51:00 AM","No Pedestrians Involved","Dry","No Unusual Conditions","Daylight","Violation Driver 1","Controls Functioning","Clear","Broadside","Intersection","Other Vehicle","Not Applicable","Not Applicable","At",""
"682754","CR-0000092337","3","0","0","0","22-131-0163","False","False","110","5/11/2022 7:50:00 AM","No Pedestrians Involved","Dry","No Unusual Conditions","Daylight","Violation Driver 2","Controls Functioning","Clear","Rear End","Non-Related","Other Vehicle","Not Applicable","Not Applicable","West Of",""
"682755","CR-0000092336","1","0","0","0","22-139-0304","False","False","121","5/19/2022 9:50:00 AM","No Pedestrians Involved","Dry","No Unusual Conditions","Daylight","Violation Driver 1","Unknown","Clear","Rear End","Non-Related","Other Vehicle","Not Applicable","Not Applicable","West Of",""
"682756","CR-0000092339","1","0","0","0","22-131-0171","False","False","0","5/11/2022 7:58:00 AM","Crossing In Crosswalk - At Intersection","Dry","No Unusual Conditions","Daylight","Violation Driver 1","No Controls Present/Factor","Clear","Vehicle/Pedestrian","Intersection","Pedestrian","North","South","At","PED"
"682757","CR-0000092340","2","0","0","0","22-139-1035","False","False","0","5/19/2022 9:55:00 PM","No Pedestrians Involved","Dry","No Unusual Conditions","Dark - Street Light","Violation Driver 1","Controls Functioning","Clear","Broadside","Intersection","Other Vehicle","Not Applicable","Not Applicable","At",""
"682758","CR-0000092338","1","0","0","0","22-156-0773","False","False","53","6/5/2022 7:54:00 PM","No Pedestrians Involved","Dry","No Unusual Conditions","Daylight","Violation Driver 1","Controls Functioning","Clear","Broadside","Non-Related","Other Vehicle","Not Applicable","Not Applicable","North Of",""
"682759","CR-0000092341","0","1","0","0","22-131-0565","False","False","0","5/11/2022 3:16:00 PM","Crossing In Crosswalk - At Intersection","Dry","No Unusual Conditions","Daylight","Violation Driver 1","Controls Functioning","Clear","Vehicle/Pedestrian","Intersection","Pedestrian","West","East","At","PED"
"682760","CR-0000092342","1","0","0","0","22-156-0807","False","False","0","6/5/2022 8:33:00 PM","No Pedestrians Involved","Dry","No Unusual Conditions","Dusk - Dawn","Violation Driver 1","No Controls Present/Factor","Cloudy","Broadside","Intersection","Other Vehicle","Not Applicable","Not Applicable","At",""
"682761","CR-0000092343","0","0","0","0","22-131-4001","False","True","","5/11/2022 2:35:00 PM","No Pedestrians Involved","Unknown","Unknown","Daylight","Unknown","Unknown","Unknown","Rear End","Related","Other Vehicle","Not Applicable","Not Applicable","South Of",""
"682762","CR-0000092345","1","0","0","0","22-132-0114","False","False","0","5/12/2022 6:50:00 AM","No Pedestrians Involved","Dry","No Unusual Conditions","Daylight","Violation Driver 1","Controls Functioning","Clear","Sideswipe","Intersection","Other Vehicle","Not Applicable","Not Applicable","At",""
"682763","CR-0000092344","0","1","0","0","22-156-0821","False","False","285","6/5/2022 8:54:00 PM","No Pedestrians Involved","Dry","No Unusual Conditions","Dark - Street Light","Violation Driver 1","No Controls Present/Factor","Clear","Rear End","Non-Related","Other Vehicle","Not Applicable","Not Applicable","East Of",""
"682764","CR-0000092346","2","0","0","0","22-132-0354","False","False","0","5/12/2022 11:50:00 AM","No Pedestrians Involved","Dry","No Unusual Conditions","Daylight","Violation Driver 1","Controls Functioning","Clear","Broadside","Intersection","Other Vehicle","Not Applicable","Not Applicable","At",""
"682765","CR-0000092347","0","0","0","0","22-156-0894","False","False","122","6/5/2022 10:00:00 PM","No Pedestrians Involved","Dry","No Unusual Conditions","Dark - Street Light","Violation Driver 1","No Controls Present/Factor","Clear","Sideswipe","Non-Related","Parked Vehicle","Not Applicable","Not Applicable","North Of",""
"682766","CR-0000092348","0","1","0","0","22-132-0560","False","False","320","5/12/2022 3:45:00 PM","No Pedestrians Involved","Dry","No Unusual Conditions","Daylight","Violation Driver 1","No Controls Present/Factor","Clear","Rear End","Non-Related","Other Vehicle","Not Applicable","Not Applicable","North Of",""
"682767","CR-0000092349","0","0","0","0","22-156-0897","False","False","0","6/5/2022 1:35:00 AM","No Pedestrians Involved","Dry","No Unusual Conditions","Dark - Street Light","Violation Driver 1","No Controls Present/Factor","Clear","Broadside","Intersection","Parked Vehicle","Not Applicable","Not Applicable","At",""
"682768","CR-0000092350","1","0","0","0","22-132-0602","False","False","40","5/12/2022 4:22:00 PM","No Pedestrians Involved","Dry","Unknown","Daylight","Violation Driver 1","Controls Functioning","Clear","Broadside","Related","Other Vehicle","Not Applicable","Not Applicable","North Of",""
"682769","CR-0000092304","1","0","0","0","22-154-0172","False","False","102","6/3/2022 7:08:00 AM","No Pedestrians Involved","Dry","No Unusual Conditions","Daylight","Violation Driver 1","Controls Functioning","Clear","Rear End","Non-Related","Parked Vehicle","Not Applicable","Not Applicable","North Of",""
"682770","CR-0000092351","1","0","0","0","22-132-0619","False","False","0","5/12/2022 4:46:00 PM","No Pedestrians Involved","Dry","No Unusual Conditions","Daylight","Violation Driver 1","Controls Functioning","Clear","Sideswipe","Intersection","Motor Vehicle On Other Roadway","Not Applicable","Not Applicable","At",""
"682771","CR-0000092313","1","0","0","0","22-154-0526","False","False","216","6/3/2022 2:45:00 PM","No Pedestrians Involved","Dry","No Unusual Conditions","Daylight","Violation Driver 1","No Controls Present/Factor","Clear","Broadside","Non-Related","Motorcycle","Not Applicable","Not Applicable","East Of",""
"682772","CR-0000092352","0","0","0","0","22-139-1068","True","False","100","5/19/2022 10:36:00 PM","No Pedestrians Involved","Dry","No Unusual Conditions","Dark - Street Light","Violation Driver 1","No Controls Present/Factor","Clear","Hit Object","Non-Related","Fixed Object","Not Applicable","Not Applicable","East Of","LIGHT POLE AND ELECTRIC TRANSFORMER"
"682773","CR-0000092319","0","0","0","0","22-154-0958","False","False","0","6/3/2022 9:00:00 PM","No Pedestrians Involved","Dry","No Unusual Conditions","Dark - Street Light","Violation Driver 1","Controls Functioning","Clear","Other","Intersection","Other Vehicle","Not Applicable","Not Applicable","At",""
"682774","CR-0000092353","0","0","0","0","22-140-0329","False","False","116","5/20/2022 10:07:00 AM","No Pedestrians Involved","Dry","Construction - Repair Zone","Daylight","Violation Driver 1","No Controls Present/Factor","Clear","Sideswipe","Non-Related","Parked Vehicle","Not Applicable","Not Applicable","North Of",""
"682775","CR-0000092354","1","0","0","0","22-140-0725","False","False","21","5/20/2022 5:14:00 PM","No Pedestrians Involved","Dry","No Unusual Conditions","Daylight","Violation Driver 1","Controls Functioning","Clear","Hit Object","Related","Fixed Object","Not Applicable","Not Applicable","West Of","LIGHT POLE"
"682776","CR-0000092355","0","0","0","0","22-140-0876","False","False","0","5/20/2022 7:47:00 PM","No Pedestrians Involved","Dry","No Unusual Conditions","Dark - Street Light","Violation Driver 1","Controls Functioning","Clear","Rear End","Intersection","Other Vehicle","Not Applicable","Not Applicable","At",""
"682777","CR-0000092356","2","0","0","0","22-141-0630","False","False","0","5/21/2022 5:09:00 PM","No Pedestrians Involved","Dry","No Unusual Conditions","Daylight","Violation Driver 1","No Controls Present/Factor","Clear","Rear End","Intersection","Other Vehicle","Not Applicable","Not Applicable","At",""
"682778","CR-0000092357","0","2","0","0","22-141-0620","False","False","39","5/21/2022 5:20:00 PM","No Pedestrians Involved","Dry","No Unusual Conditions","Daylight","Violation Driver 1","Controls Functioning","Clear","Rear End","Related","Parked Vehicle","Not Applicable","Not Applicable","South Of",""
"682779","CR-0000092358","0","1","0","0","22-142-0291","False","False","0","5/22/2022 8:00:00 AM","No Pedestrians Involved","Dry","No Unusual Conditions","Daylight","Violation Driver 1","Controls Functioning","Clear","Sideswipe","Intersection","Other Vehicle","Not Applicable","Not Applicable","At",""
"682780","CR-0000092359","3","0","0","0","22-142-0344","False","False","0","5/22/2022 9:50:00 AM","No Pedestrians Involved","Dry","Unknown","Daylight","Violation Driver 1","No Controls Present/Factor","Clear","Sideswipe","Intersection","Other Vehicle","Not Applicable","Not Applicable","At",""
"682781","CR-0000092360","0","1","0","0","22-142-0758","True","False","39","5/22/2022 7:00:00 PM","No Pedestrians Involved","Dry","No Unusual Conditions","Daylight","Violation Driver 1","Controls Functioning","Clear","Hit Object","Related","Fixed Object","Not Applicable","Not Applicable","West Of","CURB"
"682782","CR-0000092361","0","1","0","0","22-143-0207","False","False","260","5/23/2022 7:41:00 AM","No Pedestrians Involved","Dry","No Unusual Conditions","Daylight","Violation Driver 1","Controls Functioning","Clear","Rear End","Non-Related","Bike","Not Applicable","Not Applicable","North Of","BIKE"
"682783","CR-0000092362","1","0","0","0","22-143-0350","False","False","0","5/23/2022 10:04:00 AM","No Pedestrians Involved","Dry","Unknown","Daylight","Violation Driver 1","Controls Functioning","Clear","Sideswipe","Intersection","Other Vehicle","Not Applicable","Not Applicable","At",""
"682784","CR-0000092363","0","0","1","0","22-132-0694","False","False","250","5/12/2022 5:55:00 PM","No Pedestrians Involved","Dry","No Unusual Conditions","Daylight","Violation Driver 1","No Controls Present/Factor","Clear","Broadside","Non-Related","Bike","Not Applicable","Not Applicable","East Of","BIKE"
"682785","CR-0000092364","0","0","0","0","22-132-4000","False","True","51","5/12/2022 7:55:00 AM","No Pedestrians Involved","Unknown","Unknown","Daylight","Unknown","Unknown","Unknown","Rear End","Non-Related","Parked Vehicle","Not Applicable","Not Applicable","South Of",""
"682786","CR-0000092365","0","0","0","0","22-132-4005","False","True","51","5/12/2022 9:55:00 AM","No Pedestrians Involved","Unknown","No Unusual Conditions","Unknown","Unknown","Unknown","Unknown","Sideswipe","Non-Related","Other Vehicle","Not Applicable","Not Applicable","Unknown",""
"682787","CR-0000092366","0","0","0","0","22-133-0123","False","False","63","5/13/2022 6:26:00 AM","No Pedestrians Involved","Dry","No Unusual Conditions","Daylight","Violation Driver 1","No Controls Present/Factor","Clear","Overturned","Non-Related","Parked Vehicle","Not Applicable","Not Applicable","East Of",""
"682788","CR-0000092367","1","0","0","0","22-133-0140","False","False","0","5/13/2022 6:38:00 AM","No Pedestrians Involved","Dry","No Unusual Conditions","Daylight","Violation Driver 1","Controls Functioning","Clear","Broadside","Intersection","Other Vehicle","Not Applicable","Not Applicable","At",""
"682789","CR-0000092368","2","0","0","0","22-133-0174","False","False","0","5/13/2022 8:00:00 AM","No Pedestrians Involved","Dry","No Unusual Conditions","Daylight","Unknown","Controls Functioning","Clear","Broadside","Intersection","Other Vehicle","Not Applicable","Not Applicable","At",""
"682790","CR-0000092369","1","0","0","0","22-133-0215","False","False","48","5/13/2022 8:52:00 AM","In Road - Includes Shoulder","Dry","Construction - Repair Zone","Daylight","Bike At Fault","Controls Functioning","Clear","Head On","Related","Bike","South","North","South Of","BIKE"
"682791","CR-0000092393","1","0","0","0","22-133-0760","False","False","51","5/13/2022 12:00:00 PM","No Pedestrians Involved","Dry","No Unusual Conditions","Daylight","Violation Driver 1","No Controls Present/Factor","Clear","Sideswipe","Non-Related","Parked Vehicle","Not Applicable","Not Applicable","East Of",""
"682792","CR-0000092387","0","0","0","1","22-120-0683","False","False","260","4/30/2022 6:36:00 PM","Crossing - Not In Crosswalk","Dry","No Unusual Conditions","Daylight","Unknown","No Controls Present/Factor","Clear","Vehicle/Pedestrian","Non-Related","Pedestrian","Unknown","Unknown","North Of","PED (FATAL)"
"682793","CR-0000092392","0","1","0","0","22-133-0642","False","False","0","5/13/2022 5:26:00 PM","No Pedestrians Involved","Dry","No Unusual Conditions","Daylight","Violation Driver 1","No Controls Present/Factor","Clear","Head On","Intersection","Other Vehicle","Not Applicable","Not Applicable","At",""
"682794","CR-0000092384","1","0","0","0","22-137-0565","False","False","21","5/17/2022 3:22:00 PM","No Pedestrians Involved","Dry","No Unusual Conditions","Daylight","Violation Driver 1","Controls Functioning","Clear","Rear End","Related","Other Vehicle","Not Applicable","Not Applicable","East Of",""
"682795","CR-0000092373","0","0","0","0","22-169-0137","True","False","29","6/18/2022 3:00:00 AM","No Pedestrians Involved","Dry","No Unusual Conditions","Dark - Street Light","Violation Driver 1","No Controls Present/Factor","Clear","Head On","Related","Fixed Object","Not Applicable","Not Applicable","East Of","TREE, CITY LIGHT POLE"
"682796","CR-0000092390","0","0","0","1","22-121-0792","False","False","0","5/1/2022 9:12:00 PM","No Pedestrians Involved","Dry","No Unusual Conditions","Dark - Street Light","Unknown","No Controls Present/Factor","Clear","Vehicle/Pedestrian","Intersection","Bike","Not Applicable","Not Applicable","At","BIKE (FATAL)"
"682797","CR-0000092376","1","0","0","0","22-169-0219","False","False","368","6/18/2022 6:34:00 AM","No Pedestrians Involved","Dry","No Unusual Conditions","Daylight","Violation Driver 1","No Controls Present/Factor","Clear","Head On","Non-Related","Fixed Object","Not Applicable","Not Applicable","East Of",""
"682798","CR-0000092404","0","0","0","0","22-134-4003","False","False","","5/13/2022 11:48:00 PM","Unknown","Unknown","Unknown","Unknown","Unknown","Unknown","Unknown","Sideswipe","Related","Other Vehicle","Unknown","Unknown","South Of",""
"682799","CR-0000092408","1","0","1","0","22-135-0647","False","False","0","5/15/2022 6:18:00 PM","No Pedestrians Involved","Dry","No Unusual Conditions","Daylight","Violation Driver 1","Controls Functioning","Clear","Broadside","Intersection","Other Vehicle","Not Applicable","Not Applicable","At",""
"682800","CR-0000092385","1","0","0","0","22-137-0405","False","False","0","5/17/2022 5:59:00 AM","No Pedestrians Involved","Dry","No Unusual Conditions","Dusk - Dawn","Violation Driver 1","Controls Functioning","Clear","Vehicle/Bike","Intersection","Bike","Not Applicable","Not Applicable","At","BIKE"
"682801","CR-0000092406","0","1","0","0","22-135-0445","False","False","0","5/15/2022 1:48:00 PM","No Pedestrians Involved","Dry","No Unusual Conditions","Daylight","Violation Driver 1","No Controls Present/Factor","Clear","Broadside","Intersection","Other Vehicle","Not Applicable","Not Applicable","At",""
"682802","CR-0000092372","0","0","2","0","22-169-0073","True","False","0","6/18/2022 2:00:00 AM","No Pedestrians Involved","Dry","No Unusual Conditions","Dark - Street Light","Violation Driver 1","Controls Functioning","Clear","Hit Object","Intersection","Fixed Object","Not Applicable","Not Applicable","At","TRAFFIC SIGNAL"
"682803","CR-0000092389","0","1","0","0","22-133-0549","True","False","0","5/13/2022 2:35:00 PM","No Pedestrians Involved","Dry","No Unusual Conditions","Daylight","Violation Driver 1","Controls Functioning","Clear","Broadside","Intersection","Other Vehicle","Not Applicable","Not Applicable","At",""
"682804","CR-0000092403","0","0","0","0","22-135-0400","True","False","32","5/15/2022 12:31:00 PM","No Pedestrians Involved","Dry","No Unusual Conditions","Daylight","Violation Driver 1","No Controls Present/Factor","Clear","Sideswipe","Related","Parked Vehicle","Not Applicable","Not Applicable","West Of","FENCE"
"682805","CR-0000092391","0","1","0","1","22-125-0173","False","False","73","5/5/2022 7:54:00 AM","Not In Road","Dry","No Unusual Conditions","Daylight","Unknown","No Controls Present/Factor","Clear","Vehicle/Pedestrian","Non-Related","Pedestrian","No Direction (Not Walking)","No Direction (Not Walking)","West Of","PED (FATAL)"
"682806","CR-0000092370","1","0","0","0","22-156-0150","True","False","410","6/5/2022 2:54:00 AM","No Pedestrians Involved","Dry","No Unusual Conditions","Dark - Street Light","Violation Driver 1","No Controls Present/Factor","Clear","Hit Object","Non-Related","Fixed Object","Not Applicable","Not Applicable","North Of","SIGN"