"CrashFactId","Name","MinorInjuries","ModerateInjuries","SevereInjuries","FatalInjuries","TcrNumber","CityDamageFlag","ShortFormFlag","Distance","CrashDateTime","PedestrianAction","RoadwaySurface","RoadwayCondition","Lighting","PrimaryCollisionFactor","TrafficControl","Weather","CollisionType","ProximityToIntersection","VehicleInvolvedWith","PedestrianDirectionFrom","PedestrianDirectionTo","DirectionFromIntersection","Comment"
"682807","CR-0000092397","0","0","0","0","22-135-9704","False","True","0","5/13/2022 12:00:00 PM","No Pedestrians Involved","Dry","No Unusual Conditions","Daylight","Unknown","Controls Functioning","Clear","Sideswipe","Intersection","Other Vehicle","Not Applicable","Not Applicable","At",""
"682808","CR-0000092396","0","0","0","0","22-134-9704","False","True","0","5/13/2022 6:00:00 PM","No Pedestrians Involved","Dry","No Unusual Conditions","Daylight","Unknown","Controls Functioning","Clear","Broadside","Intersection","Other Vehicle","Not Applicable","Not Applicable","At",""
"682809","CR-0000092409","1","0","0","0","22-135-0781","False","False","0","5/15/2022 9:22:00 PM","No Pedestrians Involved","Dry","No Unusual Conditions","Dark - Street Light","Violation Driver 1","No Controls Present/Factor","Clear","Broadside","Intersection","Other Vehicle","Not Applicable","Not Applicable","At",""
"682810","CR-0000092383","2","0","0","0","22-137-0710","False","False","0","5/17/2022 5:26:00 PM","No Pedestrians Involved","Dry","No Unusual Conditions","Daylight","Violation Driver 1","Controls Functioning","Clear","Broadside","Intersection","Other Vehicle","Not Applicable","Not Applicable","At",""
"682811","CR-0000092371","0","0","0","0","22-155-0260","False","False","57","6/4/2022 8:29:00 AM","No Pedestrians Involved","Dry","No Unusual Conditions","Daylight","Violation Driver 1","No Controls Present/Factor","Clear","Rear End","Non-Related","Parked Vehicle","Not Applicable","Not Applicable","East Of",""
"682812","CR-0000092388","0","1","0","0","22-133-0378","False","False","285","5/13/2022 12:34:00 PM","No Pedestrians Involved","Dry","No Unusual Conditions","Daylight","Violation Driver 1","Controls Functioning","Clear","Broadside","Non-Related","Bike","Not Applicable","Not Applicable","North Of","BIKE"
"682813","CR-0000092377","0","0","0","0","22-169-0425","False","False","500","6/18/2022 3:00:00 AM","No Pedestrians Involved","Dry","No Unusual Conditions","Dark - Street Light","Violation Driver 1","No Controls Present/Factor","Clear","Rear End","Non-Related","Other Vehicle","Not Applicable","Not Applicable","East Of",""
"682814","CR-0000092407","0","0","0","0","22-135-0555","False","False","56","5/15/2022 4:25:00 PM","No Pedestrians Involved","Dry","No Unusual Conditions","Daylight","Violation Driver 1","No Controls Present/Factor","Clear","Broadside","Non-Related","Other Vehicle","Not Applicable","Not Applicable","East Of",""
"682815","CR-0000092378","1","0","0","0","22-169-0499","False","False","428","6/18/2022 2:16:00 PM","No Pedestrians Involved","Dry","No Unusual Conditions","Daylight","Violation Driver 1","No Controls Present/Factor","Clear","Rear End","Non-Related","Other Vehicle","Not Applicable","Not Applicable","North Of",""
"682816","CR-0000092375","0","0","0","0","22-169-0181","False","False","","6/18/2022 4:35:00 AM","No Pedestrians Involved","Dry","No Unusual Conditions","Dark - Street Light","Violation Driver 1","No Controls Present/Factor","Clear","Rear End","Non-Related","Parked Vehicle","Not Applicable","Not Applicable","East Of",""
"682817","CR-0000092380","2","0","0","0","22-169-0805","False","False","0","6/18/2022 9:07:00 PM","No Pedestrians Involved","Dry","No Unusual Conditions","Dark - Street Light","Violation Driver 1","Controls Functioning","Clear","Broadside","Intersection","Other Vehicle","Not Applicable","Not Applicable","At",""
"682818","CR-0000092402","0","1","0","0","22-135-0263","False","False","0","5/15/2022 9:26:00 AM","No Pedestrians Involved","Dry","No Unusual Conditions","Daylight","Violation Driver 1","Controls Functioning","Clear","Broadside","Intersection","Bike","Not Applicable","Not Applicable","East Of","BIKE"
"682819","CR-0000092400","1","0","0","0","22-134-0698","False","False","0","5/14/2022 7:35:00 PM","No Pedestrians Involved","Dry","No Unusual Conditions","Daylight","Violation Driver 1","Controls Functioning","Clear","Broadside","Intersection","Other Vehicle","Not Applicable","Not Applicable","At",""
"682820","CR-0000092394","0","1","1","0","22-133-0900","False","False","135","5/13/2022 11:00:00 PM","No Pedestrians Involved","Dry","No Unusual Conditions","Dark - Street Light","Violation Driver 1","No Controls Present/Factor","Clear","Broadside","Non-Related","Other Vehicle","Not Applicable","Not Applicable","North Of",""
"682821","CR-0000092382","1","0","0","0","22-169-1005","False","False","307","6/18/2022 11:14:00 PM","No Pedestrians Involved","Dry","No Unusual Conditions","Dark - Street Light","Violation Driver 1","Controls Functioning","Clear","Head On","Non-Related","Parked Vehicle","Not Applicable","Not Applicable","South Of",""
"682822","CR-0000092399","1","0","0","0","22-134-0643","False","False","0","5/14/2022 6:37:00 PM","Crossing In Crosswalk - Not At Intersection","Dry","No Unusual Conditions","Daylight","Violation Driver 1","No Controls Present/Factor","Clear","Head On","Intersection","Pedestrian","North","South","At","PEDESTRIAN-WHEELCHAIR"
"682823","CR-0000092374","0","0","0","0","22-169-0176","False","False","148","6/18/2022 7:46:00 PM","No Pedestrians Involved","Dry","No Unusual Conditions","Dark - Street Light","Violation Driver 1","No Controls Present/Factor","Clear","Sideswipe","Non-Related","Parked Vehicle","Not Applicable","Not Applicable","South Of",""
"682824","CR-0000092395","0","0","0","0","22-134-9703","False","True","51","5/13/2022 6:43:00 PM","No Pedestrians Involved","Dry","No Unusual Conditions","Daylight","Unknown","No Controls Present/Factor","Clear","Sideswipe","Non-Related","Other Vehicle","Not Applicable","Not Applicable","East Of",""
"682825","CR-0000092381","0","0","0","0","22-169-0999","False","False","","6/18/2022 11:11:00 PM","No Pedestrians Involved","Dry","No Unusual Conditions","Dark - Street Light","Violation Driver 1","Controls Functioning","Clear","Sideswipe","Related","Other Vehicle","Not Applicable","Not Applicable","East Of",""
"682826","CR-0000092405","0","0","0","0","22-133-4000","False","False","0","5/13/2022 10:10:00 AM","No Pedestrians Involved","Unknown","Unknown","Daylight","Violation Driver 1","Unknown","Unknown","Broadside","Intersection","Unknown","Not Applicable","Not Applicable","At",""
"682827","CR-0000092379","1","0","0","0","22-169-0507","False","False","0","6/18/2022 2:21:00 PM","No Pedestrians Involved","Dry","No Unusual Conditions","Daylight","Violation Driver 1","Controls Functioning","Clear","Head On","Intersection","Other Vehicle","Not Applicable","Not Applicable","At",""
"682828","CR-0000092401","2","0","0","0","22-134-0750","False","False","8","5/14/2022 8:33:00 PM","No Pedestrians Involved","Dry","No Unusual Conditions","Dusk - Dawn","Violation Driver 1","Controls Functioning","Clear","Broadside","Related","Other Vehicle","Not Applicable","Not Applicable","North Of",""
"682829","CR-0000092386","1","1","0","0","22-137-0760","False","False","66","5/17/2022 6:06:00 PM","No Pedestrians Involved","Dry","No Unusual Conditions","Daylight","Violation Driver 1","No Controls Present/Factor","Clear","Rear End","Non-Related","Other Vehicle","Not Applicable","Not Applicable","North Of",""
"682830","CR-0000092440","0","1","0","0","22-157-0064","True","False","86","5/6/2022 2:30:00 AM","No Pedestrians Involved","Wet","No Unusual Conditions","Dark - Street Light","Violation Driver 1","No Controls Present/Factor","Clear","Hit Object","Non-Related","Fixed Object","Not Applicable","Not Applicable","East Of","TREE"
"682831","CR-0000092450","1","0","0","0","22-158-0919","False","False","384","6/7/2022 6:28:00 PM","No Pedestrians Involved","Dry","No Unusual Conditions","Daylight","Violation Driver 1","No Controls Present/Factor","Clear","Rear End","Non-Related","Other Vehicle","Not Applicable","Not Applicable","West Of",""
"682832","CR-0000092414","1","0","0","0","22-145-0249","False","False","0","5/25/2022 9:08:00 AM","No Pedestrians Involved","Dry","No Unusual Conditions","Daylight","Violation Driver 1","Controls Functioning","Clear","Sideswipe","Intersection","Motor Vehicle On Other Roadway","Not Applicable","Not Applicable","At",""
"682833","CR-0000092445","1","0","0","0","22-157-0840","False","False","0","6/6/2022 7:16:00 PM","No Pedestrians Involved","Dry","No Unusual Conditions","Daylight","Violation Driver 1","Controls Functioning","Clear","Head On","Intersection","Other Vehicle","Not Applicable","Not Applicable","At",""
"682834","CR-0000092428","0","0","0","0","22-151-0875","False","False","83","5/31/2022 6:16:00 PM","No Pedestrians Involved","Dry","No Unusual Conditions","Daylight","Other Than Driver","No Controls Present/Factor","Clear","Rear End","Non-Related","Other Vehicle","Not Applicable","Not Applicable","South Of",""
"682835","CR-0000092443","1","0","0","0","22-157-0727","False","False","230","6/6/2022 5:00:00 PM","No Pedestrians Involved","Dry","No Unusual Conditions","Daylight","Violation Driver 1","No Controls Present/Factor","Clear","Vehicle/Bike","Non-Related","Bike","Not Applicable","Not Applicable","South Of",""
"682836","CR-0000092436","0","0","0","0","22-161-1173","False","False","22","6/10/2022 11:53:00 PM","In Road - Includes Shoulder","Dry","No Unusual Conditions","Dark - Street Light","Violation Driver 1","Controls Functioning","Clear","Rear End","Related","Pedestrian","No Direction (Not Walking)","No Direction (Not Walking)","West Of","PED"
"682837","CR-0000092416","1","0","0","0","22-146-0762","False","False","0","5/26/2022 4:42:00 PM","No Pedestrians Involved","Dry","No Unusual Conditions","Daylight","Violation Driver 1","Controls Functioning","Clear","Broadside","Intersection","Other Vehicle","Not Applicable","Not Applicable","At",""
"682838","CR-0000092434","0","0","0","0","22-161-0351","False","False","30","6/10/2022 10:45:00 AM","No Pedestrians Involved","Dry","No Unusual Conditions","Daylight","Violation Driver 1","Controls Functioning","Clear","Sideswipe","Related","Other Vehicle","Not Applicable","Not Applicable","East Of",""
"682839","CR-0000092435","0","0","0","0","22-161-0386","False","False","0","6/10/2022 10:50:00 AM","No Pedestrians Involved","Dry","No Unusual Conditions","Daylight","Violation Driver 1","Controls Functioning","Clear","Sideswipe","Intersection","Other Vehicle","Not Applicable","Not Applicable","At",""
"682840","CR-0000092430","1","0","0","0","22-161-0179","False","False","0","6/10/2022 7:15:00 AM","No Pedestrians Involved","Dry","No Unusual Conditions","Daylight","Violation Driver 1","Controls Functioning","Clear","Broadside","Intersection","Other Vehicle","Not Applicable","Not Applicable","At",""
"682841","CR-0000092413","1","0","0","0","22-145-0141","False","False","151","5/25/2022 5:45:00 AM","No Pedestrians Involved","Dry","No Unusual Conditions","Daylight","Violation Driver 1","Controls Functioning","Clear","Rear End","Non-Related","Other Vehicle","Not Applicable","Not Applicable","East Of",""
"682842","CR-0000092448","1","0","0","0","22-158-0612","False","False","0","6/7/2022 1:37:00 PM","No Pedestrians Involved","Dry","No Unusual Conditions","Daylight","Violation Driver 1","Controls Functioning","Clear","Rear End","Intersection","Parked Vehicle","Not Applicable","Not Applicable","At",""
"682843","CR-0000092423","0","1","0","0","22-148-0727","False","False","45","5/28/2022 5:45:00 PM","No Pedestrians Involved","Dry","No Unusual Conditions","Daylight","Violation Driver 1","Controls Functioning","Clear","Sideswipe","Related","Other Vehicle","Not Applicable","Not Applicable","North Of",""
"682844","CR-0000092429","0","0","0","0","22-161-0076","False","False","234","6/10/2022 1:40:00 AM","No Pedestrians Involved","Dry","No Unusual Conditions","Dark - Street Light","Violation Driver 1","No Controls Present/Factor","Clear","Rear End","Non-Related","Parked Vehicle","Not Applicable","Not Applicable","East Of",""
"682845","CR-0000092437","0","0","0","0","22-161-0857","False","False","96","6/10/2022 7:00:00 PM","No Pedestrians Involved","Dry","No Unusual Conditions","Daylight","Violation Driver 1","Controls Functioning","Clear","Rear End","Non-Related","Other Vehicle","Not Applicable","Not Applicable","South Of",""
"682846","CR-0000092442","0","2","0","0","22-157-0613","False","False","0","6/6/2022 4:06:00 PM","No Pedestrians Involved","Dry","No Unusual Conditions","Daylight","Violation Driver 1","Controls Functioning","Clear","Rear End","Intersection","Other Vehicle","Not Applicable","Not Applicable","At",""
"682847","CR-0000092419","2","2","0","0","22-147-0797","False","False","38","5/27/2022 6:02:00 PM","No Pedestrians Involved","Dry","No Unusual Conditions","Daylight","Violation Driver 1","Unknown","Clear","Rear End","Related","Parked Vehicle","Not Applicable","Not Applicable","North Of",""
"682848","CR-0000092431","0","0","0","0","22-161-0194","False","False","0","6/10/2022 7:35:00 AM","No Pedestrians Involved","Dry","No Unusual Conditions","Daylight","Violation Driver 1","Controls Functioning","Clear","Head On","Intersection","Other Vehicle","Not Applicable","Not Applicable","At",""
"682849","CR-0000092444","1","0","0","0","22-157-0812","True","False","0","6/6/2022 6:42:00 PM","No Pedestrians Involved","Dry","No Unusual Conditions","Daylight","Violation Driver 1","No Controls Present/Factor","Clear","Head On","Intersection","Fixed Object","Not Applicable","Not Applicable","At","CURB"
"682850","CR-0000092427","0","0","0","0","22-151-0087","False","False","83","5/31/2022 6:16:00 PM","No Pedestrians Involved","Dry","No Unusual Conditions","Daylight","Violation Driver 1","No Controls Present/Factor","Clear","Rear End","Non-Related","Other Vehicle","Not Applicable","Not Applicable","South Of",""
"682851","CR-0000092417","1","0","0","0","22-146-0781","False","False","136","5/26/2022 4:58:00 PM","No Pedestrians Involved","Dry","No Unusual Conditions","Daylight","Violation Driver 1","Controls Functioning","Cloudy","Broadside","Non-Related","Other Vehicle","Not Applicable","Not Applicable","West Of",""
"682852","CR-0000092410","0","1","0","0","22-144-0572","False","False","0","5/24/2022 2:25:00 PM","No Pedestrians Involved","Dry","No Unusual Conditions","Daylight","Violation Driver 1","No Controls Present/Factor","Clear","Broadside","Intersection","Other Vehicle","Not Applicable","Not Applicable","East Of",""
"682853","CR-0000092412","1","0","0","0","22-144-0627","False","False","0","5/24/2022 3:33:00 PM","No Pedestrians Involved","Dry","No Unusual Conditions","Daylight","Violation Driver 1","Unknown","Clear","Broadside","Intersection","Other Vehicle","Not Applicable","Not Applicable","At",""
"682854","CR-0000092438","1","0","0","0","22-161-0890","False","False","0","6/10/2022 7:26:00 PM","No Pedestrians Involved","Dry","No Unusual Conditions","Daylight","Violation Driver 1","Controls Not Functioning","Clear","Broadside","Intersection","Other Vehicle","Not Applicable","Not Applicable","At",""
"682855","CR-0000092441","0","0","0","0","22-157-0308","False","False","140","6/6/2022 10:45:00 AM","No Pedestrians Involved","Dry","No Unusual Conditions","Daylight","Violation Driver 1","Controls Functioning","Clear","Sideswipe","Non-Related","Other Vehicle","Not Applicable","Not Applicable","East Of",""
"682856","CR-0000092426","3","0","0","0","22-151-0451","False","False","0","5/31/2022 11:51:00 AM","No Pedestrians Involved","Dry","No Unusual Conditions","Daylight","Violation Driver 1","Controls Functioning","Clear","Broadside","Intersection","Other Vehicle","Not Applicable","Not Applicable","At",""
"682857","CR-0000092422","1","0","0","0","22-148-0595","False","False","0","5/28/2022 3:36:00 PM","No Pedestrians Involved","Dry","No Unusual Conditions","Daylight","Violation Driver 1","Controls Functioning","Clear","Rear End","Intersection","Other Vehicle","Not Applicable","Not Applicable","At",""
"682858","CR-0000092449","0","0","0","0","22-158-0790","False","False","0","6/7/2022 4:32:00 PM","No Pedestrians Involved","Dry","No Unusual Conditions","Daylight","Violation Driver 1","No Controls Present/Factor","Clear","Broadside","Intersection","Other Vehicle","Not Applicable","Not Applicable","At",""
"682859","CR-0000092439","0","0","1","0","22-058-0259","True","False","0","2/27/2022 8:08:00 AM","No Pedestrians Involved","Dry","No Unusual Conditions","Daylight","Violation Driver 1","Controls Functioning","Clear","Broadside","Intersection","Other Vehicle","Not Applicable","Not Applicable","At","POLE"
"682860","CR-0000092411","2","0","0","0","22-144-0578","False","False","0","5/24/2022 2:33:00 PM","No Pedestrians Involved","Dry","No Unusual Conditions","Daylight","Violation Driver 1","Controls Functioning","Clear","Broadside","Intersection","Other Vehicle","Not Applicable","Not Applicable","At",""
"682861","CR-0000092424","1","0","0","0","22-149-0022","True","False","404","5/29/2022 12:19:00 AM","No Pedestrians Involved","Dry","No Unusual Conditions","Dark - Street Light Not Functioning","Violation Driver 1","No Controls Present/Factor","Clear","Head On","Non-Related","Other Object","Not Applicable","Not Applicable","South Of","TREE"
"682862","CR-0000092432","0","0","0","0","22-162-0247","False","False","350","6/10/2022 6:00:00 PM","No Pedestrians Involved","Dry","No Unusual Conditions","Daylight","Violation Driver 1","No Controls Present/Factor","Clear","Head On","Non-Related","Parked Vehicle","Not Applicable","Not Applicable","South Of",""
"682863","CR-0000092420","3","1","0","0","22-147-0858","False","False","0","5/27/2022 7:03:00 PM","No Pedestrians Involved","Dry","No Unusual Conditions","Daylight","Violation Driver 1","No Controls Present/Factor","Clear","Head On","Intersection","Motor Vehicle On Other Roadway","Not Applicable","Not Applicable","At",""
"682864","CR-0000092447","0","0","0","0","22-159-9708","False","True","0","6/6/2022 3:20:00 PM","No Pedestrians Involved","Dry","No Unusual Conditions","Daylight","Unknown","Controls Functioning","Clear","Sideswipe","Intersection","Other Vehicle","Not Applicable","Not Applicable","At",""
"682865","CR-0000092418","0","1","0","0","22-146-0840","False","False","0","5/26/2022 5:54:00 PM","Crossing In Crosswalk - At Intersection","Dry","No Unusual Conditions","Daylight","Violation Driver 1","Controls Functioning","Clear","Vehicle/Pedestrian","Intersection","Pedestrian","East","West","At","PEDESTRIAN"
"682866","CR-0000092415","2","0","0","0","22-146-0387","False","False","0","5/26/2022 11:00:00 AM","No Pedestrians Involved","Dry","No Unusual Conditions","Daylight","Violation Driver 1","Controls Functioning","Clear","Broadside","Intersection","Other Vehicle","Not Applicable","Not Applicable","At",""
"682867","CR-0000092421","2","0","0","0","22-148-0508","False","False","0","5/28/2022 1:51:00 PM","No Pedestrians Involved","Dry","No Unusual Conditions","Daylight","Violation Driver 1","Controls Functioning","Clear","Rear End","Intersection","Other Vehicle","Not Applicable","Not Applicable","At",""
"682868","CR-0000092433","1","0","0","0","22-161-0348","False","False","0","6/10/2022 10:47:00 AM","No Pedestrians Involved","Dry","No Unusual Conditions","Daylight","Violation Driver 1","Controls Functioning","Clear","Rear End","Intersection","Other Vehicle","Not Applicable","Not Applicable","At",""
"682869","CR-0000092446","0","0","0","0","22-157-1087","False","False","346","6/6/2022 11:40:00 PM","No Pedestrians Involved","Dry","No Unusual Conditions","Dark - Street Light","Violation Driver 1","No Controls Present/Factor","Clear","Sideswipe","Non-Related","Parked Vehicle","Not Applicable","Not Applicable","West Of",""
"682870","CR-0000092425","0","1","0","0","22-149-0536","False","False","0","5/29/2022 2:30:00 AM","Crossing In Crosswalk - At Intersection","Dry","No Unusual Conditions","Dark - Street Light","Violation Driver 1","Controls Functioning","Clear","Vehicle/Pedestrian","Intersection","Pedestrian","East","West","At","PEDESTRIAN"
"682871","CR-0000092455","0","0","0","0","22-181-4002","False","True","","6/28/2022 12:15:00 PM","No Pedestrians Involved","Unknown","Unknown","Daylight","Unknown","Unknown","Unknown","Rear End","Non-Related","Other Vehicle","Not Applicable","Not Applicable","Unknown",""
"682872","CR-0000092452","0","0","0","0","22-173-4004","False","True","0","6/22/2022 10:30:00 AM","No Pedestrians Involved","Unknown","Unknown","Daylight","Unknown","Unknown","Unknown","Sideswipe","Intersection","Other Vehicle","Not Applicable","Not Applicable","At",""
"682873","CR-0000092457","0","0","0","0","22-200-4002","False","True","51","6/29/2022 6:51:00 PM","No Pedestrians Involved","Unknown","Unknown","Unknown","Unknown","Unknown","Unknown","Other","Non-Related","Other Vehicle","Not Applicable","Not Applicable","West Of",""
"682874","CR-0000092451","0","0","0","0","22-134-4004","False","True","51","5/14/2022 5:00:00 PM","No Pedestrians Involved","Unknown","Unknown","Daylight","Unknown","Unknown","Unknown","Sideswipe","Non-Related","Parked Vehicle","Not Applicable","Not Applicable","South Of",""
"682875","CR-0000092460","0","0","0","0","22-161-0604","False","False","470","6/10/2022 3:30:00 PM","No Pedestrians Involved","Dry","No Unusual Conditions","Daylight","Violation Driver 1","No Controls Present/Factor","Clear","Broadside","Non-Related","Parked Vehicle","Not Applicable","Not Applicable","North Of",""
"682876","CR-0000092458","0","0","0","0","22-181-4005","False","False","51","6/30/2022 2:30:00 PM","No Pedestrians Involved","Unknown","Unknown","Daylight","Unknown","Unknown","Unknown","Rear End","Non-Related","Parked Vehicle","Not Applicable","Not Applicable","North Of",""
"682877","CR-0000092461","0","1","0","0","22-163-0839","False","False","87","6/12/2022 9:15:00 PM","No Pedestrians Involved","Dry","No Unusual Conditions","Dark - Street Light","Violation Driver 1","Controls Functioning","Clear","Broadside","Non-Related","Other Vehicle","Not Applicable","Not Applicable","West Of","E-SCOOTER"
"682878","CR-0000092459","0","0","0","0","22-160-0368","False","False","20","6/9/2022 11:58:00 AM","No Pedestrians Involved","Dry","No Unusual Conditions","Daylight","Violation Driver 1","Controls Functioning","Clear","Rear End","Related","Other Vehicle","Not Applicable","Not Applicable","South Of",""
"682879","CR-0000092454","0","0","0","0","22-177-4007","False","True","","6/26/2022 9:00:00 AM","No Pedestrians Involved","Unknown","Unknown","Daylight","Unknown","Unknown","Unknown","Other","Related","Other Vehicle","Not Applicable","Not Applicable","South Of",""
"682880","CR-0000092453","0","0","0","0","22-178-4004","False","True","51","6/26/2022 11:00:00 PM","No Pedestrians Involved","Unknown","Unknown","Unknown","Unknown","Unknown","Unknown","Rear End","Non-Related","Other Vehicle","Not Applicable","Not Applicable","North Of",""
"682881","CR-0000092462","1","0","0","0","22-164-0131","False","False","0","6/13/2022 4:32:00 AM","No Pedestrians Involved","Dry","No Unusual Conditions","Dark - Street Light","Violation Driver 1","No Controls Present/Factor","Clear","Broadside","Intersection","Other Vehicle","Not Applicable","Not Applicable","At",""
"682882","CR-0000092456","0","0","0","0","22-180-4000","False","True","51","6/29/2022 12:20:00 PM","No Pedestrians Involved","Unknown","Unknown","Daylight","Unknown","Unknown","Unknown","Rear End","Non-Related","Other Vehicle","Not Applicable","Not Applicable","Unknown",""
"682883","CR-0000092479","0","0","0","0","22-044-0899","False","False","54","2/13/2022 10:50:00 PM","No Pedestrians Involved","Dry","No Unusual Conditions","Dark - Street Light","Violation Driver 1","Controls Functioning","Clear","Sideswipe","Non-Related","Other Vehicle","Not Applicable","Not Applicable","West Of",""
"682884","CR-0000092483","0","0","0","0","22-168-0371","False","False","23","6/17/2022 11:58:00 AM","No Pedestrians Involved","Dry","Unknown","Daylight","Violation Driver 1","Controls Functioning","Clear","Broadside","Related","Other Vehicle","Not Applicable","Not Applicable","West Of",""
"682885","CR-0000092474","0","0","0","0","22-050-4000","False","True","0","2/19/2022 10:10:00 AM","No Pedestrians Involved","Unknown","Unknown","Daylight","Unknown","Unknown","Unknown","Broadside","Intersection","Other Vehicle","Not Applicable","Not Applicable","At",""
"682886","CR-0000092496","1","0","0","0","22-173-0718","False","False","51","6/22/2022 5:00:00 PM","No Pedestrians Involved","Dry","No Unusual Conditions","Daylight","Violation Driver 1","No Controls Present/Factor","Clear","Rear End","Non-Related","Other Vehicle","Not Applicable","Not Applicable","North Of",""
"682887","CR-0000092488","2","0","0","0","22-169-0984","False","False","0","6/18/2022 10:55:00 PM","No Pedestrians Involved","Dry","No Unusual Conditions","Dark - Street Light","Violation Driver 1","Controls Functioning","Clear","Sideswipe","Intersection","Other Vehicle","Not Applicable","Not Applicable","At",""
"682888","CR-0000092499","0","0","0","0","22-176-0813","False","False","36","6/25/2022 8:21:00 PM","No Pedestrians Involved","Dry","No Unusual Conditions","Dusk - Dawn","Violation Driver 1","No Controls Present/Factor","Clear","Rear End","Related","Other Vehicle","Not Applicable","Not Applicable","East Of",""
"682889","CR-0000092507","1","0","0","0","22-181-1048","False","False","0","6/30/2022 11:24:00 PM","No Pedestrians Involved","Dry","No Unusual Conditions","Dark - Street Light","Violation Driver 1","No Controls Present/Factor","Clear","Broadside","Intersection","Parked Vehicle","Not Applicable","Not Applicable","At",""
"682890","CR-0000092466","1","0","0","0","22-039-0485","False","False","0","2/8/2022 12:15:00 PM","No Pedestrians Involved","Dry","No Unusual Conditions","Daylight","Violation Driver 1","No Controls Present/Factor","Clear","Other","Intersection","Other Vehicle","Not Applicable","Not Applicable","At",""
"682891","CR-0000092503","1","0","0","0","22-177-0874","False","False","0","6/26/2022 9:16:00 PM","No Pedestrians Involved","Dry","No Unusual Conditions","Dark - Street Light","Violation Driver 1","Controls Functioning","Clear","Sideswipe","Intersection","Other Vehicle","Not Applicable","Not Applicable","At",""
"682892","CR-0000092491","1","0","0","0","22-052-0818","False","False","292","2/22/2022 7:17:00 AM","No Pedestrians Involved","Wet","No Unusual Conditions","Dark - Street Light","Violation Driver 1","Unknown","Rain","Other","Non-Related","Parked Vehicle","Not Applicable","Not Applicable","East Of",""
"682893","CR-0000092473","0","0","0","0","22-049-4002","False","True","0","2/17/2022 7:20:00 PM","No Pedestrians Involved","Unknown","Unknown","Unknown","Unknown","Unknown","Unknown","Sideswipe","Intersection","Other Vehicle","Not Applicable","Not Applicable","At",""
"682894","CR-0000092506","1","0","0","0","22-181-0711","False","False","69","6/30/2022 5:14:00 PM","No Pedestrians Involved","Dry","No Unusual Conditions","Daylight","Violation Driver 1","Controls Functioning","Clear","Rear End","Non-Related","Other Vehicle","Not Applicable","Not Applicable","North Of",""
"682895","CR-0000092464","1","0","0","0","22-038-0679","False","False","0","2/7/2022 4:58:00 PM","Crossing In Crosswalk - At Intersection","Dry","No Unusual Conditions","Daylight","Violation Driver 1","No Controls Present/Factor","Clear","Vehicle/Pedestrian","Intersection","Pedestrian","South","North","At","PED"
"682896","CR-0000092497","1","0","0","0","22-174-0037","False","False","0","6/23/2022 1:09:00 AM","No Pedestrians Involved","Dry","No Unusual Conditions","Dark - Street Light","Violation Driver 1","Controls Functioning","Clear","Broadside","Intersection","Other Vehicle","Not Applicable","Not Applicable","At",""
"682897","CR-0000092465","1","0","0","0","22-039-0264","False","False","21","2/8/2022 8:55:00 AM","Crossing In Crosswalk - At Intersection","Dry","No Unusual Conditions","Daylight","Violation Driver 1","No Controls Present/Factor","Clear","Vehicle/Pedestrian","Related","Pedestrian","East","West","South Of","PED"
"682898","CR-0000092482","2","1","0","0","22-165-0149","False","False","0","6/14/2022 5:45:00 AM","In Road - Includes Shoulder","Dry","No Unusual Conditions","Dusk - Dawn","Violation Driver 1","Controls Functioning","Clear","Head On","Intersection","Pedestrian","Unknown","Unknown","At","PEDESTRIAN"
"682899","CR-0000092467","1","0","0","0","22-040-0128","False","False","0","2/9/2022 2:54:00 AM","No Pedestrians Involved","Dry","No Unusual Conditions","Dark - Street Light","Violation Driver 1","Controls Functioning","Clear","Head On","Intersection","Other Vehicle","Not Applicable","Not Applicable","At",""
"682900","CR-0000092494","0","0","0","0","22-172-0997","False","False","189","6/21/2022 10:00:00 PM","No Pedestrians Involved","Unknown","No Unusual Conditions","Dark - Street Light","Violation Driver 1","No Controls Present/Factor","Clear","Rear End","Non-Related","Parked Vehicle","Not Applicable","Not Applicable","South Of",""
"682901","CR-0000092500","0","0","0","0","22-177-0172","False","False","216","6/26/2022 5:00:00 AM","No Pedestrians Involved","Dry","No Unusual Conditions","Daylight","Violation Driver 1","No Controls Present/Factor","Clear","Rear End","Non-Related","Parked Vehicle","Not Applicable","Not Applicable","East Of",""
"682902","CR-0000092490","1","0","0","0","22-051-9707","False","True","0","2/15/2022 4:20:00 PM","No Pedestrians Involved","Dry","No Unusual Conditions","Daylight","Unknown","Controls Functioning","Clear","Rear End","Intersection","Other Vehicle","Not Applicable","Not Applicable","At",""
"682903","CR-0000092476","1","0","0","0","22-043-0039","False","False","264","2/12/2022 12:40:00 AM","No Pedestrians Involved","Dry","No Unusual Conditions","Dark - Street Light","Violation Driver 1","Controls Functioning","Clear","Head On","Non-Related","Other Vehicle","Not Applicable","Not Applicable","North Of",""
"682904","CR-0000092493","1","0","0","0","22-033-0628","False","False","30","2/2/2022 3:51:00 PM","No Pedestrians Involved","Dry","No Unusual Conditions","Daylight","Violation Driver 1","Controls Functioning","Clear","Broadside","Related","Other Vehicle","Not Applicable","Not Applicable","West Of",""
"682905","CR-0000092481","1","0","0","0","22-041-0833","False","False","0","2/10/2022 5:55:00 PM","No Pedestrians Involved","Dry","No Unusual Conditions","Daylight","Violation Driver 1","Controls Functioning","Clear","Broadside","Intersection","Motor Vehicle On Other Roadway","Not Applicable","Not Applicable","At",""