"CrashFactId","Name","MinorInjuries","ModerateInjuries","SevereInjuries","FatalInjuries","TcrNumber","CityDamageFlag","ShortFormFlag","Distance","CrashDateTime","PedestrianAction","RoadwaySurface","RoadwayCondition","Lighting","PrimaryCollisionFactor","TrafficControl","Weather","CollisionType","ProximityToIntersection","VehicleInvolvedWith","PedestrianDirectionFrom","PedestrianDirectionTo","DirectionFromIntersection","Comment"
"683003","CR-0000092541","0","0","0","0","22-162-0634","False","False","275","6/11/2022 5:03:00 PM","No Pedestrians Involved","Dry","No Unusual Conditions","Daylight","Violation Driver 1","No Controls Present/Factor","Clear","Sideswipe","Non-Related","Parked Vehicle","Not Applicable","Not Applicable","North Of",""
"683004","CR-0000092597","0","0","0","0","22-175-0913","False","False","33","6/24/2022 7:23:00 PM","No Pedestrians Involved","Dry","No Unusual Conditions","Daylight","Violation Driver 1","Controls Functioning","Clear","Broadside","Related","Other Vehicle","Not Applicable","Not Applicable","South Of",""
"683005","CR-0000092528","1","0","0","0","22-162-0198","False","False","0","6/11/2022 6:06:00 AM","No Pedestrians Involved","Dry","No Unusual Conditions","Daylight","Violation Driver 1","Controls Functioning","Clear","Broadside","Intersection","Other Vehicle","Not Applicable","Not Applicable","At",""
"683006","CR-0000092524","0","0","0","0","22-171-0364","False","False","0","6/19/2022 6:33:00 PM","No Pedestrians Involved","Dry","No Unusual Conditions","Dark - Street Light","Violation Driver 1","No Controls Present/Factor","Clear","Other","Intersection","Parked Vehicle","Not Applicable","Not Applicable","At",""
"683007","CR-0000092593","0","1","0","0","22-175-0407","False","False","16","6/24/2022 10:40:00 AM","No Pedestrians Involved","Dry","No Unusual Conditions","Daylight","Violation Driver 1","No Controls Present/Factor","Clear","Sideswipe","Related","Other Vehicle","Not Applicable","Not Applicable","West Of",""
"683008","CR-0000092529","1","0","0","0","22-170-0481","False","False","490","6/19/2022 1:47:00 PM","No Pedestrians Involved","Dry","No Unusual Conditions","Daylight","Violation Driver 1","No Controls Present/Factor","Clear","Head On","Non-Related","Other Vehicle","Not Applicable","Not Applicable","West Of",""
"683009","CR-0000092542","0","0","0","0","22-171-0088","True","False","223","6/20/2022 1:48:00 AM","No Pedestrians Involved","Dry","No Unusual Conditions","Dark - Street Light","Violation Driver 1","No Controls Present/Factor","Clear","Sideswipe","Non-Related","Fixed Object","Not Applicable","Not Applicable","West Of","Sidewalk"
"683010","CR-0000092514","0","0","0","0","22-160-0283","False","False","0","6/9/2022 10:20:00 AM","No Pedestrians Involved","Dry","No Unusual Conditions","Daylight","Violation Driver 1","No Controls Present/Factor","Clear","Vehicle/Bike","Intersection","Bike","Not Applicable","Not Applicable","At","BIKE"
"683011","CR-0000092525","1","0","0","0","22-170-0410","False","False","400","6/19/2022 11:46:00 AM","No Pedestrians Involved","Wet","No Unusual Conditions","Daylight","Violation Driver 1","No Controls Present/Factor","Clear","Broadside","Non-Related","Other Vehicle","Not Applicable","Not Applicable","North Of",""
"683012","CR-0000092551","1","0","0","0","22-165-0506","False","False","0","6/14/2022 1:42:00 PM","No Pedestrians Involved","Dry","No Unusual Conditions","Daylight","Violation Driver 1","Controls Functioning","Clear","Rear End","Related","Other Vehicle","Not Applicable","Not Applicable","At",""
"683013","CR-0000092509","0","0","0","0","22-159-0079","False","False","200","6/8/2022 2:00:00 AM","No Pedestrians Involved","Dry","No Unusual Conditions","Dark - Street Light","Violation Driver 1","No Controls Present/Factor","Clear","Hit Object","Non-Related","Other Object","Not Applicable","Not Applicable","East Of",""
"683014","CR-0000092556","0","0","0","0","22-171-0552","False","False","51","6/20/2022 2:32:00 PM","No Pedestrians Involved","Dry","No Unusual Conditions","Daylight","Violation Driver 1","Controls Functioning","Clear","Rear End","Non-Related","Other Vehicle","Not Applicable","Not Applicable","West Of",""
"683015","CR-0000092519","0","0","0","0","22-170-0227","False","False","108","6/19/2022 4:47:00 AM","No Pedestrians Involved","Wet","No Unusual Conditions","Daylight","Pedestrian At Fault","Controls Functioning","Clear","Other","Non-Related","Parked Vehicle","Not Applicable","Not Applicable","West Of",""
"683016","CR-0000092645","1","0","0","0","22-173-0699","False","False","326","6/22/2022 4:47:00 PM","No Pedestrians Involved","Dry","No Unusual Conditions","Daylight","Unknown","No Controls Present/Factor","Clear","Head On","Non-Related","Other Vehicle","Not Applicable","Not Applicable","North Of",""
"683017","CR-0000092628","0","0","0","0","22-167-0921","False","False","66","6/16/2022 11:37:00 PM","No Pedestrians Involved","Dry","No Unusual Conditions","Dark - Street Light","Violation Driver 1","No Controls Present/Factor","Clear","Sideswipe","Non-Related","Parked Vehicle","Not Applicable","Not Applicable","North Of",""
"683018","CR-0000092629","0","0","0","0","22-168-0004","False","False","266","6/17/2022 12:06:00 AM","No Pedestrians Involved","Dry","No Unusual Conditions","Dark - Street Light","Violation Driver 1","No Controls Present/Factor","Clear","Sideswipe","Non-Related","Parked Vehicle","Not Applicable","Not Applicable","North Of",""
"683019","CR-0000092657","0","0","0","0","22-154-0010","False","False","200","6/3/2022 12:06:00 AM","No Pedestrians Involved","Dry","No Unusual Conditions","Dark - Street Light","Violation Driver 1","No Controls Present/Factor","Clear","Hit Object","Non-Related","Fixed Object","Not Applicable","Not Applicable","West Of","FIRE HYDRANT"
"683020","CR-0000092632","1","0","0","0","22-168-0069","False","False","90","6/17/2022 2:19:00 AM","No Pedestrians Involved","Dry","No Unusual Conditions","Dark - Street Light","Violation Driver 1","Controls Functioning","Clear","Head On","Non-Related","Parked Vehicle","Not Applicable","Not Applicable","West Of",""
"683021","CR-0000092662","0","0","0","0","22-131-9703","False","True","100","5/10/2022 6:40:00 PM","No Pedestrians Involved","Dry","No Unusual Conditions","Daylight","Unknown","Controls Functioning","Clear","Rear End","Non-Related","Other Vehicle","Not Applicable","Not Applicable","South Of",""
"683022","CR-0000092609","0","0","0","0","22-110-9704","False","True","51","4/19/2022 3:00:00 AM","No Pedestrians Involved","Dry","No Unusual Conditions","Dark - Street Light","Unknown","No Controls Present/Factor","Clear","Sideswipe","Non-Related","Unknown","Not Applicable","Not Applicable","West Of",""
"683023","CR-0000092654","0","0","0","0","22-128-9704","False","True","20","5/8/2022 10:20:00 AM","No Pedestrians Involved","Dry","No Unusual Conditions","Daylight","Unknown","No Controls Present/Factor","Clear","Rear End","Related","Other Vehicle","Not Applicable","Not Applicable","South Of",""
"683024","CR-0000092655","1","0","0","0","22-150-0032","False","False","0","5/30/2022 12:21:00 AM","No Pedestrians Involved","Dry","No Unusual Conditions","Dark - Street Light","Violation Driver 1","Controls Functioning","Clear","Sideswipe","Intersection","Fixed Object","Not Applicable","Not Applicable","At","ELECTRIC SCOOTER"
"683025","CR-0000092616","0","0","0","0","22-115-9703","False","True","500","4/25/2022 9:40:00 AM","No Pedestrians Involved","Dry","No Unusual Conditions","Daylight","Unknown","Controls Functioning","Clear","Sideswipe","Non-Related","Other Vehicle","Not Applicable","Not Applicable","West Of",""
"683026","CR-0000092661","0","0","0","0","22-132-9706","False","True","0","5/8/2022 10:15:00 PM","No Pedestrians Involved","Dry","No Unusual Conditions","Dark - Street Light","Unknown","Controls Functioning","Clear","Broadside","Intersection","Other Vehicle","Not Applicable","Not Applicable","At",""
"683027","CR-0000092626","0","0","0","0","22-167-0434","False","False","0","6/16/2022 1:45:00 PM","No Pedestrians Involved","Dry","Construction - Repair Zone","Daylight","Violation Driver 1","Controls Functioning","Clear","Sideswipe","Intersection","Other Vehicle","Not Applicable","Not Applicable","At",""
"683028","CR-0000092634","2","0","0","0","22-168-0933","False","False","0","6/17/2022 10:20:00 PM","No Pedestrians Involved","Dry","No Unusual Conditions","Dark - Street Light","Violation Driver 1","Controls Functioning","Clear","Head On","Intersection","Other Vehicle","Not Applicable","Not Applicable","At",""
"683029","CR-0000092631","0","0","0","0","22-168-0064","False","False","25","6/17/2022 2:05:00 AM","No Pedestrians Involved","Dry","No Unusual Conditions","Dark - Street Light","Violation Driver 1","Unknown","Clear","Head On","Related","Parked Vehicle","Not Applicable","Not Applicable","North Of",""
"683030","CR-0000092652","0","0","0","0","22-148-0664","False","False","280","5/28/2022 4:47:00 PM","No Pedestrians Involved","Dry","No Unusual Conditions","Daylight","Violation Driver 1","Unknown","Clear","Rear End","Non-Related","Other Vehicle","Not Applicable","Not Applicable","South Of",""
"683031","CR-0000092673","0","1","0","0","22-142-0848","False","False","0","5/22/2022 8:34:00 PM","Crossing - Not In Crosswalk","Dry","No Unusual Conditions","Dark - Street Light","Violation Driver 1","Controls Functioning","Clear","Head On","Intersection","Pedestrian","West","East","At","PEDESTRIAN"
"683032","CR-0000092660","1","0","0","0","22-160-0214","False","False","0","6/9/2022 9:08:00 AM","No Pedestrians Involved","Dry","No Unusual Conditions","Daylight","Violation Driver 1","Unknown","Clear","Rear End","Intersection","Other Vehicle","Not Applicable","Not Applicable","At",""
"683033","CR-0000092637","0","0","0","0","22-128-9706","False","True","87","5/8/2022 8:30:00 AM","No Pedestrians Involved","Dry","No Unusual Conditions","Dark - Street Light","Unknown","No Controls Present/Factor","Clear","Sideswipe","Non-Related","Parked Vehicle","Not Applicable","Not Applicable","Unknown",""
"683034","CR-0000092606","0","0","0","0","22-109-9705","False","True","50","4/18/2022 12:00:00 AM","No Pedestrians Involved","Dry","No Unusual Conditions","Dark - Street Light","Unknown","No Controls Present/Factor","Clear","Sideswipe","Related","Parked Vehicle","Not Applicable","Not Applicable","East Of",""
"683035","CR-0000092667","0","0","0","0","22-140-0081","False","False","42","5/20/2022 6:43:00 AM","No Pedestrians Involved","Dry","No Unusual Conditions","Dark - Street Light","Violation Driver 1","No Controls Present/Factor","Clear","Sideswipe","Related","Parked Vehicle","Not Applicable","Not Applicable","East Of",""
"683036","CR-0000092630","0","0","0","0","22-131-9707","False","True","","5/5/2022 6:30:00 AM","No Pedestrians Involved","Unknown","No Unusual Conditions","Daylight","Unknown","Unknown","Clear","Sideswipe","Related","Other Vehicle","Not Applicable","Not Applicable","South Of",""
"683037","CR-0000092613","0","0","0","0","22-163-0505","False","False","300","6/12/2022 2:01:00 PM","No Pedestrians Involved","Dry","No Unusual Conditions","Daylight","Violation Driver 1","Controls Functioning","Clear","Rear End","Non-Related","Other Vehicle","Not Applicable","Not Applicable","West Of",""
"683038","CR-0000092603","0","0","1","0","22-164-0579","False","False","220","6/13/2022 3:15:00 PM","No Pedestrians Involved","Dry","No Unusual Conditions","Daylight","Violation Driver 1","Unknown","Clear","Rear End","Non-Related","Motor Vehicle On Other Roadway","Not Applicable","Not Applicable","South Of",""
"683039","CR-0000092610","1","0","0","0","22-163-0283","False","False","0","6/12/2022 8:42:00 AM","No Pedestrians Involved","Dry","No Unusual Conditions","Daylight","Violation Driver 1","Controls Functioning","Clear","Other","Intersection","Other Vehicle","Not Applicable","Not Applicable","At",""
"683040","CR-0000092600","0","0","0","0","22-164-0332","False","False","0","6/13/2022 10:59:00 AM","No Pedestrians Involved","Dry","No Unusual Conditions","Daylight","Violation Driver 1","No Controls Present/Factor","Clear","Broadside","Intersection","Other Vehicle","Not Applicable","Not Applicable","At",""
"683041","CR-0000092635","0","0","0","0","22-169-0496","False","False","310","6/17/2022 1:00:00 PM","No Pedestrians Involved","Dry","No Unusual Conditions","Daylight","Violation Driver 1","No Controls Present/Factor","Clear","Sideswipe","Non-Related","Parked Vehicle","Not Applicable","Not Applicable","South Of",""
"683042","CR-0000092664","1","0","0","0","22-139-0706","False","False","0","5/19/2022 4:09:00 PM","No Pedestrians Involved","Dry","No Unusual Conditions","Daylight","Violation Driver 1","No Controls Present/Factor","Clear","Vehicle/Bike","Intersection","Bike","Not Applicable","Not Applicable","At","BIKE"
"683043","CR-0000092665","0","0","0","0","22-139-0928","False","False","55","5/19/2022 7:37:00 PM","No Pedestrians Involved","Dry","No Unusual Conditions","Daylight","Violation Driver 1","No Controls Present/Factor","Clear","Rear End","Non-Related","Parked Vehicle","Not Applicable","Not Applicable","South Of",""
"683044","CR-0000092646","0","0","0","0","22-173-0707","False","False","0","6/22/2022 2:00:00 PM","No Pedestrians Involved","Dry","No Unusual Conditions","Daylight","Violation Driver 1","No Controls Present/Factor","Clear","Sideswipe","Intersection","Parked Vehicle","Not Applicable","Not Applicable","At",""
"683045","CR-0000092670","1","0","0","0","22-141-0342","False","False","435","5/21/2022 10:59:00 AM","No Pedestrians Involved","Dry","No Unusual Conditions","Daylight","Violation Driver 1","No Controls Present/Factor","Clear","Vehicle/Bike","Non-Related","Bike","Not Applicable","Not Applicable","West Of",""
"683046","CR-0000092619","0","0","0","0","22-125-9706","False","True","51","5/1/2022 10:45:00 AM","No Pedestrians Involved","Dry","Construction - Repair Zone","Dark - No Street Light","Unknown","No Controls Present/Factor","Clear","Broadside","Non-Related","Parked Vehicle","Not Applicable","Not Applicable","West Of",""
"683047","CR-0000092647","0","0","0","0","22-173-0741","False","False","0","6/22/2022 5:26:00 PM","No Pedestrians Involved","Dry","No Unusual Conditions","Daylight","Violation Driver 1","Controls Functioning","Clear","Broadside","Intersection","Train","Not Applicable","Not Applicable","At","TRAIN"
"683048","CR-0000092608","0","0","0","0","22-163-0173","False","False","285","6/12/2022 3:26:00 AM","No Pedestrians Involved","Dry","No Unusual Conditions","Dark - Street Light","Violation Driver 1","Unknown","Clear","Rear End","Non-Related","Parked Vehicle","Not Applicable","Not Applicable","North Of",""
"683049","CR-0000092618","1","0","0","0","22-164-9703","False","True","30","6/12/2022 10:50:00 PM","No Pedestrians Involved","Dry","No Unusual Conditions","Dark - Street Light","Unknown","Controls Functioning","Clear","Rear End","Related","Other Vehicle","Not Applicable","Not Applicable","North Of",""
"683050","CR-0000092623","0","0","0","0","22-165-9701","False","True","0","6/13/2022 11:45:00 AM","No Pedestrians Involved","Dry","No Unusual Conditions","Daylight","Violation Driver 1","Controls Functioning","Clear","Sideswipe","Intersection","Other Vehicle","Not Applicable","Not Applicable","At",""
"683051","CR-0000092671","0","0","0","0","22-142-0161","False","False","320","5/22/2022 2:40:00 AM","No Pedestrians Involved","Dry","No Unusual Conditions","Dark - Street Light","Violation Driver 1","No Controls Present/Factor","Clear","Sideswipe","Non-Related","Parked Vehicle","Not Applicable","Not Applicable","South Of",""
"683052","CR-0000092611","0","0","0","0","22-163-0488","True","False","0","6/12/2022 1:40:00 PM","No Pedestrians Involved","Dry","No Unusual Conditions","Daylight","Violation Driver 1","Controls Functioning","Cloudy","Hit Object","Intersection","Fixed Object","Not Applicable","Not Applicable","At","TWO CITY POLES"
"683053","CR-0000092638","0","0","0","0","22-168-0636","False","False","0","6/17/2022 5:20:00 PM","No Pedestrians Involved","Dry","No Unusual Conditions","Daylight","Violation Driver 1","Controls Functioning","Clear","Rear End","Intersection","Other Vehicle","Not Applicable","Not Applicable","At",""
"683054","CR-0000092639","0","0","0","0","22-168-0937","False","False","40","6/17/2022 10:21:00 PM","No Pedestrians Involved","Dry","No Unusual Conditions","Dark - Street Light","Violation Driver 1","No Controls Present/Factor","Clear","Hit Object","Related","Parked Vehicle","Not Applicable","Not Applicable","East Of",""
"683055","CR-0000092601","1","0","0","0","22-164-0427","True","False","120","6/13/2022 12:28:00 PM","No Pedestrians Involved","Dry","No Unusual Conditions","Daylight","Violation Driver 1","Controls Functioning","Clear","Broadside","Non-Related","Other Vehicle","Not Applicable","Not Applicable","South Of","Police Vehicle"
"683056","CR-0000092607","1","0","0","0","22-163-0138","True","False","266","6/12/2022 2:15:00 AM","No Pedestrians Involved","Dry","No Unusual Conditions","Dark - Street Light","Violation Driver 1","No Controls Present/Factor","Clear","Sideswipe","Non-Related","Fixed Object","Not Applicable","Not Applicable","South Of","TREE"
"683057","CR-0000092617","0","0","0","0","22-163-0926","False","False","294","6/12/2022 10:40:00 PM","No Pedestrians Involved","Dry","No Unusual Conditions","Dark - Street Light","Violation Driver 1","Controls Functioning","Clear","Sideswipe","Non-Related","Parked Vehicle","Not Applicable","Not Applicable","East Of",""
"683058","CR-0000092674","1","1","0","0","22-143-1088","False","False","27","5/23/2022 11:48:00 PM","No Pedestrians Involved","Dry","No Unusual Conditions","Dark - Street Light","Violation Driver 1","Controls Functioning","Clear","Rear End","Related","Other Vehicle","Not Applicable","Not Applicable","West Of",""
"683059","CR-0000092621","1","0","0","0","22-164-0738","False","False","51","6/13/2022 5:59:00 PM","No Pedestrians Involved","Dry","No Unusual Conditions","Daylight","Violation Driver 1","Controls Functioning","Clear","Sideswipe","Non-Related","Other Vehicle","Not Applicable","Not Applicable","East Of",""
"683060","CR-0000092656","1","0","1","0","22-150-0704","False","False","0","5/30/2022 5:20:00 PM","No Pedestrians Involved","Dry","No Unusual Conditions","Daylight","Violation Driver 1","Controls Functioning","Clear","Broadside","Intersection","Other Vehicle","Not Applicable","Not Applicable","At",""
"683061","CR-0000092622","0","0","0","0","22-164-0938","False","False","0","6/13/2022 9:43:00 PM","No Pedestrians Involved","Dry","No Unusual Conditions","Unknown","Violation Driver 1","Controls Functioning","Clear","Broadside","Intersection","Other Vehicle","Not Applicable","Not Applicable","At",""
"683062","CR-0000092668","0","0","0","0","22-140-0601","False","False","20","5/20/2022 3:11:00 PM","No Pedestrians Involved","Dry","No Unusual Conditions","Daylight","Violation Driver 1","No Controls Present/Factor","Clear","Head On","Related","Other Vehicle","Not Applicable","Not Applicable","West Of",""
"683063","CR-0000092602","1","0","0","0","22-164-0538","False","False","0","6/13/2022 2:31:00 PM","No Pedestrians Involved","Dry","No Unusual Conditions","Daylight","Violation Driver 1","Controls Functioning","Clear","Broadside","Intersection","Other Vehicle","Not Applicable","Not Applicable","At",""
"683064","CR-0000092669","1","1","0","0","22-141-0248","False","False","0","5/21/2022 8:41:00 AM","No Pedestrians Involved","Dry","No Unusual Conditions","Daylight","Violation Driver 1","No Controls Present/Factor","Clear","Head On","Intersection","Other Vehicle","Not Applicable","Not Applicable","At",""
"683065","CR-0000092604","1","0","0","0","22-101-0548","False","False","0","4/11/2022 3:56:00 PM","No Pedestrians Involved","Dry","No Unusual Conditions","Daylight","Violation Driver 1","Controls Functioning","Clear","Broadside","Intersection","Other Vehicle","Not Applicable","Not Applicable","At",""
"683066","CR-0000092605","0","0","0","0","22-163-0017","False","False","230","6/12/2022 12:10:00 AM","No Pedestrians Involved","Dry","No Unusual Conditions","Dark - Street Light","Violation Driver 1","Unknown","Clear","Rear End","Non-Related","Parked Vehicle","Not Applicable","Not Applicable","East Of",""
"683067","CR-0000092612","0","0","0","0","22-115-9704","False","True","51","4/23/2022 2:39:00 PM","No Pedestrians Involved","Dry","No Unusual Conditions","Daylight","Unknown","Controls Functioning","Clear","Rear End","Non-Related","Other Vehicle","Not Applicable","Not Applicable","East Of",""
"683068","CR-0000092627","0","0","0","0","22-167-0806","False","False","0","6/16/2022 9:30:00 PM","No Pedestrians Involved","Dry","No Unusual Conditions","Dark - Street Light","Violation Driver 1","Controls Functioning","Clear","Rear End","Intersection","Other Vehicle","Not Applicable","Not Applicable","At",""
"683069","CR-0000092620","0","1","0","0","22-163-0239","False","False","0","6/12/2022 2:30:00 AM","Crossing - Not In Crosswalk","Dry","No Unusual Conditions","Dark - Street Light","Violation Driver 1","No Controls Present/Factor","Clear","Vehicle/Pedestrian","Intersection","Pedestrian","West","North","At","PEDESTRIAN"
"683070","CR-0000092643","0","0","0","0","22-173-0536","False","False","0","6/22/2022 1:33:00 PM","No Pedestrians Involved","Dry","No Unusual Conditions","Daylight","Violation Driver 1","Controls Functioning","Clear","Broadside","Intersection","Other Vehicle","Not Applicable","Not Applicable","At",""
"683071","CR-0000092614","0","0","0","0","22-163-0537","False","False","0","6/12/2022 2:39:00 PM","No Pedestrians Involved","Dry","No Unusual Conditions","Daylight","Violation Driver 1","No Controls Present/Factor","Cloudy","Rear End","Intersection","Other Vehicle","Not Applicable","Not Applicable","At",""
"683072","CR-0000092615","0","0","0","0","22-163-0593","False","False","590","6/12/2022 4:00:00 PM","No Pedestrians Involved","Dry","No Unusual Conditions","Daylight","Violation Driver 1","No Controls Present/Factor","Clear","Broadside","Non-Related","Other Vehicle","Not Applicable","Not Applicable","West Of",""
"683073","CR-0000092599","0","0","0","0","22-164-0083","False","False","290","6/13/2022 2:01:00 AM","No Pedestrians Involved","Dry","No Unusual Conditions","Dark - Street Light","Violation Driver 1","No Controls Present/Factor","Clear","Sideswipe","Non-Related","Parked Vehicle","Not Applicable","Not Applicable","South Of",""
"683074","CR-0000092672","1","0","0","0","22-142-0538","False","False","0","5/22/2022 2:46:00 PM","No Pedestrians Involved","Dry","No Unusual Conditions","Daylight","Violation Driver 1","No Controls Present/Factor","Clear","Broadside","Intersection","Other Vehicle","Not Applicable","Not Applicable","At",""
"683075","CR-0000092653","4","0","0","0","22-149-0875","False","False","0","5/29/2022 8:39:00 PM","No Pedestrians Involved","Dry","No Unusual Conditions","Dark - Street Light","Violation Driver 1","Controls Functioning","Clear","Overturned","Intersection","Other Vehicle","Not Applicable","Not Applicable","At",""
"683076","CR-0000092624","1","0","0","0","22-161-0140","False","False","38","6/10/2022 7:38:00 AM","No Pedestrians Involved","Dry","No Unusual Conditions","Daylight","Violation Driver 1","Controls Functioning","Cloudy","Head On","Related","Other Vehicle","Not Applicable","Not Applicable","South Of",""
"683077","CR-0000092675","1","0","0","0","22-151-0856","False","False","0","5/31/2022 6:04:00 PM","No Pedestrians Involved","Dry","No Unusual Conditions","Daylight","Violation Driver 1","Controls Functioning","Clear","Broadside","Intersection","Other Vehicle","Not Applicable","Not Applicable","At",""
"683078","CR-0000092642","0","0","0","0","22-173-0475","False","False","605","6/22/2022 12:37:00 PM","No Pedestrians Involved","Dry","No Unusual Conditions","Daylight","Violation Driver 1","Unknown","Clear","Sideswipe","Non-Related","Other Vehicle","Not Applicable","Not Applicable","South Of",""
"683079","CR-0000092658","1","0","0","0","22-159-0522","False","False","0","6/8/2022 1:55:00 PM","No Pedestrians Involved","Dry","No Unusual Conditions","Daylight","Violation Driver 1","Controls Functioning","Clear","Rear End","Intersection","Other Vehicle","Not Applicable","Not Applicable","At",""
"683080","CR-0000092636","1","1","0","0","22-168-0621","False","False","19","6/17/2022 5:05:00 PM","No Pedestrians Involved","Dry","No Unusual Conditions","Daylight","Violation Driver 1","Controls Functioning","Clear","Broadside","Related","Other Vehicle","Not Applicable","Not Applicable","East Of",""
"683081","CR-0000092666","1","1","0","0","22-139-1083","False","False","0","5/19/2022 10:54:00 PM","No Pedestrians Involved","Dry","No Unusual Conditions","Dark - Street Light","Violation Driver 1","Controls Functioning","Clear","Broadside","Intersection","Other Vehicle","Not Applicable","Not Applicable","At",""
"683082","CR-0000092625","0","0","0","0","22-167-0002","True","False","0","6/16/2022 12:02:00 AM","No Pedestrians Involved","Dry","No Unusual Conditions","Dark - Street Light","Violation Driver 1","Controls Functioning","Clear","Hit Object","Intersection","Fixed Object","Not Applicable","Not Applicable","South Of","LIGHT POLE"
"683083","CR-0000092648","0","0","0","0","22-173-0830","False","False","0","6/22/2022 4:20:00 AM","No Pedestrians Involved","Dry","No Unusual Conditions","Dark - Street Light","Violation Driver 1","No Controls Present/Factor","Clear","Rear End","Intersection","Parked Vehicle","Not Applicable","Not Applicable","At",""
"683084","CR-0000092649","0","0","0","0","22-173-0874","False","False","0","6/22/2022 7:54:00 PM","No Pedestrians Involved","Dry","No Unusual Conditions","Daylight","Violation Driver 1","Controls Functioning","Clear","Other","Intersection","Other Vehicle","Not Applicable","Not Applicable","At",""
"683085","CR-0000092650","0","2","1","0","22-173-0974","False","False","0","6/22/2022 9:52:00 PM","No Pedestrians Involved","Dry","No Unusual Conditions","Dark - Street Light","Violation Driver 1","Controls Functioning","Clear","Rear End","Intersection","Other Vehicle","Not Applicable","Not Applicable","At",""
"683086","CR-0000092659","0","1","0","0","22-160-0210","False","False","0","6/9/2022 9:04:00 AM","No Pedestrians Involved","Dry","No Unusual Conditions","Daylight","Violation Driver 1","No Controls Present/Factor","Clear","Head On","Intersection","Other Vehicle","Not Applicable","Not Applicable","At",""
"683087","CR-0000092641","0","0","0","0","22-173-0388","False","False","86","6/22/2022 11:10:00 AM","No Pedestrians Involved","Dry","No Unusual Conditions","Daylight","Violation Driver 1","Controls Functioning","Clear","Other","Non-Related","Other Vehicle","Not Applicable","Not Applicable","South Of",""
"683088","CR-0000092644","0","0","0","0","22-173-0647","True","False","85","6/22/2022 3:51:00 PM","No Pedestrians Involved","Dry","No Unusual Conditions","Daylight","Violation Driver 1","Unknown","Clear","Rear End","Non-Related","Parked Vehicle","Not Applicable","Not Applicable","West Of","CITY VEHICLE LIB"
"683089","CR-0000092633","1","0","0","0","22-168-0489","False","False","0","6/17/2022 2:25:00 PM","No Pedestrians Involved","Dry","No Unusual Conditions","Daylight","Violation Driver 1","No Controls Present/Factor","Clear","Broadside","Intersection","Other Vehicle","Not Applicable","Not Applicable","At",""
"683090","CR-0000092663","0","0","0","0","22-151-1041","True","False","0","5/31/2022 9:50:00 PM","No Pedestrians Involved","Dry","No Unusual Conditions","Dark - Street Light","Violation Driver 1","Controls Functioning","Clear","Hit Object","Intersection","Fixed Object","Not Applicable","Not Applicable","At","SIGNAL LIGHT"
"683091","CR-0000092640","0","1","0","0","22-173-0246","False","False","700","6/22/2022 8:37:00 AM","No Pedestrians Involved","Dry","No Unusual Conditions","Daylight","Bike At Fault","Unknown","Clear","Rear End","Non-Related","Parked Vehicle","Not Applicable","Not Applicable","South Of","BIKE"
"683092","CR-0000092651","0","1","0","0","22-143-0794","True","False","0","5/23/2022 6:24:00 PM","No Pedestrians Involved","Dry","No Unusual Conditions","Daylight","Violation Driver 1","Controls Functioning","Clear","Hit Object","Intersection","Fixed Object","Not Applicable","Not Applicable","East Of","STOPLIGHT"
"683093","CR-0000092743","0","0","0","0","22-051-9701","False","True","0","2/19/2022 12:40:00 PM","No Pedestrians Involved","Dry","No Unusual Conditions","Dark - Street Light Not Functioning","Unknown","Controls Functioning","Clear","Rear End","Intersection","Other Vehicle","Not Applicable","Not Applicable","At",""
"683095","CR-0000092676","0","0","0","1","22-174-0447","False","False","0","6/23/2022 1:43:00 PM","Crossing In Crosswalk - At Intersection","Dry","No Unusual Conditions","Daylight","Unknown","Controls Functioning","Clear","Vehicle/Pedestrian","Intersection","Pedestrian","West","East","At","PED"
"683096","CR-0000092693","1","0","0","0","22-180-0724","False","False","0","6/29/2022 5:58:00 PM","No Pedestrians Involved","Dry","No Unusual Conditions","Daylight","Violation Driver 1","Controls Functioning","Clear","Rear End","Intersection","Other Vehicle","Not Applicable","Not Applicable","At",""
"683097","CR-0000092690","1","0","0","0","22-179-0496","False","False","0","6/28/2022 1:44:00 PM","No Pedestrians Involved","Dry","No Unusual Conditions","Daylight","Unknown","Controls Functioning","Clear","Head On","Intersection","Other Vehicle","Not Applicable","Not Applicable","At",""
"683098","CR-0000092711","0","0","0","0","22-045-9705","False","True","0","2/14/2022 9:50:00 PM","No Pedestrians Involved","Dry","No Unusual Conditions","Daylight","Unknown","Controls Functioning","Clear","Sideswipe","Intersection","Other Vehicle","Not Applicable","Not Applicable","At",""
"683099","CR-0000092701","0","0","0","0","22-188-0928","False","False","0","7/7/2022 10:20:00 PM","No Pedestrians Involved","Dry","No Unusual Conditions","Dark - Street Light","Violation Driver 1","Controls Functioning","Clear","Broadside","Intersection","Other Vehicle","Not Applicable","Not Applicable","At",""
"683100","CR-0000092688","1","0","0","0","22-176-0440","False","False","0","6/27/2022 12:50:00 PM","No Pedestrians Involved","Dry","No Unusual Conditions","Daylight","Unknown","Controls Functioning","Clear","Broadside","Intersection","Other Vehicle","Not Applicable","Not Applicable","At",""
"683101","CR-0000092689","1","0","0","0","22-178-0604","False","False","263","6/27/2022 3:52:00 PM","No Pedestrians Involved","Dry","No Unusual Conditions","Daylight","Violation Driver 1","Controls Functioning","Clear","Rear End","Non-Related","Other Vehicle","Not Applicable","Not Applicable","West Of",""