"CrashFactId","Name","MinorInjuries","ModerateInjuries","SevereInjuries","FatalInjuries","TcrNumber","CityDamageFlag","ShortFormFlag","Distance","CrashDateTime","PedestrianAction","RoadwaySurface","RoadwayCondition","Lighting","PrimaryCollisionFactor","TrafficControl","Weather","CollisionType","ProximityToIntersection","VehicleInvolvedWith","PedestrianDirectionFrom","PedestrianDirectionTo","DirectionFromIntersection","Comment"
"683207","CR-0000092772","0","0","0","0","22-059-4002","False","True","","2/2/2022 5:25:00 PM","No Pedestrians Involved","Unknown","Unknown","Daylight","Unknown","Unknown","Unknown","Rear End","Related","Other Vehicle","Not Applicable","Not Applicable","Unknown",""
"683208","CR-0000092775","0","0","0","0","22-104-4000","False","True","0","4/1/2022 8:49:00 AM","No Pedestrians Involved","Unknown","Unknown","Daylight","Unknown","Unknown","Unknown","Rear End","Intersection","Other Vehicle","Not Applicable","Not Applicable","At",""
"683209","CR-0000092799","0","0","0","0","22-116-9707","False","True","51","4/24/2022 10:30:00 PM","No Pedestrians Involved","Dry","No Unusual Conditions","Dark - Street Light","Unknown","No Controls Present/Factor","Clear","Rear End","Non-Related","Parked Vehicle","Not Applicable","Not Applicable","North Of",""
"683210","CR-0000092786","0","0","0","0","22-095-0401","False","False","0","4/5/2022 12:09:00 PM","No Pedestrians Involved","Dry","No Unusual Conditions","Daylight","Violation Driver 1","Controls Functioning","Clear","Sideswipe","Intersection","Other Vehicle","Not Applicable","Not Applicable","At",""
"683211","CR-0000092773","0","0","0","0","22-060-9703","False","True","0","2/28/2022 10:00:00 AM","No Pedestrians Involved","Dry","No Unusual Conditions","Dark - Street Light","Unknown","Controls Functioning","Clear","Rear End","Intersection","Other Vehicle","Not Applicable","Not Applicable","At",""
"683212","CR-0000092784","0","0","0","0","22-093-9708","False","True","51","4/3/2022 10:53:00 AM","No Pedestrians Involved","Dry","No Unusual Conditions","Daylight","Unknown","No Controls Present/Factor","Clear","Other","Non-Related","Parked Vehicle","Not Applicable","Not Applicable","South Of",""
"683213","CR-0000092777","0","0","0","0","22-092-9707","False","True","0","4/2/2022 1:15:00 PM","No Pedestrians Involved","Dry","No Unusual Conditions","Daylight","Unknown","Controls Functioning","Clear","Sideswipe","Intersection","Other Vehicle","Not Applicable","Not Applicable","At",""
"683214","CR-0000092770","0","0","0","0","22-054-4004","False","True","51","2/22/2022 10:45:00 AM","No Pedestrians Involved","Unknown","Unknown","Daylight","Unknown","Unknown","Unknown","Other","Non-Related","Other Vehicle","Not Applicable","Not Applicable","South Of",""
"683215","CR-0000092795","1","0","0","0","22-105-0312","False","False","35","4/15/2022 11:28:00 AM","No Pedestrians Involved","Dry","No Unusual Conditions","Daylight","Violation Driver 1","Controls Functioning","Clear","Rear End","Related","Other Vehicle","Not Applicable","Not Applicable","North Of",""
"683216","CR-0000092805","0","0","0","0","22-135-4003","False","True","51","5/13/2022 4:30:00 AM","No Pedestrians Involved","Unknown","Unknown","Unknown","Unknown","Unknown","Unknown","Sideswipe","Non-Related","Other Vehicle","Not Applicable","Not Applicable","South Of",""
"683217","CR-0000092807","0","0","0","0","22-136-4002","False","True","51","5/15/2022 12:00:00 PM","No Pedestrians Involved","Unknown","Unknown","Daylight","Unknown","Unknown","Unknown","Other","Non-Related","Parked Vehicle","Not Applicable","Not Applicable","West Of",""
"683218","CR-0000092790","0","0","0","0","22-103-4002","False","True","0","4/12/2022 8:02:00 PM","No Pedestrians Involved","Unknown","Unknown","Unknown","Unknown","Unknown","Unknown","Rear End","Intersection","Other Vehicle","Not Applicable","Not Applicable","At",""
"683219","CR-0000092782","0","0","0","0","22-095-4001","False","True","51","4/3/2022 4:45:00 AM","No Pedestrians Involved","Unknown","Unknown","Daylight","Unknown","Unknown","Unknown","Sideswipe","Non-Related","Parked Vehicle","Not Applicable","Not Applicable","West Of",""
"683220","CR-0000092808","0","0","0","0","22-136-4001","False","True","51","5/16/2022 2:15:00 AM","No Pedestrians Involved","Unknown","Unknown","Unknown","Unknown","Unknown","Unknown","Sideswipe","Non-Related","Parked Vehicle","Not Applicable","Not Applicable","North Of",""
"683221","CR-0000092812","0","0","0","0","22-137-4004","False","True","0","5/17/2022 6:30:00 PM","No Pedestrians Involved","Unknown","Unknown","Unknown","Unknown","Unknown","Unknown","Sideswipe","Intersection","Other Vehicle","Not Applicable","Not Applicable","At",""
"683222","CR-0000092802","0","0","0","0","22-116-4004","False","True","0","4/26/2022 4:40:00 PM","No Pedestrians Involved","Unknown","Unknown","Daylight","Unknown","Unknown","Unknown","Sideswipe","Intersection","Other Vehicle","Not Applicable","Not Applicable","At",""
"683223","CR-0000092791","0","0","0","0","22-107-4002","False","True","0","4/12/2022 11:55:00 AM","No Pedestrians Involved","Unknown","Unknown","Daylight","Unknown","Unknown","Unknown","Other","Intersection","Parked Vehicle","Not Applicable","Not Applicable","At",""
"683224","CR-0000092788","0","0","0","0","22-102-4000","False","True","","4/12/2022 7:15:00 AM","No Pedestrians Involved","Unknown","Unknown","Daylight","Unknown","Unknown","Unknown","Sideswipe","Related","Other Vehicle","Not Applicable","Not Applicable","South Of",""
"683225","CR-0000092779","2","0","0","0","22-092-0675","False","False","0","4/2/2022 6:57:00 PM","No Pedestrians Involved","Dry","No Unusual Conditions","Daylight","Violation Driver 1","Controls Functioning","Clear","Rear End","Intersection","Other Vehicle","Not Applicable","Not Applicable","At",""
"683226","CR-0000092783","0","0","0","0","22-094-4005","False","True","51","4/3/2022 7:00:00 PM","No Pedestrians Involved","Unknown","Unknown","Unknown","Unknown","Unknown","Unknown","Other","Non-Related","Parked Vehicle","Not Applicable","Not Applicable","North Of",""
"683227","CR-0000092838","0","0","0","0","22-131-0458","False","False","0","5/11/2022 12:30:00 PM","No Pedestrians Involved","Dry","No Unusual Conditions","Daylight","Violation Driver 1","Controls Not Functioning","Clear","Rear End","Intersection","Other Vehicle","Not Applicable","Not Applicable","At",""
"683228","CR-0000092868","0","0","0","0","22-164-4009","False","True","51","6/7/2022 8:00:00 AM","No Pedestrians Involved","Unknown","Unknown","Daylight","Unknown","Unknown","Unknown","Sideswipe","Non-Related","Other Vehicle","Not Applicable","Not Applicable","South Of",""
"683229","CR-0000092822","0","1","0","0","22-130-0581","True","False","425","5/10/2022 3:17:00 PM","No Pedestrians Involved","Dry","No Unusual Conditions","Daylight","Violation Driver 1","Controls Functioning","Clear","Overturned","Non-Related","Fixed Object","Not Applicable","Not Applicable","North Of",""
"683230","CR-0000092819","0","0","0","0","22-118-4000","False","True","51","4/28/2022 12:55:00 PM","No Pedestrians Involved","Unknown","Unknown","Daylight","Unknown","Unknown","Unknown","Rear End","Non-Related","Other Vehicle","Not Applicable","Not Applicable","South Of",""
"683231","CR-0000092845","0","0","0","0","22-198-0210","False","False","210","7/17/2022 4:43:00 AM","No Pedestrians Involved","Dry","No Unusual Conditions","Dark - Street Light","Violation Driver 1","No Controls Present/Factor","Clear","Overturned","Non-Related","Parked Vehicle","Not Applicable","Not Applicable","North Of",""
"683232","CR-0000092814","0","0","0","0","22-117-4002","False","True","51","4/26/2022 3:40:00 PM","No Pedestrians Involved","Unknown","Unknown","Daylight","Unknown","Unknown","Unknown","Sideswipe","Non-Related","Other Vehicle","Not Applicable","Not Applicable","Unknown",""
"683233","CR-0000092870","0","0","0","0","22-154-4006","False","True","51","6/3/2022 3:25:00 PM","No Pedestrians Involved","Unknown","Unknown","Daylight","Unknown","Unknown","Unknown","Rear End","Non-Related","Other Vehicle","Not Applicable","Not Applicable","East Of",""
"683234","CR-0000092829","0","0","0","0","22-190-1048","True","False","0","7/9/2022 11:20:00 PM","No Pedestrians Involved","Dry","No Unusual Conditions","Dark - Street Light","Violation Driver 1","Controls Functioning","Clear","Hit Object","Intersection","Fixed Object","Not Applicable","Not Applicable","At","LIGHT POLE"
"683235","CR-0000092874","0","0","0","0","22-154-4003","False","True","51","6/2/2022 2:25:00 PM","No Pedestrians Involved","Unknown","Unknown","Daylight","Unknown","Unknown","Unknown","Other","Non-Related","Parked Vehicle","Not Applicable","Not Applicable","South Of",""
"683236","CR-0000092827","5","0","0","0","22-190-0669","False","False","36","7/9/2022 4:53:00 PM","No Pedestrians Involved","Dry","No Unusual Conditions","Daylight","Violation Driver 1","Unknown","Clear","Rear End","Related","Other Vehicle","Not Applicable","Not Applicable","North Of",""
"683237","CR-0000092871","0","0","0","0","22-154-4008","False","True","51","6/1/2022 8:30:00 PM","No Pedestrians Involved","Unknown","Unknown","Unknown","Unknown","Unknown","Unknown","Rear End","Non-Related","Other Vehicle","Not Applicable","Not Applicable","South Of",""
"683238","CR-0000092863","0","0","0","0","22-132-0015","True","False","1260","5/12/2022 1:19:00 AM","No Pedestrians Involved","Dry","No Unusual Conditions","Dark - Street Light","Violation Driver 1","Controls Functioning","Clear","Hit Object","Non-Related","Fixed Object","Not Applicable","Not Applicable","North Of","Trees x3"
"683239","CR-0000092820","0","0","0","0","22-051-9702","False","True","0","2/19/2022 11:40:00 AM","No Pedestrians Involved","Dry","No Unusual Conditions","Daylight","Unknown","Controls Functioning","Clear","Rear End","Intersection","Other Vehicle","Not Applicable","Not Applicable","At",""
"683240","CR-0000092866","0","0","0","0","22-199-4000","False","True","51","6/3/2022 8:30:00 AM","No Pedestrians Involved","Unknown","Unknown","Daylight","Unknown","Unknown","Unknown","Rear End","Non-Related","Other Vehicle","Not Applicable","Not Applicable","South Of",""
"683241","CR-0000092833","1","0","0","0","22-147-9713","False","True","0","5/10/2022 7:00:00 AM","No Pedestrians Involved","Dry","No Unusual Conditions","Daylight","Unknown","Controls Functioning","Clear","Broadside","Intersection","Other Vehicle","Not Applicable","Not Applicable","At",""
"683242","CR-0000092873","0","0","0","0","22-153-4003","False","True","0","6/2/2022 9:37:00 AM","No Pedestrians Involved","Unknown","Unknown","Daylight","Unknown","Unknown","Unknown","Broadside","Intersection","Other Vehicle","Not Applicable","Not Applicable","At",""
"683243","CR-0000092858","0","0","0","0","22-204-0112","True","False","42","7/23/2022 2:35:00 AM","No Pedestrians Involved","Dry","No Unusual Conditions","Dark - Street Light","Violation Driver 1","Controls Functioning","Clear","Hit Object","Related","Fixed Object","Not Applicable","Not Applicable","North Of","CITY LIGHT POST"
"683244","CR-0000092821","0","0","0","0","22-119-4002","False","True","51","4/29/2022 5:51:00 PM","No Pedestrians Involved","Unknown","Unknown","Daylight","Unknown","Unknown","Unknown","Rear End","Non-Related","Unknown","Not Applicable","Not Applicable","South Of",""
"683245","CR-0000092852","0","0","0","0","22-000-0839","False","False","60","7/29/2022 9:05:00 PM","No Pedestrians Involved","Dry","No Unusual Conditions","Dusk - Dawn","Violation Driver 1","No Controls Present/Factor","Clear","Sideswipe","Non-Related","Parked Vehicle","Not Applicable","Not Applicable","East Of",""
"683246","CR-0000092813","0","0","0","0","22-116-0130","False","True","51","4/26/2022 10:22:00 AM","No Pedestrians Involved","Dry","No Unusual Conditions","Daylight","Unknown","No Controls Present/Factor","Clear","Rear End","Non-Related","Other Vehicle","Not Applicable","Not Applicable","South Of",""
"683247","CR-0000092816","0","0","0","0","22-114-4002","False","True","","4/24/2022 10:15:00 AM","No Pedestrians Involved","Unknown","Unknown","Daylight","Unknown","Unknown","Unknown","Rear End","Related","Other Vehicle","Not Applicable","Not Applicable","South Of",""
"683248","CR-0000092842","0","0","0","0","22-197-0783","False","False","51","7/16/2022 7:21:00 PM","No Pedestrians Involved","Dry","No Unusual Conditions","Dark - Street Light Not Functioning","Unknown","Controls Functioning","Clear","Sideswipe","Non-Related","Other Vehicle","Not Applicable","Not Applicable","West Of",""
"683249","CR-0000092826","0","0","0","0","22-054-9713","False","True","0","2/22/2022 4:13:00 PM","No Pedestrians Involved","Dry","No Unusual Conditions","Daylight","Unknown","Controls Functioning","Cloudy","Rear End","Intersection","Other Vehicle","Not Applicable","Not Applicable","At",""
"683250","CR-0000092835","0","0","0","0","22-131-0096","False","False","115","5/11/2022 4:27:00 AM","No Pedestrians Involved","Dry","No Unusual Conditions","Dark - Street Light","Violation Driver 1","No Controls Present/Factor","Clear","Head On","Non-Related","Parked Vehicle","Not Applicable","Not Applicable","North Of",""
"683251","CR-0000092865","0","0","0","0","22-167-4004","False","True","51","6/13/2022 11:00:00 PM","No Pedestrians Involved","Unknown","Unknown","Unknown","Unknown","Unknown","Unknown","Sideswipe","Non-Related","Other Vehicle","Not Applicable","Not Applicable","West Of",""
"683252","CR-0000092855","0","0","0","0","22-206-9701","False","True","175","7/21/2022 3:00:00 AM","No Pedestrians Involved","Dry","Other","Daylight","Unknown","No Controls Present/Factor","Clear","Other","Non-Related","Parked Vehicle","Not Applicable","Not Applicable","South Of",""
"683253","CR-0000092824","0","0","0","0","22-051-9708","False","True","0","2/11/2022 6:17:00 PM","No Pedestrians Involved","Dry","No Unusual Conditions","Dark - Street Light","Unknown","Controls Functioning","Clear","Head On","Intersection","Other Vehicle","Not Applicable","Not Applicable","At",""
"683254","CR-0000092840","0","0","0","0","22-131-0549","False","False","95","5/11/2022 2:45:00 PM","No Pedestrians Involved","Dry","No Unusual Conditions","Daylight","Violation Driver 1","Controls Functioning","Clear","Rear End","Non-Related","Other Vehicle","Not Applicable","Not Applicable","North Of",""
"683255","CR-0000092857","3","0","0","0","22-204-0111","False","False","0","7/23/2022 2:28:00 AM","No Pedestrians Involved","Dry","No Unusual Conditions","Dark - Street Light","Violation Driver 1","Controls Functioning","Clear","Sideswipe","Intersection","Other Vehicle","Not Applicable","Not Applicable","At",""
"683256","CR-0000092847","0","0","0","0","22-198-0877","False","False","110","7/17/2022 9:40:00 PM","No Pedestrians Involved","Dry","No Unusual Conditions","Dark - Street Light","Violation Driver 1","No Controls Present/Factor","Clear","Sideswipe","Non-Related","Parked Vehicle","Not Applicable","Not Applicable","East Of",""
"683257","CR-0000092832","0","0","0","0","22-130-0797","False","False","0","5/10/2022 6:49:00 PM","No Pedestrians Involved","Dry","No Unusual Conditions","Daylight","Violation Driver 1","Controls Functioning","Clear","Rear End","Intersection","Non-Collision","Not Applicable","Not Applicable","At",""
"683258","CR-0000092846","0","0","0","0","22-198-0705","False","False","0","7/17/2022 6:28:00 PM","No Pedestrians Involved","Dry","No Unusual Conditions","Daylight","Violation Driver 1","Controls Functioning","Clear","Rear End","Intersection","Other Vehicle","Not Applicable","Not Applicable","At",""
"683259","CR-0000092850","0","0","0","0","22-199-0817","False","False","51","7/18/2022 7:00:00 PM","No Pedestrians Involved","Dry","No Unusual Conditions","Daylight","Violation Driver 1","No Controls Present/Factor","Clear","Sideswipe","Non-Related","Parked Vehicle","Not Applicable","Not Applicable","East Of",""
"683260","CR-0000092841","0","0","0","0","22-197-0015","True","False","164","7/16/2022 1:14:00 AM","No Pedestrians Involved","Dry","No Unusual Conditions","Dark - Street Light","Violation Driver 1","No Controls Present/Factor","Clear","Head On","Non-Related","Fixed Object","Not Applicable","Not Applicable","South Of","CITY LIGHT POLE"
"683261","CR-0000092862","0","0","0","0","22-131-0949","False","False","18","5/11/2022 11:30:00 PM","No Pedestrians Involved","Dry","No Unusual Conditions","Dark - Street Light","Violation Driver 1","No Controls Present/Factor","Clear","Sideswipe","Related","Parked Vehicle","Not Applicable","Not Applicable","South Of",""
"683262","CR-0000092823","0","0","0","0","22-051-9705","False","True","0","2/17/2022 2:30:00 PM","No Pedestrians Involved","Dry","No Unusual Conditions","Daylight","Unknown","Controls Functioning","Clear","Rear End","Intersection","Other Vehicle","Not Applicable","Not Applicable","At",""
"683263","CR-0000092837","0","0","1","0","22-194-0504","False","False","0","7/13/2022 2:14:00 PM","No Pedestrians Involved","Dry","No Unusual Conditions","Daylight","Violation Driver 1","Controls Functioning","Clear","Sideswipe","Intersection","Bike","Not Applicable","Not Applicable","At","BIKE"
"683264","CR-0000092867","0","0","0","0","22-164-4008","False","True","51","6/13/2022 12:47:00 PM","No Pedestrians Involved","Unknown","Unknown","Daylight","Unknown","Unknown","Unknown","Other","Non-Related","Parked Vehicle","Not Applicable","Not Applicable","South Of",""
"683265","CR-0000092851","0","0","0","0","22-000-0606","False","False","102","7/19/2022 2:30:00 PM","No Pedestrians Involved","Dry","No Unusual Conditions","Daylight","Violation Driver 1","No Controls Present/Factor","Clear","Sideswipe","Non-Related","Parked Vehicle","Not Applicable","Not Applicable","East Of",""
"683266","CR-0000092854","0","0","0","0","22-201-0463","False","False","0","7/20/2022 1:05:00 PM","No Pedestrians Involved","Dry","No Unusual Conditions","Daylight","Violation Driver 1","Controls Functioning","Clear","Rear End","Intersection","Other Vehicle","Not Applicable","Not Applicable","At",""
"683267","CR-0000092839","2","0","0","0","22-196-0355","False","False","0","7/15/2022 11:13:00 AM","No Pedestrians Involved","Dry","No Unusual Conditions","Daylight","Violation Driver 1","No Controls Present/Factor","Clear","Broadside","Intersection","Other Vehicle","Not Applicable","Not Applicable","At",""
"683268","CR-0000092844","1","3","0","0","22-198-0002","False","False","37","7/17/2022 12:01:00 AM","No Pedestrians Involved","Dry","No Unusual Conditions","Dark - Street Light","Violation Driver 1","Controls Functioning","Clear","Broadside","Related","Other Vehicle","Not Applicable","Not Applicable","West Of",""
"683269","CR-0000092869","0","0","0","0","22-154-4007","False","True","51","6/3/2022 9:00:00 AM","No Pedestrians Involved","Unknown","Unknown","Daylight","Unknown","Unknown","Unknown","Sideswipe","Non-Related","Other Vehicle","Not Applicable","Not Applicable","North Of",""
"683270","CR-0000092830","0","1","0","0","22-191-0138","False","False","102","7/10/2022 2:00:00 AM","Crossing - Not In Crosswalk","Dry","No Unusual Conditions","Dark - Street Light","Pedestrian At Fault","Controls Functioning","Clear","Vehicle/Pedestrian","Non-Related","Pedestrian","East","West","South Of","PEDESTRIAN"
"683271","CR-0000092848","0","0","1","0","22-198-0983","False","False","0","7/17/2022 11:16:00 PM","Crossing - Not In Crosswalk","Dry","No Unusual Conditions","Dark - Street Light","Pedestrian At Fault","Controls Functioning","Clear","Head On","Intersection","Pedestrian","West","East","At","PEDESTRIAN"
"683272","CR-0000092825","0","0","0","0","22-052-9708","False","True","51","2/6/2022 6:30:00 PM","No Pedestrians Involved","Dry","No Unusual Conditions","Daylight","Unknown","Controls Functioning","Clear","Sideswipe","Non-Related","Other Vehicle","Not Applicable","Not Applicable","East Of",""
"683273","CR-0000092853","0","0","0","0","22-201-0131","False","False","150","7/20/2022 5:17:00 AM","No Pedestrians Involved","Dry","No Unusual Conditions","Dusk - Dawn","Violation Driver 1","Controls Functioning","Clear","Sideswipe","Non-Related","Parked Vehicle","Not Applicable","Not Applicable","North Of",""
"683274","CR-0000092872","0","0","0","0","22-164-4006","False","True","51","6/12/2022 11:25:00 PM","No Pedestrians Involved","Unknown","Unknown","Unknown","Unknown","Unknown","Unknown","Sideswipe","Non-Related","Other Vehicle","Not Applicable","Not Applicable","East Of",""
"683275","CR-0000092849","0","0","0","0","22-199-0684","False","False","51","7/18/2022 4:57:00 PM","No Pedestrians Involved","Dry","No Unusual Conditions","Daylight","Violation Driver 1","No Controls Present/Factor","Clear","Sideswipe","Non-Related","Parked Vehicle","Not Applicable","Not Applicable","West Of",""
"683276","CR-0000092860","0","0","0","0","22-205-0146","True","False","30","7/24/2022 2:03:00 AM","No Pedestrians Involved","Dry","No Unusual Conditions","Dark - Street Light","Violation Driver 1","Controls Functioning","Clear","Hit Object","Related","Fixed Object","Not Applicable","Not Applicable","West Of","TREE"
"683277","CR-0000092836","0","0","0","0","22-164-4011","False","True","51","6/13/2022 8:07:00 AM","No Pedestrians Involved","Unknown","Unknown","Daylight","Unknown","Unknown","Unknown","Sideswipe","Non-Related","Other Vehicle","Not Applicable","Not Applicable","South Of",""
"683278","CR-0000092817","0","0","0","0","22-117-9703","False","True","0","4/27/2022 6:17:00 AM","No Pedestrians Involved","Dry","No Unusual Conditions","Daylight","Unknown","Unknown","Clear","Broadside","Intersection","Other Vehicle","Not Applicable","Not Applicable","At",""
"683279","CR-0000092861","2","0","0","0","22-131-0654","False","False","1114","5/11/2022 4:49:00 PM","No Pedestrians Involved","Dry","No Unusual Conditions","Daylight","Violation Driver 1","No Controls Present/Factor","Clear","Rear End","Non-Related","Other Vehicle","Not Applicable","Not Applicable","North Of",""
"683280","CR-0000092856","0","0","0","0","22-202-0737","False","False","0","7/21/2022 5:49:00 PM","No Pedestrians Involved","Dry","No Unusual Conditions","Daylight","Violation Driver 1","Controls Functioning","Clear","Broadside","Intersection","Other Vehicle","Not Applicable","Not Applicable","At",""
"683281","CR-0000092834","1","0","0","0","22-193-0484","False","False","0","7/12/2022 2:01:00 PM","No Pedestrians Involved","Dry","No Unusual Conditions","Daylight","Violation Driver 1","No Controls Present/Factor","Clear","Broadside","Intersection","Other Vehicle","Not Applicable","Not Applicable","At",""
"683282","CR-0000092828","0","0","0","0","22-190-0883","False","False","260","7/9/2022 9:19:00 PM","No Pedestrians Involved","Dry","No Unusual Conditions","Dark - Street Light","Violation Driver 1","Controls Functioning","Clear","Sideswipe","Non-Related","Parked Vehicle","Not Applicable","Not Applicable","South Of",""
"683283","CR-0000092831","1","0","0","0","22-191-0617","False","False","0","7/10/2022 3:28:00 PM","No Pedestrians Involved","Dry","No Unusual Conditions","Daylight","Violation Driver 1","No Controls Present/Factor","Clear","Rear End","Intersection","Other Vehicle","Not Applicable","Not Applicable","At",""
"683284","CR-0000092815","0","0","0","0","22-116-0151","False","False","59","4/26/2022 8:18:00 AM","No Pedestrians Involved","Dry","No Unusual Conditions","Daylight","Violation Driver 1","Controls Functioning","Clear","Rear End","Non-Related","Other Vehicle","Not Applicable","Not Applicable","East Of",""
"683285","CR-0000092843","0","0","0","0","22-197-0208","True","False","465","7/16/2022 7:24:00 PM","No Pedestrians Involved","Dry","Other","Dusk - Dawn","Violation Driver 1","No Controls Present/Factor","Clear","Rear End","Non-Related","Other Vehicle","Not Applicable","Not Applicable","West Of","EMERGENCY VEHICLE"
"683286","CR-0000092818","0","0","0","0","22-117-4006","False","True","","4/27/2022 8:30:00 AM","No Pedestrians Involved","Unknown","Unknown","Daylight","Unknown","Unknown","Unknown","Sideswipe","Related","Other Vehicle","Not Applicable","Not Applicable","Unknown",""
"683287","CR-0000092864","0","0","0","0","22-166-4001","False","True","51","6/15/2022 6:40:00 PM","No Pedestrians Involved","Unknown","Unknown","Unknown","Unknown","Unknown","Unknown","Rear End","Non-Related","Other Vehicle","Not Applicable","Not Applicable","West Of",""
"683288","CR-0000092859","2","0","0","0","22-206-9705","False","True","0","7/23/2022 5:30:00 PM","No Pedestrians Involved","Dry","No Unusual Conditions","Daylight","Unknown","Controls Functioning","Clear","Broadside","Intersection","Other Vehicle","Not Applicable","Not Applicable","At",""
"683289","CR-0000092875","0","1","0","0","22-138-0761","False","False","195","5/28/2022 5:40:00 PM","No Pedestrians Involved","Dry","No Unusual Conditions","Daylight","Violation Driver 1","Controls Functioning","Clear","Rear End","Non-Related","Parked Vehicle","Not Applicable","Not Applicable","South Of",""
"683290","CR-0000092876","0","0","0","0","22-144-9707","False","True","51","5/19/2022 7:00:00 PM","No Pedestrians Involved","Dry","No Unusual Conditions","Daylight","Unknown","Unknown","Clear","Vehicle/Pedestrian","Non-Related","Bike","Not Applicable","Not Applicable","North Of","BIKE"
"683291","CR-0000092877","0","0","0","0","22-139-0259","True","False","912","5/19/2022 11:53:00 AM","No Pedestrians Involved","Dry","No Unusual Conditions","Daylight","Violation Driver 1","No Controls Present/Factor","Clear","Hit Object","Non-Related","Fixed Object","Not Applicable","Not Applicable","East Of","SJFD EMERGENCY VEHICLE, CURB"
"683292","CR-0000092878","1","0","0","0","22-140-0548","False","False","51","5/19/2022 4:45:00 PM","No Pedestrians Involved","Dry","No Unusual Conditions","Daylight","Violation Driver 1","Controls Functioning","Clear","Vehicle/Bike","Non-Related","Scooter Motorized","Not Applicable","Not Applicable","North Of",""
"683293","CR-0000092879","0","0","0","0","22-140-0308","True","False","19","5/20/2022 9:47:00 AM","No Pedestrians Involved","Dry","No Unusual Conditions","Daylight","Violation Driver 1","Unknown","Clear","Sideswipe","Related","Parked Vehicle","Not Applicable","Not Applicable","South Of","SJFD EMERGENCY VEHICLE"
"683294","CR-0000092880","1","0","0","0","22-140-0467","False","False","0","5/20/2022 12:36:00 PM","No Pedestrians Involved","Dry","No Unusual Conditions","Daylight","Violation Driver 1","Controls Functioning","Clear","Head On","Intersection","Other Vehicle","Not Applicable","Not Applicable","At",""
"683295","CR-0000092881","0","0","0","0","22-152-9707","False","True","0","5/19/2022 4:00:00 PM","No Pedestrians Involved","Dry","No Unusual Conditions","Daylight","Unknown","Controls Functioning","Clear","Sideswipe","Intersection","Other Vehicle","Not Applicable","Not Applicable","At",""
"683296","CR-0000092882","0","0","0","0","22-140-0652","False","False","66","5/20/2022 4:04:00 PM","No Pedestrians Involved","Dry","No Unusual Conditions","Daylight","Violation Driver 1","Controls Functioning","Clear","Sideswipe","Non-Related","Other Vehicle","Not Applicable","Not Applicable","South Of",""
"683297","CR-0000092883","0","0","0","0","22-140-0787","False","False","188","5/20/2022 6:00:00 PM","No Pedestrians Involved","Dry","No Unusual Conditions","Daylight","Violation Driver 1","Controls Functioning","Clear","Sideswipe","Non-Related","Other Vehicle","Not Applicable","Not Applicable","East Of",""
"683298","CR-0000092884","0","0","0","0","22-141-0292","False","False","309","5/21/2022 9:51:00 AM","No Pedestrians Involved","Dry","No Unusual Conditions","Daylight","Violation Driver 1","No Controls Present/Factor","Clear","Broadside","Non-Related","Other Vehicle","Not Applicable","Not Applicable","North Of",""
"683299","CR-0000092885","0","0","0","0","22-141-0729","False","False","0","5/21/2022 7:09:00 PM","No Pedestrians Involved","Dry","No Unusual Conditions","Daylight","Violation Driver 1","No Controls Present/Factor","Clear","Broadside","Intersection","Other Vehicle","Not Applicable","Not Applicable","At",""
"683300","CR-0000092886","0","0","0","0","22-132-0936","False","False","70","5/12/2022 11:37:00 PM","No Pedestrians Involved","Dry","No Unusual Conditions","Dark - Street Light","Violation Driver 1","No Controls Present/Factor","Clear","Sideswipe","Non-Related","Parked Vehicle","Not Applicable","Not Applicable","South Of",""
"683301","CR-0000092888","1","0","0","0","22-141-0820","False","False","81","5/21/2022 8:36:00 PM","No Pedestrians Involved","Dry","No Unusual Conditions","Dark - No Street Light","Violation Driver 1","Controls Functioning","Clear","Head On","Non-Related","Motor Vehicle On Other Roadway","Not Applicable","Not Applicable","East Of",""
"683302","CR-0000092889","0","0","0","0","22-133-0212","False","False","123","5/13/2022 8:50:00 AM","No Pedestrians Involved","Dry","No Unusual Conditions","Daylight","Violation Driver 1","No Controls Present/Factor","Clear","Broadside","Non-Related","Parked Vehicle","Not Applicable","Not Applicable","East Of",""
"683303","CR-0000092887","0","1","0","0","22-139-0078","False","False","22","5/19/2022 2:00:00 AM","No Pedestrians Involved","Dry","No Unusual Conditions","Dark - Street Light","Violation Driver 1","No Controls Present/Factor","Clear","Rear End","Related","Parked Vehicle","Not Applicable","Not Applicable","West Of",""
"683304","CR-0000092890","0","0","1","0","22-141-0826","False","False","0","5/21/2022 8:41:00 PM","Crossing In Crosswalk - At Intersection","Dry","No Unusual Conditions","Dark - Street Light","Violation Driver 1","Controls Functioning","Clear","Vehicle/Pedestrian","Intersection","Pedestrian","East","West","At","PEDESTRIAN"
"683305","CR-0000092892","0","0","0","0","22-134-0057","False","False","0","5/14/2022 12:45:00 AM","No Pedestrians Involved","Dry","Unknown","Dark - Street Light","Violation Driver 2","Controls Functioning","Clear","Sideswipe","Intersection","Other Vehicle","Not Applicable","Not Applicable","At",""
"683306","CR-0000092891","0","0","0","0","22-141-0899","False","False","170","5/21/2022 9:50:00 PM","No Pedestrians Involved","Dry","No Unusual Conditions","Dark - Street Light","Violation Driver 1","Controls Functioning","Clear","Rear End","Non-Related","Parked Vehicle","Not Applicable","Not Applicable","North Of",""
"683307","CR-0000092893","0","1","0","0","22-134-0803","True","False","0","5/14/2022 9:17:00 PM","No Pedestrians Involved","Dry","No Unusual Conditions","Dark - Street Light","Violation Driver 1","Controls Functioning","Clear","Hit Object","Intersection","Fixed Object","Not Applicable","Not Applicable","At","Traffic Signal"