"CrashFactId","Name","MinorInjuries","ModerateInjuries","SevereInjuries","FatalInjuries","TcrNumber","CityDamageFlag","ShortFormFlag","Distance","CrashDateTime","PedestrianAction","RoadwaySurface","RoadwayCondition","Lighting","PrimaryCollisionFactor","TrafficControl","Weather","CollisionType","ProximityToIntersection","VehicleInvolvedWith","PedestrianDirectionFrom","PedestrianDirectionTo","DirectionFromIntersection","Comment"
"683407","CR-0000093000","0","0","0","0","22-147-0542","False","False","0","5/27/2022 4:55:00 PM","No Pedestrians Involved","Dry","No Unusual Conditions","Daylight","Violation Driver 1","Controls Functioning","Clear","Sideswipe","Intersection","Other Vehicle","Not Applicable","Not Applicable","At",""
"683408","CR-0000093001","0","0","0","0","22-147-1015","False","False","190","5/27/2022 10:00:00 PM","No Pedestrians Involved","Dry","No Unusual Conditions","Dark - Street Light","Violation Driver 1","No Controls Present/Factor","Clear","Head On","Non-Related","Parked Vehicle","Not Applicable","Not Applicable","East Of",""
"683409","CR-0000093002","0","0","0","0","22-148-9706","False","True","51","5/27/2022 5:20:00 PM","No Pedestrians Involved","Dry","No Unusual Conditions","Daylight","Unknown","Controls Functioning","Clear","Vehicle/Bike","Non-Related","Scooter Motorized","Not Applicable","Not Applicable","East Of","BIKE (ELECTRIC UNICYCLE)"
"683410","CR-0000093003","1","0","0","0","22-148-0046","False","False","0","5/28/2022 12:59:00 AM","No Pedestrians Involved","Dry","No Unusual Conditions","Dark - Street Light","Violation Driver 1","No Controls Present/Factor","Clear","Sideswipe","Intersection","Parked Vehicle","Not Applicable","Not Applicable","At",""
"683411","CR-0000093004","0","0","0","0","22-148-0172","False","False","188","5/28/2022 3:24:00 AM","No Pedestrians Involved","Dry","No Unusual Conditions","Dark - Street Light","Violation Driver 1","No Controls Present/Factor","Clear","Rear End","Non-Related","Other Vehicle","Not Applicable","Not Applicable","East Of",""
"683412","CR-0000093005","1","1","0","0","22-148-0912","False","False","87","5/28/2022 9:03:00 PM","No Pedestrians Involved","Dry","No Unusual Conditions","Dark - Street Light","Violation Driver 1","Controls Functioning","Clear","Sideswipe","Non-Related","Parked Vehicle","Not Applicable","Not Applicable","East Of",""
"683413","CR-0000093006","0","1","0","0","22-149-0145","False","False","0","5/29/2022 2:39:00 AM","No Pedestrians Involved","Dry","No Unusual Conditions","Dark - Street Light","Violation Driver 1","No Controls Present/Factor","Clear","Rear End","Intersection","Other Vehicle","Not Applicable","Not Applicable","At",""
"683414","CR-0000093007","0","0","0","0","22-164-0575","False","False","123","6/13/2022 3:49:00 PM","No Pedestrians Involved","Dry","No Unusual Conditions","Daylight","Violation Driver 1","No Controls Present/Factor","Clear","Sideswipe","Non-Related","Parked Vehicle","Not Applicable","Not Applicable","West Of",""
"683415","CR-0000093008","0","0","0","0","22-166-9704","False","True","121","4/27/2022 12:00:00 AM","No Pedestrians Involved","Dry","No Unusual Conditions","Daylight","Unknown","No Controls Present/Factor","Clear","Sideswipe","Non-Related","Parked Vehicle","Not Applicable","Not Applicable","North Of",""
"683416","CR-0000093009","0","0","0","0","22-152-0172","False","False","471","6/1/2022 7:48:00 AM","No Pedestrians Involved","Dry","No Unusual Conditions","Daylight","Violation Driver 1","No Controls Present/Factor","Clear","Rear End","Non-Related","Parked Vehicle","Not Applicable","Not Applicable","East Of",""
"683417","CR-0000093010","0","1","0","0","22-158-0976","False","False","25","6/7/2022 7:24:00 PM","No Pedestrians Involved","Dry","No Unusual Conditions","Daylight","Violation Driver 1","Unknown","Unknown","Broadside","Related","Bike","Not Applicable","Not Applicable","South Of","BIKE (SKATEBOARD)"
"683418","CR-0000093011","0","0","0","0","22-180-0793","False","False","0","6/29/2022 6:57:00 PM","No Pedestrians Involved","Dry","No Unusual Conditions","Dark - No Street Light","Violation Driver 1","No Controls Present/Factor","Clear","Broadside","Intersection","Other Vehicle","Not Applicable","Not Applicable","At",""
"683419","CR-0000093012","1","0","0","0","22-180-0829","False","False","0","6/29/2022 7:44:00 PM","No Pedestrians Involved","Dry","No Unusual Conditions","Daylight","Violation Driver 1","Controls Functioning","Clear","Broadside","Intersection","Other Vehicle","Not Applicable","Not Applicable","At",""
"683420","CR-0000093014","0","0","0","0","22-180-0929","False","False","0","6/29/2022 9:56:00 PM","No Pedestrians Involved","Dry","No Unusual Conditions","Dark - Street Light","Unknown","Controls Functioning","Unknown","Sideswipe","Intersection","Other Vehicle","Not Applicable","Not Applicable","At",""
"683421","CR-0000093016","0","0","0","0","22-181-0394","False","False","42","6/30/2022 11:36:00 AM","No Pedestrians Involved","Dry","No Unusual Conditions","Daylight","Violation Driver 1","No Controls Present/Factor","Clear","Rear End","Related","Other Vehicle","Not Applicable","Not Applicable","West Of",""
"683422","CR-0000093018","0","0","1","0","22-181-1013","False","False","0","6/30/2022 10:38:00 PM","Crossing - Not In Crosswalk","Dry","No Unusual Conditions","Dark - Street Light","Pedestrian At Fault","Controls Functioning","Cloudy","Vehicle/Pedestrian","Intersection","Pedestrian","South","North","At",""
"683423","CR-0000093019","0","0","0","0","22-181-1049","False","False","185","6/30/2022 11:24:00 PM","No Pedestrians Involved","Dry","No Unusual Conditions","Dark - Street Light","Violation Driver 1","No Controls Present/Factor","Clear","Head On","Non-Related","Parked Vehicle","Not Applicable","Not Applicable","West Of",""
"683424","CR-0000093020","0","0","0","0","22-164-9706","False","True","150","6/7/2022 11:25:00 AM","No Pedestrians Involved","Dry","No Unusual Conditions","Daylight","Unknown","No Controls Present/Factor","Clear","Sideswipe","Non-Related","Parked Vehicle","Not Applicable","Not Applicable","North Of",""
"683425","CR-0000093021","2","0","0","0","22-159-0531","False","False","0","6/8/2022 2:01:00 PM","No Pedestrians Involved","Dry","No Unusual Conditions","Daylight","Violation Driver 1","Controls Functioning","Clear","Sideswipe","Intersection","Other Vehicle","Not Applicable","Not Applicable","At",""
"683426","CR-0000093022","1","0","0","0","22-159-0971","False","False","0","6/8/2022 9:33:00 PM","No Pedestrians Involved","Dry","No Unusual Conditions","Dark - Street Light","Violation Driver 1","No Controls Present/Factor","Clear","Broadside","Intersection","Other Vehicle","Not Applicable","Not Applicable","At",""
"683427","CR-0000093023","0","0","0","0","22-160-9708","False","True","0","6/8/2022 12:35:00 AM","No Pedestrians Involved","Dry","No Unusual Conditions","Dark - Street Light","Unknown","No Controls Present/Factor","Clear","Rear End","Intersection","Parked Vehicle","Not Applicable","Not Applicable","At",""
"683428","CR-0000093024","1","0","0","0","22-160-0122","False","False","0","6/9/2022 8:19:00 AM","No Pedestrians Involved","Dry","Unknown","Daylight","Violation Driver 1","Controls Functioning","Clear","Broadside","Intersection","Other Vehicle","Not Applicable","Not Applicable","At",""
"683429","CR-0000093025","0","1","0","0","22-160-0218","False","False","0","6/9/2022 9:15:00 AM","No Pedestrians Involved","Dry","No Unusual Conditions","Daylight","Bike At Fault","No Controls Present/Factor","Clear","Broadside","Intersection","Bike","Not Applicable","Not Applicable","At","BIKE"
"683430","CR-0000093026","0","0","0","0","22-160-0911","False","False","0","6/9/2022 9:44:00 PM","No Pedestrians Involved","Dry","No Unusual Conditions","Dark - Street Light","Violation Driver 1","No Controls Present/Factor","Clear","Vehicle/Bike","Intersection","Bike","Not Applicable","Not Applicable","At","BIKE"
"683431","CR-0000093027","0","0","0","0","22-162-9701","False","True","0","6/10/2022 3:00:00 PM","No Pedestrians Involved","Dry","No Unusual Conditions","Daylight","Unknown","No Controls Present/Factor","Clear","Sideswipe","Intersection","Other Vehicle","Not Applicable","Not Applicable","At",""
"683432","CR-0000093028","3","0","0","0","22-162-0409","False","False","0","6/11/2022 11:56:00 AM","No Pedestrians Involved","Dry","Unknown","Daylight","Violation Driver 1","Controls Functioning","Clear","Broadside","Intersection","Other Vehicle","Not Applicable","Not Applicable","At",""
"683433","CR-0000093029","1","0","0","0","22-162-0730","False","False","0","6/11/2022 4:00:00 PM","No Pedestrians Involved","Dry","No Unusual Conditions","Daylight","Violation Driver 1","Controls Functioning","Clear","Broadside","Intersection","Other Vehicle","Not Applicable","Not Applicable","At",""
"683434","CR-0000093031","1","0","0","0","22-077-0847","False","False","0","3/18/2022 8:04:00 PM","No Pedestrians Involved","Dry","No Unusual Conditions","Dark - Street Light","Bike At Fault","No Controls Present/Factor","Clear","Sideswipe","Intersection","Bike","Not Applicable","Not Applicable","At","BIKE"
"683435","CR-0000093030","0","0","0","0","22-164-9704","False","True","51","6/13/2022 4:05:00 AM","No Pedestrians Involved","Dry","No Unusual Conditions","Dusk - Dawn","Unknown","No Controls Present/Factor","Clear","Broadside","Non-Related","Other Vehicle","Not Applicable","Not Applicable","South Of",""
"683436","CR-0000093032","1","0","0","0","22-078-0388","False","False","0","3/19/2022 1:11:00 PM","No Pedestrians Involved","Wet","No Unusual Conditions","Daylight","Violation Driver 1","No Controls Present/Factor","Rain","Sideswipe","Intersection","Other Vehicle","Not Applicable","Not Applicable","At",""
"683437","CR-0000093033","0","0","0","0","22-078-0705","False","False","0","3/19/2022 7:47:00 PM","No Pedestrians Involved","Dry","No Unusual Conditions","Dark - Street Light","Violation Driver 1","No Controls Present/Factor","Clear","Head On","Intersection","Other Vehicle","Not Applicable","Not Applicable","At",""
"683438","CR-0000093035","1","0","0","0","22-078-0803","False","False","72","3/19/2022 9:43:00 PM","No Pedestrians Involved","Wet","No Unusual Conditions","Dark - Street Light","Violation Driver 1","Controls Functioning","Clear","Sideswipe","Non-Related","Other Vehicle","Not Applicable","Not Applicable","South Of",""
"683439","CR-0000093034","0","0","0","0","22-164-9708","False","True","51","6/13/2022 11:30:00 AM","No Pedestrians Involved","Dry","Construction - Repair Zone","Daylight","Unknown","Controls Functioning","Clear","Sideswipe","Non-Related","Other Vehicle","Not Applicable","Not Applicable","South Of",""
"683440","CR-0000093036","2","0","0","0","22-165-0223","False","False","58","6/14/2022 8:20:00 AM","No Pedestrians Involved","Dry","Unknown","Daylight","Unknown","Controls Not Functioning","Clear","Broadside","Non-Related","Other Vehicle","Not Applicable","Not Applicable","East Of",""
"683441","CR-0000093038","0","0","0","0","22-078-0815","False","False","100","3/19/2022 10:05:00 PM","No Pedestrians Involved","Wet","No Unusual Conditions","Dark - Street Light","Violation Driver 1","No Controls Present/Factor","Rain","Rear End","Non-Related","Parked Vehicle","Not Applicable","Not Applicable","North Of",""
"683442","CR-0000093037","2","0","0","0","22-165-0727","False","False","0","6/14/2022 5:27:00 PM","No Pedestrians Involved","Dry","No Unusual Conditions","Daylight","Violation Driver 1","Unknown","Clear","Broadside","Intersection","Other Vehicle","Not Applicable","Not Applicable","At",""
"683443","CR-0000093039","0","0","0","0","22-079-0254","False","False","188","3/20/2022 8:55:00 AM","No Pedestrians Involved","Dry","Unknown","Daylight","Violation Driver 1","No Controls Present/Factor","Clear","Sideswipe","Non-Related","Parked Vehicle","Not Applicable","Not Applicable","North Of",""
"683444","CR-0000093040","0","2","0","0","22-079-0939","True","False","39","3/20/2022 11:36:00 PM","No Pedestrians Involved","Dry","No Unusual Conditions","Dark - Street Light","Violation Driver 1","Controls Functioning","Clear","Hit Object","Related","Fixed Object","Not Applicable","Not Applicable","North Of","TREE"
"683445","CR-0000093041","0","0","0","0","22-079-0949","False","False","144","3/20/2022 11:46:00 PM","No Pedestrians Involved","Dry","No Unusual Conditions","Dark - Street Light","Violation Driver 1","No Controls Present/Factor","Clear","Hit Object","Non-Related","Fixed Object","Not Applicable","Not Applicable","South Of","Telephone Pole"
"683446","CR-0000093042","0","0","0","0","22-080-0080","False","False","90","3/21/2022 2:52:00 AM","No Pedestrians Involved","Dry","No Unusual Conditions","Dark - Street Light","Violation Driver 1","Controls Functioning","Clear","Hit Object","Non-Related","Fixed Object","Not Applicable","Not Applicable","West Of","Curb"
"683447","CR-0000093043","0","0","0","0","22-079-0194","False","False","200","3/21/2022 4:03:00 AM","No Pedestrians Involved","Dry","No Unusual Conditions","Dark - Street Light","Violation Driver 1","Unknown","Clear","Rear End","Non-Related","Parked Vehicle","Not Applicable","Not Applicable","East Of",""
"683448","CR-0000093044","0","0","0","0","22-080-0200","False","False","33","3/21/2022 8:12:00 AM","No Pedestrians Involved","Dry","No Unusual Conditions","Daylight","Violation Driver 1","No Controls Present/Factor","Clear","Head On","Related","Parked Vehicle","Not Applicable","Not Applicable","South Of",""
"683449","CR-0000093045","1","1","0","0","22-080-0381","False","False","0","3/21/2022 11:13:00 AM","No Pedestrians Involved","Dry","No Unusual Conditions","Daylight","Violation Driver 1","Controls Functioning","Clear","Head On","Intersection","Other Vehicle","Not Applicable","Not Applicable","At",""
"683450","CR-0000093046","0","0","0","0","22-081-0078","False","False","60","3/22/2022 2:11:00 AM","No Pedestrians Involved","Dry","No Unusual Conditions","Dark - Street Light","Violation Driver 1","Controls Functioning","Clear","Sideswipe","Non-Related","Parked Vehicle","Not Applicable","Not Applicable","East Of",""
"683451","CR-0000093047","0","0","0","0","22-081-0726","False","False","0","3/22/2022 5:25:00 PM","No Pedestrians Involved","Dry","No Unusual Conditions","Daylight","Violation Driver 1","Controls Functioning","Clear","Sideswipe","Intersection","Other Vehicle","Not Applicable","Not Applicable","At",""
"683452","CR-0000093048","0","0","0","0","22-082-9702","False","True","0","3/22/2022 6:58:00 PM","No Pedestrians Involved","Dry","No Unusual Conditions","Dusk - Dawn","Unknown","No Controls Present/Factor","Clear","Rear End","Intersection","Other Vehicle","Not Applicable","Not Applicable","At",""
"683453","CR-0000093049","0","0","0","0","22-082-0137","False","False","0","3/23/2022 5:19:00 AM","No Pedestrians Involved","Dry","No Unusual Conditions","Dark - Street Light","Violation Driver 1","Controls Functioning","Clear","Broadside","Intersection","Other Vehicle","Not Applicable","Not Applicable","At",""
"683454","CR-0000093050","2","0","0","0","22-820-0786","False","False","59","3/23/2022 5:37:00 PM","No Pedestrians Involved","Dry","No Unusual Conditions","Daylight","Violation Driver 1","Controls Functioning","Clear","Head On","Non-Related","Motor Vehicle On Other Roadway","Not Applicable","Not Applicable","East Of",""
"683455","CR-0000093051","0","0","0","0","22-082-0972","False","False","0","3/23/2022 9:12:00 PM","No Pedestrians Involved","Dry","No Unusual Conditions","Dark - Street Light","Violation Driver 1","Controls Functioning","Clear","Sideswipe","Intersection","Parked Vehicle","Not Applicable","Not Applicable","At",""
"683456","CR-0000093052","0","0","0","0","22-166-9701","False","True","","6/14/2022 9:00:00 AM","No Pedestrians Involved","Dry","No Unusual Conditions","Daylight","Unknown","Controls Functioning","Clear","Sideswipe","Related","Other Vehicle","Not Applicable","Not Applicable","South Of",""
"683457","CR-0000093053","0","1","0","0","22-166-0624","False","False","0","6/15/2022 5:18:00 PM","No Pedestrians Involved","Dry","No Unusual Conditions","Daylight","Bike At Fault","Controls Functioning","Clear","Broadside","Intersection","Scooter Motorized","Not Applicable","Not Applicable","At","BIKE (MOTORIZED SCOOTER)"
"683458","CR-0000093054","1","0","0","0","22-083-0036","True","False","30","3/24/2022 12:49:00 AM","No Pedestrians Involved","Dry","No Unusual Conditions","Dark - Street Light","Violation Driver 1","Controls Functioning","Clear","Hit Object","Related","Fixed Object","Not Applicable","Not Applicable","West Of",""
"683459","CR-0000093056","0","1","0","0","22-083-0194","False","False","0","3/24/2022 8:04:00 AM","No Pedestrians Involved","Dry","No Unusual Conditions","Daylight","Violation Driver 1","Controls Functioning","Clear","Rear End","Intersection","Other Vehicle","Not Applicable","Not Applicable","At",""
"683460","CR-0000093055","1","0","0","0","22-083-0182","False","False","0","3/24/2022 7:50:00 AM","No Pedestrians Involved","Dry","No Unusual Conditions","Daylight","Violation Driver 1","Controls Functioning","Clear","Broadside","Intersection","Scooter Motorized","Not Applicable","Not Applicable","At","E. Scooter"
"683461","CR-0000093057","2","0","0","0","22-083-0532","False","False","0","3/24/2022 2:07:00 PM","No Pedestrians Involved","Dry","No Unusual Conditions","Daylight","Violation Driver 1","No Controls Present/Factor","Clear","Broadside","Intersection","Other Vehicle","Not Applicable","Not Applicable","At",""
"683462","CR-0000093058","2","2","0","0","22-083-0546","False","False","0","3/24/2022 2:22:00 PM","No Pedestrians Involved","Dry","No Unusual Conditions","Daylight","Violation Driver 1","Controls Functioning","Clear","Broadside","Intersection","Other Vehicle","Not Applicable","Not Applicable","At",""
"683463","CR-0000093059","2","0","0","0","22-083-0903","False","False","0","3/24/2022 7:50:00 PM","No Pedestrians Involved","Dry","No Unusual Conditions","Dark - Street Light","Unknown","No Controls Present/Factor","Clear","Head On","Intersection","Other Vehicle","Not Applicable","Not Applicable","At",""
"683464","CR-0000093060","0","0","0","0","22-171-9701","False","True","","6/17/2022 1:28:00 PM","No Pedestrians Involved","Dry","No Unusual Conditions","Daylight","Unknown","Controls Functioning","Clear","Other","Related","Other Vehicle","Not Applicable","Not Applicable","North Of",""
"683465","CR-0000093061","0","0","0","0","22-171-9709","False","True","262","6/20/2022 1:25:00 PM","No Pedestrians Involved","Dry","No Unusual Conditions","Daylight","Unknown","Controls Functioning","Clear","Sideswipe","Non-Related","Other Vehicle","Not Applicable","Not Applicable","East Of",""
"683466","CR-0000093062","1","0","0","0","22-084-0465","False","False","200","3/25/2022 1:54:00 PM","No Pedestrians Involved","Dry","No Unusual Conditions","Daylight","Violation Driver 1","No Controls Present/Factor","Clear","Rear End","Non-Related","Other Vehicle","Not Applicable","Not Applicable","North Of",""
"683467","CR-0000093064","0","0","0","0","22-084-0975","False","False","22","3/25/2022 11:18:00 PM","No Pedestrians Involved","Dry","No Unusual Conditions","Dark - No Street Light","Violation Driver 1","No Controls Present/Factor","Clear","Sideswipe","Related","Parked Vehicle","Not Applicable","Not Applicable","East Of",""
"683468","CR-0000093065","2","0","2","0","22-085-0065","True","False","200","3/26/2022 1:28:00 AM","No Pedestrians Involved","Dry","No Unusual Conditions","Dark - Street Light","Violation Driver 1","Controls Functioning","Clear","Head On","Non-Related","Fixed Object","Not Applicable","Not Applicable","West Of",""
"683469","CR-0000093063","0","1","0","0","22-173-0969","False","False","0","6/22/2022 9:49:00 PM","Crossing - Not In Crosswalk","Dry","No Unusual Conditions","Dark - Street Light","Violation Driver 1","Controls Functioning","Clear","Sideswipe","Intersection","Pedestrian","Unknown","Unknown","At","PEDESTRIAN"
"683470","CR-0000093066","2","0","0","0","22-085-0016","False","False","230","3/26/2022 12:18:00 AM","No Pedestrians Involved","Dry","No Unusual Conditions","Dark - Street Light","Violation Driver 1","Controls Functioning","Clear","Broadside","Non-Related","Other Vehicle","Not Applicable","Not Applicable","South Of",""
"683471","CR-0000093067","1","0","0","0","22-180-0445","False","False","0","6/29/2022 1:09:00 PM","No Pedestrians Involved","Dry","Unknown","Daylight","Unknown","Controls Functioning","Clear","Sideswipe","Intersection","Other Vehicle","Not Applicable","Not Applicable","At",""
"683472","CR-0000093068","0","0","0","0","22-217-4001","False","True","0","8/4/2022 5:55:00 PM","No Pedestrians Involved","Unknown","Unknown","Daylight","Unknown","Unknown","Unknown","Rear End","Intersection","Other Vehicle","Not Applicable","Not Applicable","At",""
"683473","CR-0000093069","0","0","0","0","22-219-4001","False","True","","8/6/2022 11:00:00 PM","No Pedestrians Involved","Unknown","Unknown","Unknown","Unknown","Unknown","Unknown","Rear End","Related","Parked Vehicle","Not Applicable","Not Applicable","South Of",""
"683474","CR-0000093070","0","0","0","0","22-219-4004","False","True","51","8/7/2022 8:15:00 PM","No Pedestrians Involved","Unknown","Unknown","Unknown","Unknown","Unknown","Unknown","Rear End","Non-Related","Parked Vehicle","Not Applicable","Not Applicable","South Of",""
"683475","CR-0000093071","0","0","0","0","22-218-4001","False","True","51","8/6/2022 11:25:00 AM","No Pedestrians Involved","Unknown","Unknown","Daylight","Unknown","Unknown","Unknown","Sideswipe","Non-Related","Other Vehicle","Not Applicable","Not Applicable","South Of",""
"683476","CR-0000093072","0","0","0","0","22-218-4003","False","True","51","8/6/2022 10:20:00 AM","No Pedestrians Involved","Unknown","Unknown","Daylight","Unknown","Unknown","Unknown","Sideswipe","Non-Related","Other Vehicle","Not Applicable","Not Applicable","West Of",""
"683477","CR-0000093073","0","0","0","0","22-218-4002","False","True","51","8/6/2022 10:30:00 AM","No Pedestrians Involved","Unknown","Unknown","Daylight","Unknown","Unknown","Unknown","Sideswipe","Non-Related","Other Vehicle","Not Applicable","Not Applicable","West Of",""
"683478","CR-0000093074","0","0","0","0","22-217-4003","False","True","0","8/4/2022 7:00:00 PM","No Pedestrians Involved","Unknown","Unknown","Unknown","Unknown","Unknown","Unknown","Broadside","Intersection","Other Vehicle","Not Applicable","Not Applicable","At",""
"683479","CR-0000093075","0","0","0","0","22-212-4002","False","True","0","7/30/2022 1:21:00 PM","No Pedestrians Involved","Unknown","Unknown","Daylight","Unknown","Unknown","Unknown","Rear End","Intersection","Other Vehicle","Not Applicable","Not Applicable","At",""
"683480","CR-0000093076","0","0","0","0","22-213-4006","False","True","0","7/27/2022 10:40:00 PM","No Pedestrians Involved","Unknown","Unknown","Unknown","Unknown","Unknown","Unknown","Broadside","Intersection","Other Vehicle","Not Applicable","Not Applicable","At",""
"683481","CR-0000093077","0","0","0","0","22-215-4000","False","True","","8/3/2022 4:00:00 AM","No Pedestrians Involved","Unknown","Unknown","Unknown","Unknown","Unknown","Unknown","Other","Related","Other Vehicle","Not Applicable","Not Applicable","North Of",""
"683482","CR-0000093078","0","0","0","0","22-214-4003","False","True","51","8/1/2022 1:40:00 PM","No Pedestrians Involved","Unknown","Unknown","Daylight","Unknown","Unknown","Unknown","Rear End","Non-Related","Other Vehicle","Not Applicable","Not Applicable","West Of",""
"683483","CR-0000093079","0","0","0","0","22-215-4001","False","True","51","8/3/2022 3:15:00 PM","No Pedestrians Involved","Unknown","Unknown","Daylight","Unknown","Unknown","Unknown","Broadside","Non-Related","Other Vehicle","Not Applicable","Not Applicable","West Of",""
"683484","CR-0000093080","0","0","0","0","22-215-4004","False","True","51","8/3/2022 11:15:00 PM","No Pedestrians Involved","Unknown","Unknown","Unknown","Unknown","Unknown","Unknown","Sideswipe","Non-Related","Other Vehicle","Not Applicable","Not Applicable","South Of",""
"683485","CR-0000093081","0","0","0","0","22-216-4002","False","True","","8/4/2022 6:05:00 AM","No Pedestrians Involved","Unknown","Unknown","Unknown","Unknown","Unknown","Unknown","Rear End","Related","Other Vehicle","Unknown","Unknown","West Of",""
"683486","CR-0000093082","1","0","0","0","22-182-0522","False","False","22","7/1/2022 2:25:00 PM","No Pedestrians Involved","Dry","Other","Daylight","Unknown","Controls Functioning","Clear","Other","Related","Motorcycle","Not Applicable","Not Applicable","North Of",""
"683487","CR-0000093084","0","1","0","0","22-183-0839","False","False","46","7/2/2022 9:16:00 PM","No Pedestrians Involved","Dry","No Unusual Conditions","Dark - Street Light","Violation Driver 1","No Controls Present/Factor","Clear","Sideswipe","Related","Parked Vehicle","Not Applicable","Not Applicable","North Of",""
"683488","CR-0000093087","1","0","0","0","22-162-0898","True","False","450","6/11/2022 9:50:00 PM","No Pedestrians Involved","Dry","No Unusual Conditions","Dark - Street Light","Violation Driver 1","No Controls Present/Factor","Clear","Hit Object","Non-Related","Fixed Object","Not Applicable","Not Applicable","South Of","Light Pole"
"683489","CR-0000093088","0","0","0","0","21-163-0498","False","False","0","6/12/2021 2:57:00 PM","No Pedestrians Involved","Dry","No Unusual Conditions","Daylight","Violation Driver 1","No Controls Present/Factor","Clear","Rear End","Intersection","Other Vehicle","Not Applicable","Not Applicable","At",""
"683490","CR-0000093089","0","0","0","0","22-185-0924","False","False","230","7/4/2022 9:02:00 PM","No Pedestrians Involved","Dry","No Unusual Conditions","Dark - Street Light","Violation Driver 1","No Controls Present/Factor","Clear","Rear End","Non-Related","Parked Vehicle","Not Applicable","Not Applicable","North Of",""
"683491","CR-0000093090","0","0","0","0","22-188-0074","False","False","550","7/7/2022 2:02:00 AM","No Pedestrians Involved","Dry","No Unusual Conditions","Dark - Street Light","Violation Driver 1","No Controls Present/Factor","Clear","Sideswipe","Non-Related","Parked Vehicle","Not Applicable","Not Applicable","North Of",""
"683492","CR-0000093092","0","0","0","0","22-192-0020","True","False","60","7/11/2022 12:18:00 AM","No Pedestrians Involved","Dry","No Unusual Conditions","Dark - Street Light","Violation Driver 1","Controls Functioning","Clear","Head On","Non-Related","Fixed Object","Not Applicable","Not Applicable","South Of","GUARD RAIL"
"683493","CR-0000093091","1","0","0","0","22-189-0997","True","False","88","7/8/2022 11:08:00 PM","No Pedestrians Involved","Dry","No Unusual Conditions","Dark - Street Light","Violation Driver 1","Controls Functioning","Clear","Head On","Non-Related","Fixed Object","Not Applicable","Not Applicable","South Of","LIGHT POLE/BUS STOP"
"683494","CR-0000093093","0","0","0","0","22-183-4002","False","False","25","7/2/2022 12:40:00 PM","No Pedestrians Involved","Unknown","Unknown","Unknown","Unknown","Unknown","Unknown","Other","Related","Unknown","Not Applicable","Not Applicable","East Of",""
"683495","CR-0000093086","0","0","0","0","22-184-4002","False","False","51","7/3/2022 10:00:00 AM","No Pedestrians Involved","Unknown","Unknown","Unknown","Unknown","Unknown","Unknown","Other","Non-Related","Unknown","Not Applicable","Not Applicable","West Of",""
"683496","CR-0000093085","0","0","0","0","22-124-4000","False","False","51","7/3/2022 12:00:00 PM","No Pedestrians Involved","Unknown","Unknown","Unknown","Unknown","Unknown","Unknown","Other","Non-Related","Unknown","Not Applicable","Not Applicable","East Of",""
"683497","CR-0000093094","0","0","0","0","22-192-0046","False","False","195","7/11/2022 12:40:00 AM","No Pedestrians Involved","Dry","No Unusual Conditions","Dark - Street Light","Violation Driver 1","No Controls Present/Factor","Clear","Sideswipe","Non-Related","Parked Vehicle","Not Applicable","Not Applicable","West Of",""
"683498","CR-0000093095","0","0","0","0","22-193-0544","False","False","32","7/12/2022 3:05:00 PM","No Pedestrians Involved","Dry","No Unusual Conditions","Daylight","Unknown","Controls Functioning","Clear","Rear End","Related","Parked Vehicle","Not Applicable","Not Applicable","West Of",""
"683499","CR-0000093096","0","0","0","0","22-193-0778","False","False","406","7/12/2022 6:07:00 PM","No Pedestrians Involved","Dry","No Unusual Conditions","Daylight","Violation Driver 1","Unknown","Clear","Sideswipe","Non-Related","Parked Vehicle","Not Applicable","Not Applicable","North Of",""
"683500","CR-0000093097","4","0","0","0","22-193-0785","False","False","0","7/12/2022 7:11:00 PM","No Pedestrians Involved","Dry","No Unusual Conditions","Daylight","Violation Driver 1","Controls Functioning","Clear","Broadside","Intersection","Other Vehicle","Not Applicable","Not Applicable","North Of",""
"683501","CR-0000093098","1","0","0","0","22-194-0327","False","False","0","7/13/2022 10:44:00 AM","No Pedestrians Involved","Dry","No Unusual Conditions","Daylight","Violation Driver 1","Controls Functioning","Clear","Broadside","Intersection","Other Vehicle","Not Applicable","Not Applicable","At",""
"683502","CR-0000093099","0","0","0","0","22-194-0464","False","False","90","7/13/2022 2:29:00 PM","No Pedestrians Involved","Dry","No Unusual Conditions","Daylight","Violation Driver 1","No Controls Present/Factor","Clear","Hit Object","Non-Related","Parked Vehicle","Not Applicable","Not Applicable","West Of",""
"683503","CR-0000093100","0","0","0","0","22-194-0634","False","False","0","7/13/2022 4:47:00 PM","No Pedestrians Involved","Dry","No Unusual Conditions","Daylight","Violation Driver 1","Controls Functioning","Clear","Sideswipe","Intersection","Other Vehicle","Not Applicable","Not Applicable","At",""
"683504","CR-0000093101","0","1","0","0","22-195-0774","False","False","45","7/14/2022 7:05:00 PM","Crossing - Not In Crosswalk","Dry","No Unusual Conditions","Daylight","Violation Driver 1","No Controls Present/Factor","Clear","Vehicle/Pedestrian","Related","Pedestrian","North","South","West Of","PEDESTRIAN"
"683505","CR-0000093102","0","0","0","0","22-196-0181","False","False","175","7/15/2022 2:00:00 AM","No Pedestrians Involved","Dry","No Unusual Conditions","Daylight","Violation Driver 1","Controls Functioning","Clear","Sideswipe","Non-Related","Other Vehicle","Not Applicable","Not Applicable","West Of",""